-- phpMyAdmin SQL Dump
-- version 2.11.6
-- http://www.phpmyadmin.net
--
-- Servidor: localhost
-- Tiempo de generación: 30-03-2016 a las 13:19:29
-- Versión del servidor: 5.0.51
-- Versión de PHP: 5.2.6

SET SQL_MODE="NO_AUTO_VALUE_ON_ZERO";

--
-- Base de datos: `bolsa_trabajo`
--

-- --------------------------------------------------------

--
-- Estructura de tabla para la tabla `cat_escuela`
--

CREATE TABLE `cat_escuela` (
  `id_cat_estudios` int(11) NOT NULL,
  `nivel_academico` enum('Preescolar','Primaria','Secundaria','Educaci½n','Especial','Bachillerato','Educaci½n_Normal','Universidad') collate utf8_spanish_ci default NULL,
  `activo` enum('S','N') collate utf8_spanish_ci default NULL,
  `fecha_creacion` datetime default NULL,
  `fecha_modificacion` timestamp NOT NULL default CURRENT_TIMESTAMP on update CURRENT_TIMESTAMP,
  PRIMARY KEY  (`id_cat_estudios`)
) ENGINE=InnoDB DEFAULT CHARSET=utf8 COLLATE=utf8_spanish_ci;

--
-- Volcar la base de datos para la tabla `cat_escuela`
--


-- --------------------------------------------------------

--
-- Estructura de tabla para la tabla `estados`
--

CREATE TABLE `estados` (
  `id` int(11) NOT NULL auto_increment,
  `clave` varchar(2) NOT NULL,
  `nombre` varchar(45) NOT NULL,
  `abrev` varchar(16) NOT NULL,
  PRIMARY KEY  (`id`)
) ENGINE=MyISAM  DEFAULT CHARSET=utf8 COMMENT='Tabla de Estados de la Repœblica Mexicana' AUTO_INCREMENT=33 ;

--
-- Volcar la base de datos para la tabla `estados`
--

INSERT INTO `estados` (`id`, `clave`, `nombre`, `abrev`) VALUES
(1, '01', 'Aguascalientes', 'Ags.'),
(2, '02', 'Baja California', 'BC'),
(3, '03', 'Baja California Sur', 'BCS'),
(4, '04', 'Campeche', 'Camp.'),
(5, '05', 'Coahuila de Zaragoza', 'Coah.'),
(6, '06', 'Colima', 'Col.'),
(7, '07', 'Chiapas', 'Chis.'),
(8, '08', 'Chihuahua', 'Chih.'),
(9, '09', 'Distrito Federal', 'DF'),
(10, '10', 'Durango', 'Dgo.'),
(11, '11', 'Guanajuato', 'Gto.'),
(12, '12', 'Guerrero', 'Gro.'),
(13, '13', 'Hidalgo', 'Hgo.'),
(14, '14', 'Jalisco', 'Jal.'),
(15, '15', 'Mexico', 'Mex.'),
(16, '16', 'Michoacan de Ocampo', 'Mich.'),
(17, '17', 'Morelos', 'Mor.'),
(18, '18', 'Nayarit', 'Nay.'),
(19, '19', 'Nuevo Leon', 'NL'),
(20, '20', 'Oaxaca', 'Oax.'),
(21, '21', 'Puebla', 'Pue.'),
(22, '22', 'Queretaro', 'Qro.'),
(23, '23', 'Quintana Roo', 'Q. Roo'),
(24, '24', 'San Luis Potosi', 'SLP'),
(25, '25', 'Sinaloa', 'Sin.'),
(26, '26', 'Sonora', 'Son.'),
(27, '27', 'Tabasco', 'Tab.'),
(28, '28', 'Tamaulipas', 'Tamps.'),
(29, '29', 'Tlaxcala', 'Tlax.'),
(30, '30', 'Veracruz de Ignacio de la Llave', 'Ver.'),
(31, '31', 'Yucatan', 'Yuc.'),
(32, '32', 'Zacatecas', 'Zac.');

-- --------------------------------------------------------

--
-- Estructura de tabla para la tabla `geo_cat_estados`
--

CREATE TABLE `geo_cat_estados` (
  `id_estado` tinyint(3) unsigned NOT NULL,
  `clave` varchar(5) collate utf8_spanish_ci NOT NULL,
  `nombre_estado` varchar(50) collate utf8_spanish_ci NOT NULL,
  `meta_militantes` int(10) unsigned default NULL,
  `meta_circulo` int(10) unsigned default NULL,
  `id_coordinador` int(10) unsigned default NULL,
  `id_subcoordinador` int(10) unsigned default NULL,
  `cantidad_hogares` int(10) unsigned default NULL,
  `cantidad_simpatizantes` int(10) unsigned default NULL,
  `cantidad_hogares_simpatizantes` int(10) unsigned default NULL,
  `indice_marginacion` int(10) unsigned default NULL,
  `activo` enum('S','N') collate utf8_spanish_ci NOT NULL,
  `fecha_creacion` datetime default NULL,
  `fecha_modificacion` timestamp NOT NULL default CURRENT_TIMESTAMP on update CURRENT_TIMESTAMP
) ENGINE=InnoDB DEFAULT CHARSET=utf8 COLLATE=utf8_spanish_ci;

--
-- Volcar la base de datos para la tabla `geo_cat_estados`
--

INSERT INTO `geo_cat_estados` (`id_estado`, `clave`, `nombre_estado`, `meta_militantes`, `meta_circulo`, `id_coordinador`, `id_subcoordinador`, `cantidad_hogares`, `cantidad_simpatizantes`, `cantidad_hogares_simpatizantes`, `indice_marginacion`, `activo`, `fecha_creacion`, `fecha_modificacion`) VALUES
(1, 'AGS', 'Aguascalientes', 0, 0, NULL, NULL, NULL, NULL, NULL, NULL, 'S', '2015-02-07 14:34:03', '2015-07-21 12:03:51'),
(2, 'BC', 'Baja California', 0, 0, NULL, NULL, NULL, NULL, NULL, NULL, 'S', '2015-02-07 14:34:03', '2015-07-21 11:59:07'),
(3, 'BCS', 'Baja California Sur', 0, 0, NULL, NULL, NULL, NULL, NULL, NULL, 'S', '2015-02-07 14:34:03', '2015-07-21 11:59:14'),
(4, 'CAM', 'Campeche', 0, 0, NULL, NULL, NULL, NULL, NULL, NULL, 'S', '2015-02-07 14:34:03', '2015-07-21 12:05:44');

-- --------------------------------------------------------

--
-- Estructura de tabla para la tabla `geo_cat_municipios`
--

CREATE TABLE `geo_cat_municipios` (
  `id_estado` tinyint(3) unsigned NOT NULL,
  `id_municipio` smallint(11) unsigned NOT NULL,
  `nombre_municipio` varchar(100) collate utf8_spanish_ci NOT NULL,
  `activo` enum('S','N') collate utf8_spanish_ci NOT NULL,
  `fecha_creacion` datetime default NULL,
  `fecha_modificacion` timestamp NOT NULL default CURRENT_TIMESTAMP on update CURRENT_TIMESTAMP
) ENGINE=MyISAM DEFAULT CHARSET=utf8 COLLATE=utf8_spanish_ci;

--
-- Volcar la base de datos para la tabla `geo_cat_municipios`
--

INSERT INTO `geo_cat_municipios` (`id_estado`, `id_municipio`, `nombre_municipio`, `activo`, `fecha_creacion`, `fecha_modificacion`) VALUES
(1, 1, 'AGUASCALIENTES', 'S', '2015-06-11 15:45:58', '2015-06-12 01:45:58'),
(1, 2, 'ASIENTOS', 'S', '2015-06-11 15:45:58', '2015-06-12 01:45:58'),
(1, 3, 'CALVILLO', 'S', '2015-06-11 15:45:58', '2015-06-12 01:45:58'),
(1, 4, 'COSIO', 'S', '2015-06-11 15:45:58', '2015-06-12 01:45:58'),
(1, 5, 'JESUS MARIA', 'S', '2015-06-11 15:45:58', '2015-06-12 01:45:58'),
(1, 10, 'SAN FRANCISCO DE LOS ROMO', 'S', '2015-06-11 15:45:58', '2015-06-12 01:45:58'),
(1, 6, 'PABELLON DE ARTEAGA', 'S', '2015-06-11 15:45:58', '2015-06-12 01:45:58'),
(1, 7, 'RINCON DE ROMOS', 'S', '2015-06-11 15:45:58', '2015-06-12 01:45:58'),
(1, 8, 'SAN JOSE DE GRACIA', 'S', '2015-06-11 15:45:58', '2015-06-12 01:45:58'),
(1, 9, 'TEPEZALA', 'S', '2015-06-11 15:45:58', '2015-06-12 01:45:58'),
(1, 11, 'EL LLANO', 'S', '2015-06-11 15:45:58', '2015-06-12 01:45:58'),
(2, 1, 'ENSENADA', 'S', '2015-06-11 15:45:58', '2015-06-12 01:45:58'),
(2, 2, 'MEXICALI', 'S', '2015-06-11 15:45:58', '2015-06-12 01:45:58'),
(2, 3, 'TECATE', 'S', '2015-06-11 15:45:58', '2015-06-12 01:45:58'),
(2, 4, 'TIJUANA', 'S', '2015-06-11 15:45:58', '2015-06-12 01:45:58'),
(2, 5, 'PLAYAS DE ROSARITO', 'S', '2015-06-11 15:45:58', '2015-06-12 01:45:58'),
(3, 1, 'COMONDU', 'S', '2015-06-11 15:45:58', '2015-06-12 01:45:58'),
(3, 2, 'MULEGE', 'S', '2015-06-11 15:45:58', '2015-06-12 01:45:58'),
(3, 3, 'LA PAZ', 'S', '2015-06-11 15:45:58', '2015-06-12 01:45:58'),
(3, 4, 'LOS CABOS', 'S', '2015-06-11 15:45:58', '2015-06-12 01:45:58'),
(3, 5, 'LORETO', 'S', '2015-06-11 15:45:58', '2015-06-12 01:45:58'),
(4, 1, 'CAMPECHE', 'S', '2015-06-11 15:45:58', '2015-06-12 01:45:58'),
(4, 2, 'CALKINI', 'S', '2015-06-11 15:45:58', '2015-06-12 01:45:58'),
(4, 3, 'CARMEN', 'S', '2015-06-11 15:45:58', '2015-06-12 01:45:58'),
(4, 10, 'CANDELARIA', 'S', '2015-06-11 15:45:58', '2015-06-12 01:45:58'),
(4, 4, 'CHAMPOTON', 'S', '2015-06-11 15:45:58', '2015-06-12 01:45:58'),
(4, 9, 'ESCARCEGA', 'S', '2015-06-11 15:45:58', '2015-06-12 01:45:58'),
(4, 11, 'CALAKMUL', 'S', '2015-06-11 15:45:58', '2015-06-12 01:45:58'),
(4, 5, 'HECELCHAKAN', 'S', '2015-06-11 15:45:58', '2015-06-12 01:45:58'),
(4, 6, 'HOPELCHEN', 'S', '2015-06-11 15:45:58', '2015-06-12 01:45:58'),
(4, 7, 'PALIZADA', 'S', '2015-06-11 15:45:58', '2015-06-12 01:45:58'),
(4, 8, 'TENABO', 'S', '2015-06-11 15:45:58', '2015-06-12 01:45:58'),
(5, 1, 'ABASOLO', 'S', '2015-06-11 15:45:58', '2015-06-12 01:45:58'),
(5, 2, 'ACU¾A', 'S', '2015-06-11 15:45:58', '2015-06-12 01:45:58'),
(5, 3, 'ALLENDE', 'S', '2015-06-11 15:45:58', '2015-06-12 01:45:58'),
(5, 4, 'ARTEAGA', 'S', '2015-06-11 15:45:58', '2015-06-12 01:45:58'),
(5, 5, 'CANDELA', 'S', '2015-06-11 15:45:58', '2015-06-12 01:45:58'),
(5, 6, 'CASTA¾OS', 'S', '2015-06-11 15:45:58', '2015-06-12 01:45:58'),
(5, 7, 'CUATROCIENEGAS', 'S', '2015-06-11 15:45:58', '2015-06-12 01:45:58'),
(5, 8, 'ESCOBEDO', 'S', '2015-06-11 15:45:58', '2015-06-12 01:45:58'),
(5, 9, 'FRANCISCO I. MADERO', 'S', '2015-06-11 15:45:58', '2015-06-12 01:45:58'),
(5, 10, 'FRONTERA', 'S', '2015-06-11 15:45:58', '2015-06-12 01:45:58'),
(5, 11, 'GENERAL CEPEDA', 'S', '2015-06-11 15:45:58', '2015-06-12 01:45:58'),
(5, 12, 'GUERRERO', 'S', '2015-06-11 15:45:58', '2015-06-12 01:45:58'),
(5, 13, 'HIDALGO', 'S', '2015-06-11 15:45:58', '2015-06-12 01:45:58'),
(5, 14, 'JIMENEZ', 'S', '2015-06-11 15:45:58', '2015-06-12 01:45:58'),
(5, 15, 'JUAREZ', 'S', '2015-06-11 15:45:58', '2015-06-12 01:45:58'),
(5, 16, 'LAMADRID', 'S', '2015-06-11 15:45:58', '2015-06-12 01:45:58'),
(5, 17, 'MATAMOROS', 'S', '2015-06-11 15:45:58', '2015-06-12 01:45:58'),
(5, 18, 'MONCLOVA', 'S', '2015-06-11 15:45:58', '2015-06-12 01:45:58'),
(5, 19, 'MORELOS', 'S', '2015-06-11 15:45:58', '2015-06-12 01:45:58'),
(5, 20, 'MUZQUIZ', 'S', '2015-06-11 15:45:58', '2015-06-12 01:45:58'),
(5, 21, 'NADADORES', 'S', '2015-06-11 15:45:58', '2015-06-12 01:45:58'),
(5, 22, 'NAVA', 'S', '2015-06-11 15:45:58', '2015-06-12 01:45:58'),
(5, 23, 'OCAMPO', 'S', '2015-06-11 15:45:58', '2015-06-12 01:45:58'),
(5, 24, 'PARRAS', 'S', '2015-06-11 15:45:58', '2015-06-12 01:45:58'),
(5, 25, 'PIEDRAS NEGRAS', 'S', '2015-06-11 15:45:58', '2015-06-12 01:45:58'),
(5, 26, 'PROGRESO', 'S', '2015-06-11 15:45:58', '2015-06-12 01:45:58'),
(5, 27, 'RAMOS ARIZPE', 'S', '2015-06-11 15:45:58', '2015-06-12 01:45:58'),
(5, 28, 'SABINAS', 'S', '2015-06-11 15:45:58', '2015-06-12 01:45:58'),
(5, 29, 'SACRAMENTO', 'S', '2015-06-11 15:45:58', '2015-06-12 01:45:58'),
(5, 30, 'SALTILLO', 'S', '2015-06-11 15:45:58', '2015-06-12 01:45:58'),
(5, 31, 'SAN BUENAVENTURA', 'S', '2015-06-11 15:45:58', '2015-06-12 01:45:58'),
(5, 32, 'SAN JUAN DE SABINAS', 'S', '2015-06-11 15:45:58', '2015-06-12 01:45:58'),
(5, 33, 'SAN PEDRO', 'S', '2015-06-11 15:45:58', '2015-06-12 01:45:58'),
(5, 34, 'SIERRA MOJADA', 'S', '2015-06-11 15:45:58', '2015-06-12 01:45:58'),
(5, 35, 'TORREON', 'S', '2015-06-11 15:45:58', '2015-06-12 01:45:58'),
(5, 36, 'VIESCA', 'S', '2015-06-11 15:45:58', '2015-06-12 01:45:58'),
(5, 37, 'VILLA UNION', 'S', '2015-06-11 15:45:58', '2015-06-12 01:45:58'),
(5, 38, 'ZARAGOZA', 'S', '2015-06-11 15:45:58', '2015-06-12 01:45:58'),
(6, 1, 'COLIMA', 'S', '2015-06-11 15:45:58', '2015-06-12 01:45:58'),
(6, 2, 'COMALA', 'S', '2015-06-11 15:45:58', '2015-06-12 01:45:58'),
(6, 3, 'COQUIMATLAN', 'S', '2015-06-11 15:45:58', '2015-06-12 01:45:58'),
(6, 4, 'CUAUHTEMOC', 'S', '2015-06-11 15:45:58', '2015-06-12 01:45:58'),
(6, 5, 'VILLA DE ALVAREZ', 'S', '2015-06-11 15:45:58', '2015-06-12 01:45:58'),
(6, 6, 'ARMERIA', 'S', '2015-06-11 15:45:58', '2015-06-12 01:45:58'),
(6, 7, 'IXTLAHUACAN', 'S', '2015-06-11 15:45:58', '2015-06-12 01:45:58'),
(6, 8, 'MANZANILLO', 'S', '2015-06-11 15:45:58', '2015-06-12 01:45:58'),
(6, 9, 'MINATITLAN', 'S', '2015-06-11 15:45:58', '2015-06-12 01:45:58'),
(6, 10, 'TECOMAN', 'S', '2015-06-11 15:45:58', '2015-06-12 01:45:58'),
(7, 1, 'ACACOYAGUA', 'S', '2015-06-11 15:45:58', '2015-06-12 01:45:58'),
(7, 2, 'ACALA', 'S', '2015-06-11 15:45:58', '2015-06-12 01:45:58'),
(7, 3, 'ACAPETAHUA', 'S', '2015-06-11 15:45:58', '2015-06-12 01:45:58'),
(7, 4, 'ALTAMIRANO', 'S', '2015-06-11 15:45:58', '2015-06-12 01:45:58'),
(7, 5, 'AMATAN', 'S', '2015-06-11 15:45:58', '2015-06-12 01:45:58'),
(7, 6, 'AMATENANGO DE LA FRONTERA', 'S', '2015-06-11 15:45:58', '2015-06-12 01:45:58'),
(7, 7, 'AMATENANGO DEL VALLE', 'S', '2015-06-11 15:45:58', '2015-06-12 01:45:58'),
(7, 8, 'ANGEL ALBINO CORZO', 'S', '2015-06-11 15:45:58', '2015-06-12 01:45:58'),
(7, 116, 'MONTECRISTO DE GUERRERO', 'S', '2015-06-11 15:45:58', '2015-06-12 01:45:58'),
(7, 9, 'ARRIAGA', 'S', '2015-06-11 15:45:58', '2015-06-12 01:45:58'),
(7, 10, 'BEJUCAL DE OCAMPO', 'S', '2015-06-11 15:45:58', '2015-06-12 01:45:58'),
(7, 11, 'BELLA VISTA', 'S', '2015-06-11 15:45:58', '2015-06-12 01:45:58'),
(7, 12, 'BERRIOZABAL', 'S', '2015-06-11 15:45:58', '2015-06-12 01:45:58'),
(7, 13, 'BOCHIL', 'S', '2015-06-11 15:45:58', '2015-06-12 01:45:58'),
(7, 14, 'EL BOSQUE', 'S', '2015-06-11 15:45:58', '2015-06-12 01:45:58'),
(7, 15, 'CACAHOATAN', 'S', '2015-06-11 15:45:58', '2015-06-12 01:45:58'),
(7, 16, 'CATAZAJA', 'S', '2015-06-11 15:45:58', '2015-06-12 01:45:58'),
(7, 17, 'CINTALAPA', 'S', '2015-06-11 15:45:58', '2015-06-12 01:45:58'),
(7, 18, 'COAPILLA', 'S', '2015-06-11 15:45:58', '2015-06-12 01:45:58'),
(7, 19, 'COMITAN DE DOMINGUEZ', 'S', '2015-06-11 15:45:58', '2015-06-12 01:45:58'),
(7, 20, 'LA CONCORDIA', 'S', '2015-06-11 15:45:58', '2015-06-12 01:45:58'),
(7, 21, 'COPAINALA', 'S', '2015-06-11 15:45:58', '2015-06-12 01:45:58'),
(7, 22, 'CHALCHIHUITAN', 'S', '2015-06-11 15:45:58', '2015-06-12 01:45:58'),
(7, 23, 'CHAMULA', 'S', '2015-06-11 15:45:58', '2015-06-12 01:45:58'),
(7, 24, 'CHANAL', 'S', '2015-06-11 15:45:58', '2015-06-12 01:45:58'),
(7, 25, 'CHAPULTENANGO', 'S', '2015-06-11 15:45:58', '2015-06-12 01:45:58'),
(7, 26, 'CHENALHO', 'S', '2015-06-11 15:45:58', '2015-06-12 01:45:58'),
(7, 112, 'ALDAMA', 'S', '2015-06-11 15:45:58', '2015-06-12 01:45:58'),
(7, 27, 'CHIAPA DE CORZO', 'S', '2015-06-11 15:45:58', '2015-06-12 01:45:58'),
(7, 28, 'CHIAPILLA', 'S', '2015-06-11 15:45:58', '2015-06-12 01:45:58'),
(7, 29, 'CHICOASEN', 'S', '2015-06-11 15:45:58', '2015-06-12 01:45:58'),
(7, 30, 'CHICOMUSELO', 'S', '2015-06-11 15:45:58', '2015-06-12 01:45:58'),
(7, 31, 'CHILON', 'S', '2015-06-11 15:45:58', '2015-06-12 01:45:58'),
(7, 32, 'ESCUINTLA', 'S', '2015-06-11 15:45:58', '2015-06-12 01:45:58'),
(7, 33, 'FRANCISCO LEON', 'S', '2015-06-11 15:45:58', '2015-06-12 01:45:58'),
(7, 34, 'FRONTERA COMALAPA', 'S', '2015-06-11 15:45:58', '2015-06-12 01:45:58'),
(7, 35, 'FRONTERA HIDALGO', 'S', '2015-06-11 15:45:58', '2015-06-12 01:45:58'),
(7, 36, 'LA GRANDEZA', 'S', '2015-06-11 15:45:58', '2015-06-12 01:45:58'),
(7, 37, 'HUEHUETAN', 'S', '2015-06-11 15:45:58', '2015-06-12 01:45:58'),
(7, 38, 'HUITIUPAN', 'S', '2015-06-11 15:45:58', '2015-06-12 01:45:58'),
(7, 39, 'HUIXTAN', 'S', '2015-06-11 15:45:58', '2015-06-12 01:45:58'),
(7, 40, 'HUIXTLA', 'S', '2015-06-11 15:45:58', '2015-06-12 01:45:58'),
(7, 41, 'LA INDEPENDENCIA', 'S', '2015-06-11 15:45:58', '2015-06-12 01:45:58'),
(7, 42, 'IXHUATAN', 'S', '2015-06-11 15:45:58', '2015-06-12 01:45:58'),
(7, 43, 'IXTACOMITAN', 'S', '2015-06-11 15:45:58', '2015-06-12 01:45:58'),
(7, 44, 'IXTAPA', 'S', '2015-06-11 15:45:58', '2015-06-12 01:45:58'),
(7, 45, 'IXTAPANGAJOYA', 'S', '2015-06-11 15:45:58', '2015-06-12 01:45:58'),
(7, 46, 'JIQUIPILAS', 'S', '2015-06-11 15:45:58', '2015-06-12 01:45:58'),
(7, 47, 'JITOTOL', 'S', '2015-06-11 15:45:58', '2015-06-12 01:45:58'),
(7, 48, 'JUAREZ', 'S', '2015-06-11 15:45:58', '2015-06-12 01:45:58'),
(7, 49, 'LARRAINZAR', 'S', '2015-06-11 15:45:58', '2015-06-12 01:45:58'),
(7, 118, 'SANTIAGO EL PINAR', 'S', '2015-06-11 15:45:58', '2015-06-12 01:45:58'),
(7, 50, 'LA LIBERTAD', 'S', '2015-06-11 15:45:58', '2015-06-12 01:45:58'),
(7, 51, 'MAPASTEPEC', 'S', '2015-06-11 15:45:58', '2015-06-12 01:45:58'),
(7, 52, 'LAS MARGARITAS', 'S', '2015-06-11 15:45:58', '2015-06-12 01:45:58'),
(7, 114, 'MARAVILLA TENEJAPA', 'S', '2015-06-11 15:45:58', '2015-06-12 01:45:58'),
(7, 53, 'MAZAPA DE MADERO', 'S', '2015-06-11 15:45:58', '2015-06-12 01:45:58'),
(7, 54, 'MAZATAN', 'S', '2015-06-11 15:45:58', '2015-06-12 01:45:58'),
(7, 55, 'METAPA', 'S', '2015-06-11 15:45:58', '2015-06-12 01:45:58'),
(7, 56, 'MITONTIC', 'S', '2015-06-11 15:45:58', '2015-06-12 01:45:58'),
(7, 57, 'MOTOZINTLA', 'S', '2015-06-11 15:45:58', '2015-06-12 01:45:58'),
(7, 58, 'NICOLAS RUIZ', 'S', '2015-06-11 15:45:58', '2015-06-12 01:45:58'),
(7, 59, 'OCOSINGO', 'S', '2015-06-11 15:45:58', '2015-06-12 01:45:58'),
(7, 113, 'BENEMERITO DE LAS AMERICAS', 'S', '2015-06-11 15:45:58', '2015-06-12 01:45:58'),
(7, 115, 'MARQUES DE COMILLAS', 'S', '2015-06-11 15:45:58', '2015-06-12 01:45:58'),
(7, 60, 'OCOTEPEC', 'S', '2015-06-11 15:45:58', '2015-06-12 01:45:58'),
(7, 61, 'OCOZOCOAUTLA DE ESPINOSA', 'S', '2015-06-11 15:45:58', '2015-06-12 01:45:58'),
(7, 62, 'OSTUACAN', 'S', '2015-06-11 15:45:58', '2015-06-12 01:45:58'),
(7, 63, 'OSUMACINTA', 'S', '2015-06-11 15:45:58', '2015-06-12 01:45:58'),
(7, 64, 'OXCHUC', 'S', '2015-06-11 15:45:58', '2015-06-12 01:45:58'),
(7, 65, 'PALENQUE', 'S', '2015-06-11 15:45:58', '2015-06-12 01:45:58'),
(7, 66, 'PANTELHO', 'S', '2015-06-11 15:45:58', '2015-06-12 01:45:58'),
(7, 67, 'PANTEPEC', 'S', '2015-06-11 15:45:58', '2015-06-12 01:45:58'),
(7, 68, 'PICHUCALCO', 'S', '2015-06-11 15:45:58', '2015-06-12 01:45:58'),
(7, 69, 'PIJIJIAPAN', 'S', '2015-06-11 15:45:58', '2015-06-12 01:45:58'),
(7, 70, 'EL PORVENIR', 'S', '2015-06-11 15:45:58', '2015-06-12 01:45:58'),
(7, 71, 'PUEBLO NUEVO SOLISTAHUACAN', 'S', '2015-06-11 15:45:58', '2015-06-12 01:45:58'),
(7, 117, 'SAN ANDRES DURAZNAL', 'S', '2015-06-11 15:45:58', '2015-06-12 01:45:58'),
(7, 72, 'RAYON', 'S', '2015-06-11 15:45:58', '2015-06-12 01:45:58'),
(7, 73, 'REFORMA', 'S', '2015-06-11 15:45:58', '2015-06-12 01:45:58'),
(7, 74, 'LAS ROSAS', 'S', '2015-06-11 15:45:58', '2015-06-12 01:45:58'),
(7, 75, 'SABANILLA', 'S', '2015-06-11 15:45:58', '2015-06-12 01:45:58'),
(7, 76, 'SALTO DE AGUA', 'S', '2015-06-11 15:45:58', '2015-06-12 01:45:58'),
(7, 77, 'SAN CRISTOBAL DE LAS CASAS', 'S', '2015-06-11 15:45:58', '2015-06-12 01:45:58'),
(7, 78, 'SAN FERNANDO', 'S', '2015-06-11 15:45:58', '2015-06-12 01:45:58'),
(7, 79, 'SAN JUAN CANCUC', 'S', '2015-06-11 15:45:58', '2015-06-12 01:45:58'),
(7, 80, 'SAN LUCAS', 'S', '2015-06-11 15:45:58', '2015-06-12 01:45:58'),
(7, 81, 'SILTEPEC', 'S', '2015-06-11 15:45:58', '2015-06-12 01:45:58'),
(7, 82, 'SIMOJOVEL', 'S', '2015-06-11 15:45:58', '2015-06-12 01:45:58'),
(7, 83, 'SITALA', 'S', '2015-06-11 15:45:58', '2015-06-12 01:45:58'),
(7, 84, 'SOCOLTENANGO', 'S', '2015-06-11 15:45:58', '2015-06-12 01:45:58'),
(7, 85, 'SOLOSUCHIAPA', 'S', '2015-06-11 15:45:58', '2015-06-12 01:45:58'),
(7, 86, 'SOYALO', 'S', '2015-06-11 15:45:58', '2015-06-12 01:45:58'),
(7, 87, 'SUCHIAPA', 'S', '2015-06-11 15:45:58', '2015-06-12 01:45:58'),
(7, 88, 'SUCHIATE', 'S', '2015-06-11 15:45:58', '2015-06-12 01:45:58'),
(7, 89, 'SUNUAPA', 'S', '2015-06-11 15:45:58', '2015-06-12 01:45:58'),
(7, 90, 'TAPACHULA', 'S', '2015-06-11 15:45:58', '2015-06-12 01:45:58'),
(7, 91, 'TAPALAPA', 'S', '2015-06-11 15:45:58', '2015-06-12 01:45:58'),
(7, 92, 'TAPILULA', 'S', '2015-06-11 15:45:58', '2015-06-12 01:45:58'),
(7, 93, 'TECPATAN', 'S', '2015-06-11 15:45:58', '2015-06-12 01:45:58'),
(7, 94, 'TENEJAPA', 'S', '2015-06-11 15:45:58', '2015-06-12 01:45:58'),
(7, 95, 'TEOPISCA', 'S', '2015-06-11 15:45:58', '2015-06-12 01:45:58'),
(7, 96, 'TILA', 'S', '2015-06-11 15:45:58', '2015-06-12 01:45:58'),
(7, 97, 'TONALA', 'S', '2015-06-11 15:45:58', '2015-06-12 01:45:58'),
(7, 98, 'TOTOLAPA', 'S', '2015-06-11 15:45:58', '2015-06-12 01:45:58'),
(7, 99, 'LA TRINITARIA', 'S', '2015-06-11 15:45:58', '2015-06-12 01:45:58'),
(7, 100, 'TUMBALA', 'S', '2015-06-11 15:45:58', '2015-06-12 01:45:58'),
(7, 101, 'TUXTLA CHICO', 'S', '2015-06-11 15:45:58', '2015-06-12 01:45:58'),
(7, 102, 'TUXTLA GUTIERREZ', 'S', '2015-06-11 15:45:58', '2015-06-12 01:45:58'),
(7, 103, 'TUZANTAN', 'S', '2015-06-11 15:45:58', '2015-06-12 01:45:58'),
(7, 104, 'TZIMOL', 'S', '2015-06-11 15:45:58', '2015-06-12 01:45:58'),
(7, 105, 'UNION JUAREZ', 'S', '2015-06-11 15:45:58', '2015-06-12 01:45:58'),
(7, 106, 'VENUSTIANO CARRANZA', 'S', '2015-06-11 15:45:58', '2015-06-12 01:45:58'),
(7, 107, 'VILLACOMALTITLAN', 'S', '2015-06-11 15:45:58', '2015-06-12 01:45:58'),
(7, 108, 'VILLA CORZO', 'S', '2015-06-11 15:45:58', '2015-06-12 01:45:58'),
(7, 109, 'VILLAFLORES', 'S', '2015-06-11 15:45:58', '2015-06-12 01:45:58'),
(7, 110, 'YAJALON', 'S', '2015-06-11 15:45:58', '2015-06-12 01:45:58'),
(7, 111, 'ZINACANTAN', 'S', '2015-06-11 15:45:58', '2015-06-12 01:45:58'),
(8, 1, 'AHUMADA', 'S', '2015-06-11 15:45:58', '2015-06-12 01:45:58'),
(8, 2, 'ALDAMA', 'S', '2015-06-11 15:45:58', '2015-06-12 01:45:58'),
(8, 3, 'ALLENDE', 'S', '2015-06-11 15:45:58', '2015-06-12 01:45:58'),
(8, 4, 'AQUILES SERDAN', 'S', '2015-06-11 15:45:58', '2015-06-12 01:45:58'),
(8, 5, 'ASCENSION', 'S', '2015-06-11 15:45:58', '2015-06-12 01:45:58'),
(8, 6, 'BACHINIVA', 'S', '2015-06-11 15:45:58', '2015-06-12 01:45:58'),
(8, 7, 'BALLEZA', 'S', '2015-06-11 15:45:58', '2015-06-12 01:45:58'),
(8, 8, 'BATOPILAS', 'S', '2015-06-11 15:45:58', '2015-06-12 01:45:58'),
(8, 9, 'BOCOYNA', 'S', '2015-06-11 15:45:58', '2015-06-12 01:45:58'),
(8, 10, 'BUENAVENTURA', 'S', '2015-06-11 15:45:58', '2015-06-12 01:45:58'),
(8, 11, 'CAMARGO', 'S', '2015-06-11 15:45:58', '2015-06-12 01:45:58'),
(8, 12, 'CARICHI', 'S', '2015-06-11 15:45:58', '2015-06-12 01:45:58'),
(8, 13, 'CASAS GRANDES', 'S', '2015-06-11 15:45:58', '2015-06-12 01:45:58'),
(8, 14, 'CORONADO', 'S', '2015-06-11 15:45:58', '2015-06-12 01:45:58'),
(8, 15, 'COYAME DEL SOTOL', 'S', '2015-06-11 15:45:58', '2015-06-12 01:45:58'),
(8, 16, 'LA CRUZ', 'S', '2015-06-11 15:45:58', '2015-06-12 01:45:58'),
(8, 17, 'CUAUHTEMOC', 'S', '2015-06-11 15:45:58', '2015-06-12 01:45:58'),
(8, 18, 'CUSIHUIRIACHI', 'S', '2015-06-11 15:45:58', '2015-06-12 01:45:58'),
(8, 19, 'CHIHUAHUA', 'S', '2015-06-11 15:45:58', '2015-06-12 01:45:58'),
(8, 20, 'CHINIPAS', 'S', '2015-06-11 15:45:58', '2015-06-12 01:45:58'),
(8, 21, 'DELICIAS', 'S', '2015-06-11 15:45:58', '2015-06-12 01:45:58'),
(8, 22, 'DR. BELISARIO DOMINGUEZ', 'S', '2015-06-11 15:45:58', '2015-06-12 01:45:58'),
(8, 23, 'GALEANA', 'S', '2015-06-11 15:45:58', '2015-06-12 01:45:58'),
(8, 24, 'SANTA ISABEL', 'S', '2015-06-11 15:45:58', '2015-06-12 01:45:58'),
(8, 25, 'GOMEZ FARIAS', 'S', '2015-06-11 15:45:58', '2015-06-12 01:45:58'),
(8, 26, 'GRAN MORELOS', 'S', '2015-06-11 15:45:58', '2015-06-12 01:45:58'),
(8, 27, 'GUACHOCHI', 'S', '2015-06-11 15:45:58', '2015-06-12 01:45:58'),
(8, 28, 'GUADALUPE', 'S', '2015-06-11 15:45:58', '2015-06-12 01:45:58'),
(8, 29, 'GUADALUPE Y CALVO', 'S', '2015-06-11 15:45:58', '2015-06-12 01:45:58'),
(8, 30, 'GUAZAPARES', 'S', '2015-06-11 15:45:58', '2015-06-12 01:45:58'),
(8, 31, 'GUERRERO', 'S', '2015-06-11 15:45:58', '2015-06-12 01:45:58'),
(8, 32, 'HIDALGO DEL PARRAL', 'S', '2015-06-11 15:45:58', '2015-06-12 01:45:58'),
(8, 33, 'HUEJOTITAN', 'S', '2015-06-11 15:45:58', '2015-06-12 01:45:58'),
(8, 34, 'IGNACIO ZARAGOZA', 'S', '2015-06-11 15:45:58', '2015-06-12 01:45:58'),
(8, 35, 'JANOS', 'S', '2015-06-11 15:45:58', '2015-06-12 01:45:58'),
(8, 36, 'JIMENEZ', 'S', '2015-06-11 15:45:58', '2015-06-12 01:45:58'),
(8, 37, 'JUAREZ', 'S', '2015-06-11 15:45:58', '2015-06-12 01:45:58'),
(8, 38, 'JULIMES', 'S', '2015-06-11 15:45:58', '2015-06-12 01:45:58'),
(8, 39, 'LOPEZ', 'S', '2015-06-11 15:45:58', '2015-06-12 01:45:58'),
(8, 40, 'MADERA', 'S', '2015-06-11 15:45:58', '2015-06-12 01:45:58'),
(8, 41, 'MAGUARICHI', 'S', '2015-06-11 15:45:58', '2015-06-12 01:45:58'),
(8, 42, 'MANUEL BENAVIDES', 'S', '2015-06-11 15:45:58', '2015-06-12 01:45:58'),
(8, 43, 'MATACHI', 'S', '2015-06-11 15:45:58', '2015-06-12 01:45:58'),
(8, 44, 'MATAMOROS', 'S', '2015-06-11 15:45:58', '2015-06-12 01:45:58'),
(8, 45, 'MEOQUI', 'S', '2015-06-11 15:45:58', '2015-06-12 01:45:58'),
(8, 46, 'MORELOS', 'S', '2015-06-11 15:45:58', '2015-06-12 01:45:58'),
(8, 47, 'MORIS', 'S', '2015-06-11 15:45:58', '2015-06-12 01:45:58'),
(8, 48, 'NAMIQUIPA', 'S', '2015-06-11 15:45:58', '2015-06-12 01:45:58'),
(8, 49, 'NONOAVA', 'S', '2015-06-11 15:45:58', '2015-06-12 01:45:58'),
(8, 50, 'NUEVO CASAS GRANDES', 'S', '2015-06-11 15:45:58', '2015-06-12 01:45:58'),
(8, 51, 'OCAMPO', 'S', '2015-06-11 15:45:58', '2015-06-12 01:45:58'),
(8, 52, 'OJINAGA', 'S', '2015-06-11 15:45:58', '2015-06-12 01:45:58'),
(8, 53, 'PRAXEDIS G. GUERRERO', 'S', '2015-06-11 15:45:58', '2015-06-12 01:45:58'),
(8, 54, 'RIVA PALACIO', 'S', '2015-06-11 15:45:58', '2015-06-12 01:45:58'),
(8, 55, 'ROSALES', 'S', '2015-06-11 15:45:58', '2015-06-12 01:45:58'),
(8, 56, 'ROSARIO', 'S', '2015-06-11 15:45:58', '2015-06-12 01:45:58'),
(8, 57, 'SAN FRANCISCO DE BORJA', 'S', '2015-06-11 15:45:58', '2015-06-12 01:45:58'),
(8, 58, 'SAN FRANCISCO DE CONCHOS', 'S', '2015-06-11 15:45:58', '2015-06-12 01:45:58'),
(8, 59, 'SAN FRANCISCO DEL ORO', 'S', '2015-06-11 15:45:58', '2015-06-12 01:45:58'),
(8, 60, 'SANTA BARBARA', 'S', '2015-06-11 15:45:58', '2015-06-12 01:45:58'),
(8, 61, 'SATEVO', 'S', '2015-06-11 15:45:58', '2015-06-12 01:45:58'),
(8, 62, 'SAUCILLO', 'S', '2015-06-11 15:45:58', '2015-06-12 01:45:58'),
(8, 63, 'TEMOSACHIC', 'S', '2015-06-11 15:45:58', '2015-06-12 01:45:58'),
(8, 64, 'EL TULE', 'S', '2015-06-11 15:45:58', '2015-06-12 01:45:58'),
(8, 65, 'URIQUE', 'S', '2015-06-11 15:45:58', '2015-06-12 01:45:58'),
(8, 66, 'URUACHI', 'S', '2015-06-11 15:45:58', '2015-06-12 01:45:58'),
(8, 67, 'VALLE DE ZARAGOZA', 'S', '2015-06-11 15:45:58', '2015-06-12 01:45:58'),
(9, 2, 'AZCAPOTZALCO', 'S', '2015-06-11 15:45:58', '2015-06-12 01:45:58'),
(9, 3, 'COYOACAN', 'S', '2015-06-11 15:45:58', '2015-06-12 01:45:58'),
(9, 4, 'CUAJIMALPA DE MORELOS', 'S', '2015-06-11 15:45:58', '2015-06-12 01:45:58'),
(9, 5, 'GUSTAVO A. MADERO', 'S', '2015-06-11 15:45:58', '2015-06-12 01:45:58'),
(9, 6, 'IZTACALCO', 'S', '2015-06-11 15:45:58', '2015-06-12 01:45:58'),
(9, 7, 'IZTAPALAPA', 'S', '2015-06-11 15:45:58', '2015-06-12 01:45:58'),
(9, 8, 'LA MAGDALENA CONTRERAS', 'S', '2015-06-11 15:45:58', '2015-06-12 01:45:58'),
(9, 9, 'MILPA ALTA', 'S', '2015-06-11 15:45:58', '2015-06-12 01:45:58'),
(9, 10, 'ALVARO OBREGON', 'S', '2015-06-11 15:45:58', '2015-06-12 01:45:58'),
(9, 11, 'TLAHUAC', 'S', '2015-06-11 15:45:58', '2015-06-12 01:45:58'),
(9, 12, 'TLALPAN', 'S', '2015-06-11 15:45:58', '2015-06-12 01:45:58'),
(9, 13, 'XOCHIMILCO', 'S', '2015-06-11 15:45:58', '2015-06-12 01:45:58'),
(9, 14, 'BENITO JUAREZ', 'S', '2015-06-11 15:45:58', '2015-06-12 01:45:58'),
(9, 15, 'CUAUHTEMOC', 'S', '2015-06-11 15:45:58', '2015-06-12 01:45:58'),
(9, 16, 'MIGUEL HIDALGO', 'S', '2015-06-11 15:45:58', '2015-06-12 01:45:58'),
(9, 17, 'VENUSTIANO CARRANZA', 'S', '2015-06-11 15:45:58', '2015-06-12 01:45:58'),
(10, 1, 'CANATLAN', 'S', '2015-06-11 15:45:58', '2015-06-12 01:45:58'),
(10, 2, 'CANELAS', 'S', '2015-06-11 15:45:58', '2015-06-12 01:45:58'),
(10, 3, 'CONETO DE COMONFORT', 'S', '2015-06-11 15:45:58', '2015-06-12 01:45:58'),
(10, 4, 'CUENCAME', 'S', '2015-06-11 15:45:58', '2015-06-12 01:45:58'),
(10, 5, 'DURANGO', 'S', '2015-06-11 15:45:58', '2015-06-12 01:45:58'),
(10, 6, 'SIMON BOLIVAR', 'S', '2015-06-11 15:45:58', '2015-06-12 01:45:58'),
(10, 7, 'GOMEZ PALACIO', 'S', '2015-06-11 15:45:58', '2015-06-12 01:45:58'),
(10, 8, 'GUADALUPE VICTORIA', 'S', '2015-06-11 15:45:58', '2015-06-12 01:45:58'),
(10, 9, 'GUANACEVI', 'S', '2015-06-11 15:45:58', '2015-06-12 01:45:58'),
(10, 10, 'HIDALGO', 'S', '2015-06-11 15:45:58', '2015-06-12 01:45:58'),
(10, 11, 'INDE', 'S', '2015-06-11 15:45:58', '2015-06-12 01:45:58'),
(10, 12, 'LERDO', 'S', '2015-06-11 15:45:58', '2015-06-12 01:45:58'),
(10, 13, 'MAPIMI', 'S', '2015-06-11 15:45:58', '2015-06-12 01:45:58'),
(10, 14, 'MEZQUITAL', 'S', '2015-06-11 15:45:58', '2015-06-12 01:45:58'),
(10, 15, 'NAZAS', 'S', '2015-06-11 15:45:58', '2015-06-12 01:45:58'),
(10, 16, 'NOMBRE DE DIOS', 'S', '2015-06-11 15:45:58', '2015-06-12 01:45:58'),
(10, 17, 'NUEVO IDEAL', 'S', '2015-06-11 15:45:58', '2015-06-12 01:45:58'),
(10, 18, 'OCAMPO', 'S', '2015-06-11 15:45:58', '2015-06-12 01:45:58'),
(10, 19, 'EL ORO', 'S', '2015-06-11 15:45:58', '2015-06-12 01:45:58'),
(10, 20, 'OTAEZ', 'S', '2015-06-11 15:45:58', '2015-06-12 01:45:58'),
(10, 21, 'PANUCO DE CORONADO', 'S', '2015-06-11 15:45:58', '2015-06-12 01:45:58'),
(10, 22, 'PE¾ON BLANCO', 'S', '2015-06-11 15:45:58', '2015-06-12 01:45:58'),
(10, 23, 'POANAS', 'S', '2015-06-11 15:45:58', '2015-06-12 01:45:58'),
(10, 24, 'PUEBLO NUEVO', 'S', '2015-06-11 15:45:58', '2015-06-12 01:45:58'),
(10, 25, 'RODEO', 'S', '2015-06-11 15:45:58', '2015-06-12 01:45:58'),
(10, 26, 'SAN BERNARDO', 'S', '2015-06-11 15:45:58', '2015-06-12 01:45:58'),
(10, 27, 'SAN DIMAS', 'S', '2015-06-11 15:45:58', '2015-06-12 01:45:58'),
(10, 28, 'SAN JUAN DE GUADALUPE', 'S', '2015-06-11 15:45:58', '2015-06-12 01:45:58'),
(10, 29, 'SAN JUAN DEL RIO', 'S', '2015-06-11 15:45:58', '2015-06-12 01:45:58'),
(10, 30, 'SAN LUIS DEL CORDERO', 'S', '2015-06-11 15:45:58', '2015-06-12 01:45:58'),
(10, 31, 'SAN PEDRO DEL GALLO', 'S', '2015-06-11 15:45:58', '2015-06-12 01:45:58'),
(10, 32, 'SANTA CLARA', 'S', '2015-06-11 15:45:58', '2015-06-12 01:45:58'),
(10, 33, 'SANTIAGO PAPASQUIARO', 'S', '2015-06-11 15:45:58', '2015-06-12 01:45:58'),
(10, 34, 'SUCHIL', 'S', '2015-06-11 15:45:58', '2015-06-12 01:45:58'),
(10, 35, 'TAMAZULA', 'S', '2015-06-11 15:45:58', '2015-06-12 01:45:58'),
(10, 36, 'TEPEHUANES', 'S', '2015-06-11 15:45:58', '2015-06-12 01:45:58'),
(10, 37, 'TLAHUALILO', 'S', '2015-06-11 15:45:58', '2015-06-12 01:45:58'),
(10, 38, 'TOPIA', 'S', '2015-06-11 15:45:58', '2015-06-12 01:45:58'),
(10, 39, 'VICENTE GUERRERO', 'S', '2015-06-11 15:45:58', '2015-06-12 01:45:58'),
(11, 1, 'ABASOLO', 'S', '2015-06-11 15:45:58', '2015-06-12 01:45:58'),
(11, 2, 'ACAMBARO', 'S', '2015-06-11 15:45:58', '2015-06-12 01:45:58'),
(11, 3, 'SAN MIGUEL DE ALLENDE', 'S', '2015-06-11 15:45:58', '2015-06-12 01:45:58'),
(11, 4, 'APASEO EL ALTO', 'S', '2015-06-11 15:45:58', '2015-06-12 01:45:58'),
(11, 5, 'APASEO EL GRANDE', 'S', '2015-06-11 15:45:58', '2015-06-12 01:45:58'),
(11, 6, 'ATARJEA', 'S', '2015-06-11 15:45:58', '2015-06-12 01:45:58'),
(11, 7, 'CELAYA', 'S', '2015-06-11 15:45:58', '2015-06-12 01:45:58'),
(11, 8, 'MANUEL DOBLADO', 'S', '2015-06-11 15:45:58', '2015-06-12 01:45:58'),
(11, 9, 'COMONFORT', 'S', '2015-06-11 15:45:58', '2015-06-12 01:45:58'),
(11, 10, 'CORONEO', 'S', '2015-06-11 15:45:58', '2015-06-12 01:45:58'),
(11, 11, 'CORTAZAR', 'S', '2015-06-11 15:45:58', '2015-06-12 01:45:58'),
(11, 12, 'CUERAMARO', 'S', '2015-06-11 15:45:58', '2015-06-12 01:45:58'),
(11, 13, 'DOCTOR MORA', 'S', '2015-06-11 15:45:58', '2015-06-12 01:45:58'),
(11, 14, 'DOLORES HIDALGO CUNA DE LA INDEPENDENCIA NACIONAL', 'S', '2015-06-11 15:45:58', '2015-06-12 01:45:58'),
(11, 15, 'GUANAJUATO', 'S', '2015-06-11 15:45:58', '2015-06-12 01:45:58'),
(11, 16, 'HUANIMARO', 'S', '2015-06-11 15:45:58', '2015-06-12 01:45:58'),
(11, 17, 'IRAPUATO', 'S', '2015-06-11 15:45:58', '2015-06-12 01:45:58'),
(11, 18, 'JARAL DEL PROGRESO', 'S', '2015-06-11 15:45:58', '2015-06-12 01:45:58'),
(11, 19, 'JERECUARO', 'S', '2015-06-11 15:45:58', '2015-06-12 01:45:58'),
(11, 20, 'LEON', 'S', '2015-06-11 15:45:58', '2015-06-12 01:45:58'),
(11, 21, 'MOROLEON', 'S', '2015-06-11 15:45:58', '2015-06-12 01:45:58'),
(11, 22, 'OCAMPO', 'S', '2015-06-11 15:45:58', '2015-06-12 01:45:58'),
(11, 23, 'PENJAMO', 'S', '2015-06-11 15:45:58', '2015-06-12 01:45:58'),
(11, 24, 'PUEBLO NUEVO', 'S', '2015-06-11 15:45:58', '2015-06-12 01:45:58'),
(11, 25, 'PURISIMA DEL RINCON', 'S', '2015-06-11 15:45:58', '2015-06-12 01:45:58'),
(11, 26, 'ROMITA', 'S', '2015-06-11 15:45:58', '2015-06-12 01:45:58'),
(11, 27, 'SALAMANCA', 'S', '2015-06-11 15:45:58', '2015-06-12 01:45:58'),
(11, 28, 'SALVATIERRA', 'S', '2015-06-11 15:45:58', '2015-06-12 01:45:58'),
(11, 29, 'SAN DIEGO DE LA UNION', 'S', '2015-06-11 15:45:58', '2015-06-12 01:45:58'),
(11, 30, 'SAN FELIPE', 'S', '2015-06-11 15:45:58', '2015-06-12 01:45:58'),
(11, 31, 'SAN FRANCISCO DEL RINCON', 'S', '2015-06-11 15:45:58', '2015-06-12 01:45:58'),
(11, 32, 'SAN JOSE ITURBIDE', 'S', '2015-06-11 15:45:58', '2015-06-12 01:45:58'),
(11, 33, 'SAN LUIS DE LA PAZ', 'S', '2015-06-11 15:45:58', '2015-06-12 01:45:58'),
(11, 34, 'SANTA CATARINA', 'S', '2015-06-11 15:45:58', '2015-06-12 01:45:58'),
(11, 35, 'SANTA CRUZ DE JUVENTINO ROSAS', 'S', '2015-06-11 15:45:58', '2015-06-12 01:45:58'),
(11, 36, 'SANTIAGO MARAVATIO', 'S', '2015-06-11 15:45:58', '2015-06-12 01:45:58'),
(11, 37, 'SILAO', 'S', '2015-06-11 15:45:58', '2015-06-12 01:45:58'),
(11, 38, 'TARANDACUAO', 'S', '2015-06-11 15:45:58', '2015-06-12 01:45:58'),
(11, 39, 'TARIMORO', 'S', '2015-06-11 15:45:58', '2015-06-12 01:45:58'),
(11, 40, 'TIERRA BLANCA', 'S', '2015-06-11 15:45:58', '2015-06-12 01:45:58'),
(11, 41, 'URIANGATO', 'S', '2015-06-11 15:45:58', '2015-06-12 01:45:58'),
(11, 42, 'VALLE DE SANTIAGO', 'S', '2015-06-11 15:45:58', '2015-06-12 01:45:58'),
(11, 43, 'VICTORIA', 'S', '2015-06-11 15:45:58', '2015-06-12 01:45:58'),
(11, 44, 'VILLAGRAN', 'S', '2015-06-11 15:45:58', '2015-06-12 01:45:58'),
(11, 45, 'XICHU', 'S', '2015-06-11 15:45:58', '2015-06-12 01:45:58'),
(11, 46, 'YURIRIA', 'S', '2015-06-11 15:45:58', '2015-06-12 01:45:58'),
(12, 1, 'ACAPULCO DE JUAREZ', 'S', '2015-06-11 15:45:58', '2015-06-12 01:45:58'),
(12, 2, 'AHUACUOTZINGO', 'S', '2015-06-11 15:45:58', '2015-06-12 01:45:58'),
(12, 3, 'AJUCHITLAN DEL PROGRESO', 'S', '2015-06-11 15:45:58', '2015-06-12 01:45:58'),
(12, 4, 'ALCOZAUCA DE GUERRERO', 'S', '2015-06-11 15:45:58', '2015-06-12 01:45:58'),
(12, 5, 'ALPOYECA', 'S', '2015-06-11 15:45:58', '2015-06-12 01:45:58'),
(12, 6, 'APAXTLA', 'S', '2015-06-11 15:45:58', '2015-06-12 01:45:58'),
(12, 7, 'ARCELIA', 'S', '2015-06-11 15:45:58', '2015-06-12 01:45:58'),
(12, 8, 'ATENANGO DEL RIO', 'S', '2015-06-11 15:45:58', '2015-06-12 01:45:58'),
(12, 9, 'ATLAMAJALCINGO DEL MONTE', 'S', '2015-06-11 15:45:58', '2015-06-12 01:45:58'),
(12, 10, 'ATLIXTAC', 'S', '2015-06-11 15:45:58', '2015-06-12 01:45:58'),
(12, 11, 'ATOYAC DE ALVAREZ', 'S', '2015-06-11 15:45:58', '2015-06-12 01:45:58'),
(12, 12, 'AYUTLA DE LOS LIBRES', 'S', '2015-06-11 15:45:58', '2015-06-12 01:45:58'),
(12, 13, 'AZOYU', 'S', '2015-06-11 15:45:58', '2015-06-12 01:45:58'),
(12, 80, 'MARQUELIA', 'S', '2015-06-11 15:45:58', '2015-06-12 01:45:58'),
(12, 81, 'JUCHITAN', 'S', '2015-06-11 15:45:58', '2015-06-12 01:45:58'),
(12, 14, 'BENITO JUAREZ', 'S', '2015-06-11 15:45:58', '2015-06-12 01:45:58'),
(12, 15, 'BUENAVISTA DE CUELLAR', 'S', '2015-06-11 15:45:58', '2015-06-12 01:45:58'),
(12, 16, 'COAHUAYUTLA DE JOSE MARIA IZAZAGA', 'S', '2015-06-11 15:45:58', '2015-06-12 01:45:58'),
(12, 17, 'COCULA', 'S', '2015-06-11 15:45:58', '2015-06-12 01:45:58'),
(12, 18, 'COPALA', 'S', '2015-06-11 15:45:58', '2015-06-12 01:45:58'),
(12, 19, 'COPALILLO', 'S', '2015-06-11 15:45:58', '2015-06-12 01:45:58'),
(12, 20, 'COPANATOYAC', 'S', '2015-06-11 15:45:58', '2015-06-12 01:45:58'),
(12, 21, 'COYUCA DE BENITEZ', 'S', '2015-06-11 15:45:58', '2015-06-12 01:45:58'),
(12, 22, 'COYUCA DE CATALAN', 'S', '2015-06-11 15:45:58', '2015-06-12 01:45:58'),
(12, 23, 'CUAJINICUILAPA', 'S', '2015-06-11 15:45:58', '2015-06-12 01:45:58'),
(12, 24, 'CUALAC', 'S', '2015-06-11 15:45:58', '2015-06-12 01:45:58'),
(12, 25, 'CUAUTEPEC', 'S', '2015-06-11 15:45:58', '2015-06-12 01:45:58'),
(12, 26, 'CUETZALA DEL PROGRESO', 'S', '2015-06-11 15:45:58', '2015-06-12 01:45:58'),
(12, 27, 'CUTZAMALA DE PINZON', 'S', '2015-06-11 15:45:58', '2015-06-12 01:45:58'),
(12, 28, 'CHILAPA DE ALVAREZ', 'S', '2015-06-11 15:45:58', '2015-06-12 01:45:58'),
(12, 77, 'JOSE JOAQUIN DE HERRERA', 'S', '2015-06-11 15:45:58', '2015-06-12 01:45:58'),
(12, 29, 'CHILPANCINGO DE LOS BRAVO', 'S', '2015-06-11 15:45:58', '2015-06-12 01:45:58'),
(12, 30, 'EDUARDO NERI', 'S', '2015-06-11 15:45:58', '2015-06-12 01:45:58'),
(12, 31, 'FLORENCIO VILLARREAL', 'S', '2015-06-11 15:45:58', '2015-06-12 01:45:58'),
(12, 32, 'GENERAL CANUTO A. NERI', 'S', '2015-06-11 15:45:58', '2015-06-12 01:45:58'),
(12, 33, 'GENERAL HELIODORO CASTILLO', 'S', '2015-06-11 15:45:58', '2015-06-12 01:45:58'),
(12, 34, 'HUAMUXTITLAN', 'S', '2015-06-11 15:45:58', '2015-06-12 01:45:58'),
(12, 35, 'HUITZUCO DE LOS FIGUEROA', 'S', '2015-06-11 15:45:58', '2015-06-12 01:45:58'),
(12, 36, 'IGUALA DE LA INDEPENDENCIA', 'S', '2015-06-11 15:45:58', '2015-06-12 01:45:58'),
(12, 37, 'IGUALAPA', 'S', '2015-06-11 15:45:58', '2015-06-12 01:45:58'),
(12, 38, 'IXCATEOPAN DE CUAUHTEMOC', 'S', '2015-06-11 15:45:58', '2015-06-12 01:45:58'),
(12, 39, 'ZIHUATANEJO DE AZUETA', 'S', '2015-06-11 15:45:58', '2015-06-12 01:45:58'),
(12, 40, 'JUAN R. ESCUDERO', 'S', '2015-06-11 15:45:58', '2015-06-12 01:45:58'),
(12, 41, 'LEONARDO BRAVO', 'S', '2015-06-11 15:45:58', '2015-06-12 01:45:58'),
(12, 42, 'MALINALTEPEC', 'S', '2015-06-11 15:45:58', '2015-06-12 01:45:58'),
(12, 78, 'ILIATENCO', 'S', '2015-06-11 15:45:58', '2015-06-12 01:45:58'),
(12, 43, 'MARTIR DE CUILAPAN', 'S', '2015-06-11 15:45:58', '2015-06-12 01:45:58'),
(12, 44, 'METLATONOC', 'S', '2015-06-11 15:45:58', '2015-06-12 01:45:58'),
(12, 79, 'COCHOAPA EL GRANDE', 'S', '2015-06-11 15:45:58', '2015-06-12 01:45:58'),
(12, 45, 'MOCHITLAN', 'S', '2015-06-11 15:45:58', '2015-06-12 01:45:58'),
(12, 46, 'OLINALA', 'S', '2015-06-11 15:45:58', '2015-06-12 01:45:58'),
(12, 47, 'OMETEPEC', 'S', '2015-06-11 15:45:58', '2015-06-12 01:45:58'),
(12, 48, 'PEDRO ASCENCIO ALQUISIRAS', 'S', '2015-06-11 15:45:58', '2015-06-12 01:45:58'),
(12, 49, 'PETATLAN', 'S', '2015-06-11 15:45:58', '2015-06-12 01:45:58'),
(12, 50, 'PILCAYA', 'S', '2015-06-11 15:45:58', '2015-06-12 01:45:58'),
(12, 51, 'PUNGARABATO', 'S', '2015-06-11 15:45:58', '2015-06-12 01:45:58'),
(12, 52, 'QUECHULTENANGO', 'S', '2015-06-11 15:45:58', '2015-06-12 01:45:58'),
(12, 53, 'SAN LUIS ACATLAN', 'S', '2015-06-11 15:45:58', '2015-06-12 01:45:58'),
(12, 54, 'SAN MARCOS', 'S', '2015-06-11 15:45:58', '2015-06-12 01:45:58'),
(12, 55, 'SAN MIGUEL TOTOLAPAN', 'S', '2015-06-11 15:45:58', '2015-06-12 01:45:58'),
(12, 56, 'TAXCO DE ALARCON', 'S', '2015-06-11 15:45:58', '2015-06-12 01:45:58'),
(12, 57, 'TECOANAPA', 'S', '2015-06-11 15:45:58', '2015-06-12 01:45:58'),
(12, 58, 'TECPAN DE GALEANA', 'S', '2015-06-11 15:45:58', '2015-06-12 01:45:58'),
(12, 59, 'TELOLOAPAN', 'S', '2015-06-11 15:45:58', '2015-06-12 01:45:58'),
(12, 60, 'TEPECOACUILCO DE TRUJANO', 'S', '2015-06-11 15:45:58', '2015-06-12 01:45:58'),
(12, 61, 'TETIPAC', 'S', '2015-06-11 15:45:58', '2015-06-12 01:45:58'),
(12, 62, 'TIXTLA DE GUERRERO', 'S', '2015-06-11 15:45:58', '2015-06-12 01:45:58'),
(12, 63, 'TLACOACHISTLAHUACA', 'S', '2015-06-11 15:45:58', '2015-06-12 01:45:58'),
(12, 64, 'TLACOAPA', 'S', '2015-06-11 15:45:58', '2015-06-12 01:45:58'),
(12, 65, 'TLALCHAPA', 'S', '2015-06-11 15:45:58', '2015-06-12 01:45:58'),
(12, 66, 'TLALIXTAQUILLA DE MALDONADO', 'S', '2015-06-11 15:45:58', '2015-06-12 01:45:58'),
(12, 67, 'TLAPA DE COMONFORT', 'S', '2015-06-11 15:45:58', '2015-06-12 01:45:58'),
(12, 68, 'TLAPEHUALA', 'S', '2015-06-11 15:45:58', '2015-06-12 01:45:58'),
(12, 69, 'LA UNION DE ISIDORO MONTES DE OCA', 'S', '2015-06-11 15:45:58', '2015-06-12 01:45:58'),
(12, 70, 'XALPATLAHUAC', 'S', '2015-06-11 15:45:58', '2015-06-12 01:45:58'),
(12, 71, 'XOCHIHUEHUETLAN', 'S', '2015-06-11 15:45:58', '2015-06-12 01:45:58'),
(12, 72, 'XOCHISTLAHUACA', 'S', '2015-06-11 15:45:58', '2015-06-12 01:45:58'),
(12, 73, 'ZAPOTITLAN TABLAS', 'S', '2015-06-11 15:45:58', '2015-06-12 01:45:58'),
(12, 76, 'ACATEPEC', 'S', '2015-06-11 15:45:58', '2015-06-12 01:45:58'),
(12, 74, 'ZIRANDARO', 'S', '2015-06-11 15:45:58', '2015-06-12 01:45:58'),
(12, 75, 'ZITLALA', 'S', '2015-06-11 15:45:58', '2015-06-12 01:45:58'),
(13, 1, 'ACATLAN', 'S', '2015-06-11 15:45:58', '2015-06-12 01:45:58'),
(13, 2, 'ACAXOCHITLAN', 'S', '2015-06-11 15:45:58', '2015-06-12 01:45:58'),
(13, 3, 'ACTOPAN', 'S', '2015-06-11 15:45:58', '2015-06-12 01:45:58'),
(13, 4, 'AGUA BLANCA DE ITURBIDE', 'S', '2015-06-11 15:45:58', '2015-06-12 01:45:58'),
(13, 5, 'AJACUBA', 'S', '2015-06-11 15:45:58', '2015-06-12 01:45:58'),
(13, 6, 'ALFAJAYUCAN', 'S', '2015-06-11 15:45:58', '2015-06-12 01:45:58'),
(13, 7, 'ALMOLOYA', 'S', '2015-06-11 15:45:58', '2015-06-12 01:45:58'),
(13, 8, 'APAN', 'S', '2015-06-11 15:45:58', '2015-06-12 01:45:58'),
(13, 9, 'ATITALAQUIA', 'S', '2015-06-11 15:45:58', '2015-06-12 01:45:58'),
(13, 10, 'ATLAPEXCO', 'S', '2015-06-11 15:45:58', '2015-06-12 01:45:58'),
(13, 11, 'ATOTONILCO EL GRANDE', 'S', '2015-06-11 15:45:58', '2015-06-12 01:45:58'),
(13, 12, 'ATOTONILCO DE TULA', 'S', '2015-06-11 15:45:58', '2015-06-12 01:45:58'),
(13, 13, 'CALNALI', 'S', '2015-06-11 15:45:58', '2015-06-12 01:45:58'),
(13, 14, 'CARDONAL', 'S', '2015-06-11 15:45:58', '2015-06-12 01:45:58'),
(13, 15, 'CUAUTEPEC DE HINOJOSA', 'S', '2015-06-11 15:45:58', '2015-06-12 01:45:58'),
(13, 16, 'CHAPANTONGO', 'S', '2015-06-11 15:45:58', '2015-06-12 01:45:58'),
(13, 17, 'CHAPULHUACAN', 'S', '2015-06-11 15:45:58', '2015-06-12 01:45:58'),
(13, 18, 'CHILCUAUTLA', 'S', '2015-06-11 15:45:58', '2015-06-12 01:45:58'),
(13, 19, 'EL ARENAL', 'S', '2015-06-11 15:45:58', '2015-06-12 01:45:58'),
(13, 20, 'ELOXOCHITLAN', 'S', '2015-06-11 15:45:58', '2015-06-12 01:45:58'),
(13, 21, 'EMILIANO ZAPATA', 'S', '2015-06-11 15:45:58', '2015-06-12 01:45:58'),
(13, 22, 'EPAZOYUCAN', 'S', '2015-06-11 15:45:58', '2015-06-12 01:45:58'),
(13, 23, 'FRANCISCO I. MADERO', 'S', '2015-06-11 15:45:58', '2015-06-12 01:45:58'),
(13, 24, 'HUASCA DE OCAMPO', 'S', '2015-06-11 15:45:58', '2015-06-12 01:45:58'),
(13, 25, 'HUAUTLA', 'S', '2015-06-11 15:45:58', '2015-06-12 01:45:58'),
(13, 26, 'HUAZALINGO', 'S', '2015-06-11 15:45:58', '2015-06-12 01:45:58'),
(13, 27, 'HUEHUETLA', 'S', '2015-06-11 15:45:58', '2015-06-12 01:45:58'),
(13, 28, 'HUEJUTLA DE REYES', 'S', '2015-06-11 15:45:58', '2015-06-12 01:45:58'),
(13, 29, 'HUICHAPAN', 'S', '2015-06-11 15:45:58', '2015-06-12 01:45:58'),
(13, 30, 'IXMIQUILPAN', 'S', '2015-06-11 15:45:58', '2015-06-12 01:45:58'),
(13, 31, 'JACALA DE LEDEZMA', 'S', '2015-06-11 15:45:58', '2015-06-12 01:45:58'),
(13, 32, 'JALTOCAN', 'S', '2015-06-11 15:45:58', '2015-06-12 01:45:58'),
(13, 33, 'JUAREZ HIDALGO', 'S', '2015-06-11 15:45:58', '2015-06-12 01:45:58'),
(13, 34, 'LA MISION', 'S', '2015-06-11 15:45:58', '2015-06-12 01:45:58'),
(13, 35, 'LOLOTLA', 'S', '2015-06-11 15:45:58', '2015-06-12 01:45:58'),
(13, 36, 'METEPEC', 'S', '2015-06-11 15:45:58', '2015-06-12 01:45:58'),
(13, 37, 'METZTITLAN', 'S', '2015-06-11 15:45:58', '2015-06-12 01:45:58'),
(13, 38, 'MINERAL DEL CHICO', 'S', '2015-06-11 15:45:58', '2015-06-12 01:45:58'),
(13, 39, 'MINERAL DEL MONTE', 'S', '2015-06-11 15:45:58', '2015-06-12 01:45:58'),
(13, 40, 'MINERAL DE LA REFORMA', 'S', '2015-06-11 15:45:58', '2015-06-12 01:45:58'),
(13, 47, 'PACHUCA DE SOTO', 'S', '2015-06-11 15:45:58', '2015-06-12 01:45:58'),
(13, 41, 'MIXQUIAHUALA DE JUAREZ', 'S', '2015-06-11 15:45:58', '2015-06-12 01:45:58'),
(13, 42, 'MOLANGO DE ESCAMILLA', 'S', '2015-06-11 15:45:58', '2015-06-12 01:45:58'),
(13, 43, 'NICOLAS FLORES', 'S', '2015-06-11 15:45:58', '2015-06-12 01:45:58'),
(13, 44, 'NOPALA DE VILLAGRAN', 'S', '2015-06-11 15:45:58', '2015-06-12 01:45:58'),
(13, 45, 'OMITLAN DE JUAREZ', 'S', '2015-06-11 15:45:58', '2015-06-12 01:45:58'),
(13, 46, 'PACULA', 'S', '2015-06-11 15:45:58', '2015-06-12 01:45:58'),
(13, 48, 'PISAFLORES', 'S', '2015-06-11 15:45:58', '2015-06-12 01:45:58'),
(13, 49, 'PROGRESO DE OBREGON', 'S', '2015-06-11 15:45:58', '2015-06-12 01:45:58'),
(13, 50, 'SAN AGUSTIN METZQUITITLAN', 'S', '2015-06-11 15:45:58', '2015-06-12 01:45:58'),
(13, 51, 'SAN AGUSTIN TLAXIACA', 'S', '2015-06-11 15:45:58', '2015-06-12 01:45:58'),
(13, 52, 'SAN BARTOLO TUTOTEPEC', 'S', '2015-06-11 15:45:58', '2015-06-12 01:45:58'),
(13, 53, 'SAN FELIPE ORIZATLAN', 'S', '2015-06-11 15:45:58', '2015-06-12 01:45:58'),
(13, 54, 'SAN SALVADOR', 'S', '2015-06-11 15:45:58', '2015-06-12 01:45:58'),
(13, 55, 'SANTIAGO DE ANAYA', 'S', '2015-06-11 15:45:58', '2015-06-12 01:45:58'),
(13, 56, 'SANTIAGO TULANTEPEC DE LUGO GUERRERO', 'S', '2015-06-11 15:45:58', '2015-06-12 01:45:58'),
(13, 57, 'SINGUILUCAN', 'S', '2015-06-11 15:45:58', '2015-06-12 01:45:58'),
(13, 58, 'TASQUILLO', 'S', '2015-06-11 15:45:58', '2015-06-12 01:45:58'),
(13, 59, 'TECOZAUTLA', 'S', '2015-06-11 15:45:58', '2015-06-12 01:45:58'),
(13, 60, 'TENANGO DE DORIA', 'S', '2015-06-11 15:45:58', '2015-06-12 01:45:58'),
(13, 61, 'TEPEAPULCO', 'S', '2015-06-11 15:45:58', '2015-06-12 01:45:58'),
(13, 62, 'TEPEHUACAN DE GUERRERO', 'S', '2015-06-11 15:45:58', '2015-06-12 01:45:58'),
(13, 63, 'TEPEJI DEL RIO DE OCAMPO', 'S', '2015-06-11 15:45:58', '2015-06-12 01:45:58'),
(13, 64, 'TEPETITLAN', 'S', '2015-06-11 15:45:58', '2015-06-12 01:45:58'),
(13, 65, 'TETEPANGO', 'S', '2015-06-11 15:45:58', '2015-06-12 01:45:58'),
(13, 66, 'TEZONTEPEC DE ALDAMA', 'S', '2015-06-11 15:45:58', '2015-06-12 01:45:58'),
(13, 67, 'TIANGUISTENGO', 'S', '2015-06-11 15:45:58', '2015-06-12 01:45:58'),
(13, 68, 'TIZAYUCA', 'S', '2015-06-11 15:45:58', '2015-06-12 01:45:58'),
(13, 69, 'TLAHUELILPAN', 'S', '2015-06-11 15:45:58', '2015-06-12 01:45:58'),
(13, 70, 'TLAHUILTEPA', 'S', '2015-06-11 15:45:58', '2015-06-12 01:45:58'),
(13, 71, 'TLANALAPA', 'S', '2015-06-11 15:45:58', '2015-06-12 01:45:58'),
(13, 72, 'TLANCHINOL', 'S', '2015-06-11 15:45:58', '2015-06-12 01:45:58'),
(13, 73, 'TLAXCOAPAN', 'S', '2015-06-11 15:45:58', '2015-06-12 01:45:58'),
(13, 74, 'TOLCAYUCA', 'S', '2015-06-11 15:45:58', '2015-06-12 01:45:58'),
(13, 75, 'TULA DE ALLENDE', 'S', '2015-06-11 15:45:58', '2015-06-12 01:45:58'),
(13, 76, 'TULANCINGO DE BRAVO', 'S', '2015-06-11 15:45:58', '2015-06-12 01:45:58'),
(13, 77, 'VILLA DE TEZONTEPEC', 'S', '2015-06-11 15:45:58', '2015-06-12 01:45:58'),
(13, 78, 'XOCHIATIPAN', 'S', '2015-06-11 15:45:58', '2015-06-12 01:45:58'),
(13, 79, 'XOCHICOATLAN', 'S', '2015-06-11 15:45:58', '2015-06-12 01:45:58'),
(13, 80, 'YAHUALICA', 'S', '2015-06-11 15:45:58', '2015-06-12 01:45:58'),
(13, 81, 'ZACUALTIPAN DE ANGELES', 'S', '2015-06-11 15:45:58', '2015-06-12 01:45:58'),
(13, 82, 'ZAPOTLAN DE JUAREZ', 'S', '2015-06-11 15:45:58', '2015-06-12 01:45:58'),
(13, 83, 'ZEMPOALA', 'S', '2015-06-11 15:45:58', '2015-06-12 01:45:58'),
(13, 84, 'ZIMAPAN', 'S', '2015-06-11 15:45:58', '2015-06-12 01:45:58'),
(14, 1, 'ACATIC', 'S', '2015-06-11 15:45:58', '2015-06-12 01:45:58'),
(14, 2, 'ACATLAN DE JUAREZ', 'S', '2015-06-11 15:45:58', '2015-06-12 01:45:58'),
(14, 3, 'AHUALULCO DE MERCADO', 'S', '2015-06-11 15:45:58', '2015-06-12 01:45:58'),
(14, 4, 'AMACUECA', 'S', '2015-06-11 15:45:58', '2015-06-12 01:45:58'),
(14, 5, 'AMATITAN', 'S', '2015-06-11 15:45:58', '2015-06-12 01:45:58'),
(14, 6, 'AMECA', 'S', '2015-06-11 15:45:58', '2015-06-12 01:45:58'),
(14, 7, 'SAN JUANITO DE ESCOBEDO', 'S', '2015-06-11 15:45:58', '2015-06-12 01:45:58'),
(14, 8, 'ARANDAS', 'S', '2015-06-11 15:45:58', '2015-06-12 01:45:58'),
(14, 125, 'SAN IGNACIO CERRO GORDO', 'S', '2015-06-11 15:45:58', '2015-06-12 01:45:58'),
(14, 9, 'EL ARENAL', 'S', '2015-06-11 15:45:58', '2015-06-12 01:45:58'),
(14, 10, 'ATEMAJAC DE BRIZUELA', 'S', '2015-06-11 15:45:58', '2015-06-12 01:45:58'),
(14, 11, 'ATENGO', 'S', '2015-06-11 15:45:58', '2015-06-12 01:45:58'),
(14, 12, 'ATENGUILLO', 'S', '2015-06-11 15:45:58', '2015-06-12 01:45:58'),
(14, 13, 'ATOTONILCO EL ALTO', 'S', '2015-06-11 15:45:58', '2015-06-12 01:45:58'),
(14, 14, 'ATOYAC', 'S', '2015-06-11 15:45:58', '2015-06-12 01:45:58'),
(14, 15, 'AUTLAN DE NAVARRO', 'S', '2015-06-11 15:45:58', '2015-06-12 01:45:58'),
(14, 16, 'AYOTLAN', 'S', '2015-06-11 15:45:58', '2015-06-12 01:45:58'),
(14, 17, 'AYUTLA', 'S', '2015-06-11 15:45:58', '2015-06-12 01:45:58'),
(14, 18, 'LA BARCA', 'S', '2015-06-11 15:45:58', '2015-06-12 01:45:58'),
(14, 19, 'BOLA¾OS', 'S', '2015-06-11 15:45:58', '2015-06-12 01:45:58'),
(14, 20, 'CABO CORRIENTES', 'S', '2015-06-11 15:45:58', '2015-06-12 01:45:58'),
(14, 21, 'CASIMIRO CASTILLO', 'S', '2015-06-11 15:45:58', '2015-06-12 01:45:58'),
(14, 22, 'CIHUATLAN', 'S', '2015-06-11 15:45:58', '2015-06-12 01:45:58'),
(14, 23, 'ZAPOTLAN EL GRANDE', 'S', '2015-06-11 15:45:58', '2015-06-12 01:45:58'),
(14, 24, 'SAN GABRIEL', 'S', '2015-06-11 15:45:58', '2015-06-12 01:45:58'),
(14, 25, 'COCULA', 'S', '2015-06-11 15:45:58', '2015-06-12 01:45:58'),
(14, 26, 'COLOTLAN', 'S', '2015-06-11 15:45:58', '2015-06-12 01:45:58'),
(14, 27, 'CONCEPCION DE BUENOS AIRES', 'S', '2015-06-11 15:45:58', '2015-06-12 01:45:58'),
(14, 28, 'CUAUTITLAN DE GARCIA BARRAGAN', 'S', '2015-06-11 15:45:58', '2015-06-12 01:45:58'),
(14, 29, 'CUAUTLA', 'S', '2015-06-11 15:45:58', '2015-06-12 01:45:58'),
(14, 30, 'CUQUIO', 'S', '2015-06-11 15:45:58', '2015-06-12 01:45:58'),
(14, 31, 'CHAPALA', 'S', '2015-06-11 15:45:58', '2015-06-12 01:45:58'),
(14, 32, 'CHIMALTITAN', 'S', '2015-06-11 15:45:58', '2015-06-12 01:45:58'),
(14, 33, 'CHIQUILISTLAN', 'S', '2015-06-11 15:45:58', '2015-06-12 01:45:58'),
(14, 34, 'DEGOLLADO', 'S', '2015-06-11 15:45:58', '2015-06-12 01:45:58'),
(14, 35, 'EJUTLA', 'S', '2015-06-11 15:45:58', '2015-06-12 01:45:58'),
(14, 36, 'ENCARNACION DE DIAZ', 'S', '2015-06-11 15:45:58', '2015-06-12 01:45:58'),
(14, 37, 'ETZATLAN', 'S', '2015-06-11 15:45:58', '2015-06-12 01:45:58'),
(14, 38, 'GOMEZ FARIAS', 'S', '2015-06-11 15:45:58', '2015-06-12 01:45:58'),
(14, 39, 'EL GRULLO', 'S', '2015-06-11 15:45:58', '2015-06-12 01:45:58'),
(14, 40, 'GUACHINANGO', 'S', '2015-06-11 15:45:58', '2015-06-12 01:45:58'),
(14, 41, 'GUADALAJARA', 'S', '2015-06-11 15:45:58', '2015-06-12 01:45:58'),
(14, 42, 'HOSTOTIPAQUILLO', 'S', '2015-06-11 15:45:58', '2015-06-12 01:45:58'),
(14, 43, 'HUEJUCAR', 'S', '2015-06-11 15:45:58', '2015-06-12 01:45:58'),
(14, 44, 'HUEJUQUILLA EL ALTO', 'S', '2015-06-11 15:45:58', '2015-06-12 01:45:58'),
(14, 45, 'LA HUERTA', 'S', '2015-06-11 15:45:58', '2015-06-12 01:45:58'),
(14, 46, 'IXTLAHUACAN DE LOS MEMBRILLOS', 'S', '2015-06-11 15:45:58', '2015-06-12 01:45:58'),
(14, 47, 'IXTLAHUACAN DEL RIO', 'S', '2015-06-11 15:45:58', '2015-06-12 01:45:58'),
(14, 48, 'JALOSTOTITLAN', 'S', '2015-06-11 15:45:58', '2015-06-12 01:45:58'),
(14, 49, 'JAMAY', 'S', '2015-06-11 15:45:58', '2015-06-12 01:45:58'),
(14, 50, 'JESUS MARIA', 'S', '2015-06-11 15:45:58', '2015-06-12 01:45:58'),
(14, 51, 'JILOTLAN DE LOS DOLORES', 'S', '2015-06-11 15:45:58', '2015-06-12 01:45:58'),
(14, 52, 'JOCOTEPEC', 'S', '2015-06-11 15:45:58', '2015-06-12 01:45:58'),
(14, 53, 'JUANACATLAN', 'S', '2015-06-11 15:45:58', '2015-06-12 01:45:58'),
(14, 54, 'JUCHITLAN', 'S', '2015-06-11 15:45:58', '2015-06-12 01:45:58'),
(14, 55, 'LAGOS DE MORENO', 'S', '2015-06-11 15:45:58', '2015-06-12 01:45:58'),
(14, 56, 'EL LIMON', 'S', '2015-06-11 15:45:58', '2015-06-12 01:45:58'),
(14, 57, 'MAGDALENA', 'S', '2015-06-11 15:45:58', '2015-06-12 01:45:58'),
(14, 58, 'SANTA MARIA DEL ORO', 'S', '2015-06-11 15:45:58', '2015-06-12 01:45:58'),
(14, 59, 'LA MANZANILLA DE LA PAZ', 'S', '2015-06-11 15:45:58', '2015-06-12 01:45:58'),
(14, 60, 'MASCOTA', 'S', '2015-06-11 15:45:58', '2015-06-12 01:45:58'),
(14, 61, 'MAZAMITLA', 'S', '2015-06-11 15:45:58', '2015-06-12 01:45:58'),
(14, 62, 'MEXTICACAN', 'S', '2015-06-11 15:45:58', '2015-06-12 01:45:58'),
(14, 63, 'MEZQUITIC', 'S', '2015-06-11 15:45:58', '2015-06-12 01:45:58'),
(14, 64, 'MIXTLAN', 'S', '2015-06-11 15:45:58', '2015-06-12 01:45:58'),
(14, 65, 'OCOTLAN', 'S', '2015-06-11 15:45:58', '2015-06-12 01:45:58'),
(14, 66, 'OJUELOS DE JALISCO', 'S', '2015-06-11 15:45:58', '2015-06-12 01:45:58'),
(14, 67, 'PIHUAMO', 'S', '2015-06-11 15:45:58', '2015-06-12 01:45:58'),
(14, 68, 'PONCITLAN', 'S', '2015-06-11 15:45:58', '2015-06-12 01:45:58'),
(14, 69, 'PUERTO VALLARTA', 'S', '2015-06-11 15:45:58', '2015-06-12 01:45:58'),
(14, 70, 'VILLA PURIFICACION', 'S', '2015-06-11 15:45:58', '2015-06-12 01:45:58'),
(14, 71, 'QUITUPAN', 'S', '2015-06-11 15:45:58', '2015-06-12 01:45:58'),
(14, 72, 'EL SALTO', 'S', '2015-06-11 15:45:58', '2015-06-12 01:45:58'),
(14, 73, 'SAN CRISTOBAL DE LA BARRANCA', 'S', '2015-06-11 15:45:58', '2015-06-12 01:45:58'),
(14, 74, 'SAN DIEGO DE ALEJANDRIA', 'S', '2015-06-11 15:45:58', '2015-06-12 01:45:58'),
(14, 75, 'SAN JUAN DE LOS LAGOS', 'S', '2015-06-11 15:45:58', '2015-06-12 01:45:58'),
(14, 76, 'SAN JULIAN', 'S', '2015-06-11 15:45:58', '2015-06-12 01:45:58'),
(14, 77, 'SAN MARCOS', 'S', '2015-06-11 15:45:58', '2015-06-12 01:45:58'),
(14, 78, 'SAN MARTIN DE BOLA¾OS', 'S', '2015-06-11 15:45:58', '2015-06-12 01:45:58'),
(14, 79, 'SAN MARTIN HIDALGO', 'S', '2015-06-11 15:45:58', '2015-06-12 01:45:58'),
(14, 80, 'SAN MIGUEL EL ALTO', 'S', '2015-06-11 15:45:58', '2015-06-12 01:45:58'),
(14, 81, 'SAN SEBASTIAN DEL OESTE', 'S', '2015-06-11 15:45:58', '2015-06-12 01:45:58'),
(14, 82, 'SANTA MARIA DE LOS ANGELES', 'S', '2015-06-11 15:45:58', '2015-06-12 01:45:58'),
(14, 83, 'SAYULA', 'S', '2015-06-11 15:45:58', '2015-06-12 01:45:58'),
(14, 84, 'TALA', 'S', '2015-06-11 15:45:58', '2015-06-12 01:45:58'),
(14, 85, 'TALPA DE ALLENDE', 'S', '2015-06-11 15:45:58', '2015-06-12 01:45:58'),
(14, 86, 'TAMAZULA DE GORDIANO', 'S', '2015-06-11 15:45:58', '2015-06-12 01:45:58'),
(14, 87, 'TAPALPA', 'S', '2015-06-11 15:45:58', '2015-06-12 01:45:58'),
(14, 88, 'TECALITLAN', 'S', '2015-06-11 15:45:58', '2015-06-12 01:45:58'),
(14, 89, 'TECOLOTLAN', 'S', '2015-06-11 15:45:58', '2015-06-12 01:45:58'),
(14, 90, 'TECHALUTA DE MONTENEGRO', 'S', '2015-06-11 15:45:58', '2015-06-12 01:45:58'),
(14, 91, 'TENAMAXTLAN', 'S', '2015-06-11 15:45:58', '2015-06-12 01:45:58'),
(14, 92, 'TEOCALTICHE', 'S', '2015-06-11 15:45:58', '2015-06-12 01:45:58'),
(14, 93, 'TEOCUITATLAN DE CORONA', 'S', '2015-06-11 15:45:58', '2015-06-12 01:45:58'),
(14, 94, 'TEPATITLAN DE MORELOS', 'S', '2015-06-11 15:45:58', '2015-06-12 01:45:58'),
(14, 95, 'TEQUILA', 'S', '2015-06-11 15:45:58', '2015-06-12 01:45:58'),
(14, 96, 'TEUCHITLAN', 'S', '2015-06-11 15:45:58', '2015-06-12 01:45:58'),
(14, 97, 'TIZAPAN EL ALTO', 'S', '2015-06-11 15:45:58', '2015-06-12 01:45:58'),
(14, 98, 'TLAJOMULCO DE ZU¾IGA', 'S', '2015-06-11 15:45:58', '2015-06-12 01:45:58'),
(14, 99, 'TLAQUEPAQUE', 'S', '2015-06-11 15:45:58', '2015-06-12 01:45:58'),
(14, 100, 'TOLIMAN', 'S', '2015-06-11 15:45:58', '2015-06-12 01:45:58'),
(14, 101, 'TOMATLAN', 'S', '2015-06-11 15:45:58', '2015-06-12 01:45:58'),
(14, 102, 'TONALA', 'S', '2015-06-11 15:45:58', '2015-06-12 01:45:58'),
(14, 103, 'TONAYA', 'S', '2015-06-11 15:45:58', '2015-06-12 01:45:58'),
(14, 104, 'TONILA', 'S', '2015-06-11 15:45:58', '2015-06-12 01:45:58'),
(14, 105, 'TOTATICHE', 'S', '2015-06-11 15:45:58', '2015-06-12 01:45:58'),
(14, 106, 'TOTOTLAN', 'S', '2015-06-11 15:45:58', '2015-06-12 01:45:58'),
(14, 107, 'TUXCACUESCO', 'S', '2015-06-11 15:45:58', '2015-06-12 01:45:58'),
(14, 108, 'TUXCUECA', 'S', '2015-06-11 15:45:58', '2015-06-12 01:45:58'),
(14, 109, 'TUXPAN', 'S', '2015-06-11 15:45:58', '2015-06-12 01:45:58'),
(14, 110, 'UNION DE SAN ANTONIO', 'S', '2015-06-11 15:45:58', '2015-06-12 01:45:58'),
(14, 111, 'UNION DE TULA', 'S', '2015-06-11 15:45:58', '2015-06-12 01:45:58'),
(14, 112, 'VALLE DE GUADALUPE', 'S', '2015-06-11 15:45:58', '2015-06-12 01:45:58'),
(14, 113, 'VALLE DE JUAREZ', 'S', '2015-06-11 15:45:58', '2015-06-12 01:45:58'),
(14, 114, 'VILLA CORONA', 'S', '2015-06-11 15:45:58', '2015-06-12 01:45:58'),
(14, 115, 'VILLA GUERRERO', 'S', '2015-06-11 15:45:58', '2015-06-12 01:45:58'),
(14, 116, 'VILLA HIDALGO', 'S', '2015-06-11 15:45:58', '2015-06-12 01:45:58'),
(14, 117, 'CA¾ADAS DE OBREGON', 'S', '2015-06-11 15:45:58', '2015-06-12 01:45:58'),
(14, 118, 'YAHUALICA DE GONZALEZ GALLO', 'S', '2015-06-11 15:45:58', '2015-06-12 01:45:58'),
(14, 119, 'ZACOALCO DE TORRES', 'S', '2015-06-11 15:45:58', '2015-06-12 01:45:58'),
(14, 120, 'ZAPOPAN', 'S', '2015-06-11 15:45:58', '2015-06-12 01:45:58'),
(14, 121, 'ZAPOTILTIC', 'S', '2015-06-11 15:45:58', '2015-06-12 01:45:58'),
(14, 122, 'ZAPOTITLAN DE VADILLO', 'S', '2015-06-11 15:45:58', '2015-06-12 01:45:58'),
(14, 123, 'ZAPOTLAN DEL REY', 'S', '2015-06-11 15:45:58', '2015-06-12 01:45:58'),
(14, 124, 'ZAPOTLANEJO', 'S', '2015-06-11 15:45:58', '2015-06-12 01:45:58'),
(15, 1, 'ACAMBAY', 'S', '2015-06-11 15:45:58', '2015-06-12 01:45:58'),
(15, 2, 'ACOLMAN', 'S', '2015-06-11 15:45:58', '2015-06-12 01:45:58'),
(15, 3, 'ACULCO', 'S', '2015-06-11 15:45:58', '2015-06-12 01:45:58'),
(15, 4, 'ALMOLOYA DE ALQUISIRAS', 'S', '2015-06-11 15:45:58', '2015-06-12 01:45:58'),
(15, 5, 'ALMOLOYA DE JUAREZ', 'S', '2015-06-11 15:45:58', '2015-06-12 01:45:58'),
(15, 6, 'ALMOLOYA DEL RIO', 'S', '2015-06-11 15:45:58', '2015-06-12 01:45:58'),
(15, 7, 'AMANALCO', 'S', '2015-06-11 15:45:58', '2015-06-12 01:45:58'),
(15, 8, 'AMATEPEC', 'S', '2015-06-11 15:45:58', '2015-06-12 01:45:58'),
(15, 9, 'AMECAMECA', 'S', '2015-06-11 15:45:58', '2015-06-12 01:45:58'),
(15, 10, 'APAXCO', 'S', '2015-06-11 15:45:58', '2015-06-12 01:45:58'),
(15, 11, 'ATENCO', 'S', '2015-06-11 15:45:58', '2015-06-12 01:45:58'),
(15, 12, 'ATIZAPAN', 'S', '2015-06-11 15:45:58', '2015-06-12 01:45:58'),
(15, 13, 'ATIZAPAN DE ZARAGOZA', 'S', '2015-06-11 15:45:58', '2015-06-12 01:45:58');
INSERT INTO `geo_cat_municipios` (`id_estado`, `id_municipio`, `nombre_municipio`, `activo`, `fecha_creacion`, `fecha_modificacion`) VALUES
(15, 14, 'ATLACOMULCO', 'S', '2015-06-11 15:45:58', '2015-06-12 01:45:58'),
(15, 15, 'ATLAUTLA', 'S', '2015-06-11 15:45:58', '2015-06-12 01:45:58'),
(15, 16, 'AXAPUSCO', 'S', '2015-06-11 15:45:58', '2015-06-12 01:45:58'),
(15, 17, 'AYAPANGO', 'S', '2015-06-11 15:45:58', '2015-06-12 01:45:58'),
(15, 18, 'CALIMAYA', 'S', '2015-06-11 15:45:58', '2015-06-12 01:45:58'),
(15, 19, 'CAPULHUAC', 'S', '2015-06-11 15:45:58', '2015-06-12 01:45:58'),
(15, 20, 'COACALCO DE BERRIOZABAL', 'S', '2015-06-11 15:45:58', '2015-06-12 01:45:58'),
(15, 21, 'COATEPEC HARINAS', 'S', '2015-06-11 15:45:58', '2015-06-12 01:45:58'),
(15, 22, 'COCOTITLAN', 'S', '2015-06-11 15:45:58', '2015-06-12 01:45:58'),
(15, 23, 'COYOTEPEC', 'S', '2015-06-11 15:45:58', '2015-06-12 01:45:58'),
(15, 24, 'CUAUTITLAN', 'S', '2015-06-11 15:45:58', '2015-06-12 01:45:58'),
(15, 25, 'CUAUTITLAN IZCALLI', 'S', '2015-06-11 15:45:58', '2015-06-12 01:45:58'),
(15, 122, 'V. DE CHALCO SOLIDARIDAD', 'S', '2015-06-11 15:45:58', '2015-06-12 01:45:58'),
(15, 26, 'VALLE DE CHALCO SOLIDARIDAD', 'S', '2015-06-11 15:45:58', '2015-06-12 01:45:58'),
(15, 27, 'CHAPA DE MOTA', 'S', '2015-06-11 15:45:58', '2015-06-12 01:45:58'),
(15, 28, 'CHAPULTEPEC', 'S', '2015-06-11 15:45:58', '2015-06-12 01:45:58'),
(15, 29, 'CHIAUTLA', 'S', '2015-06-11 15:45:58', '2015-06-12 01:45:58'),
(15, 30, 'CHICOLOAPAN', 'S', '2015-06-11 15:45:58', '2015-06-12 01:45:58'),
(15, 31, 'CHICONCUAC', 'S', '2015-06-11 15:45:58', '2015-06-12 01:45:58'),
(15, 32, 'CHIMALHUACAN', 'S', '2015-06-11 15:45:58', '2015-06-12 01:45:58'),
(15, 33, 'DONATO GUERRA', 'S', '2015-06-11 15:45:58', '2015-06-12 01:45:58'),
(15, 34, 'ECATEPEC DE MORELOS', 'S', '2015-06-11 15:45:58', '2015-06-12 01:45:58'),
(15, 35, 'ECATZINGO', 'S', '2015-06-11 15:45:58', '2015-06-12 01:45:58'),
(15, 36, 'HUEHUETOCA', 'S', '2015-06-11 15:45:58', '2015-06-12 01:45:58'),
(15, 37, 'HUEYPOXTLA', 'S', '2015-06-11 15:45:58', '2015-06-12 01:45:58'),
(15, 38, 'HUIXQUILUCAN', 'S', '2015-06-11 15:45:58', '2015-06-12 01:45:58'),
(15, 39, 'ISIDRO FABELA', 'S', '2015-06-11 15:45:58', '2015-06-12 01:45:58'),
(15, 40, 'IXTAPALUCA', 'S', '2015-06-11 15:45:58', '2015-06-12 01:45:58'),
(15, 41, 'IXTAPAN DE LA SAL', 'S', '2015-06-11 15:45:58', '2015-06-12 01:45:58'),
(15, 42, 'IXTAPAN DEL ORO', 'S', '2015-06-11 15:45:58', '2015-06-12 01:45:58'),
(15, 43, 'IXTLAHUACA', 'S', '2015-06-11 15:45:58', '2015-06-12 01:45:58'),
(15, 44, 'XALATLACO', 'S', '2015-06-11 15:45:58', '2015-06-12 01:45:58'),
(15, 45, 'JALTENCO', 'S', '2015-06-11 15:45:58', '2015-06-12 01:45:58'),
(15, 125, 'TONANITLA', 'S', '2015-06-11 15:45:58', '2015-06-12 01:45:58'),
(15, 46, 'JILOTEPEC', 'S', '2015-06-11 15:45:58', '2015-06-12 01:45:58'),
(15, 47, 'JILOTZINGO', 'S', '2015-06-11 15:45:58', '2015-06-12 01:45:58'),
(15, 48, 'JIQUIPILCO', 'S', '2015-06-11 15:45:58', '2015-06-12 01:45:58'),
(15, 49, 'JOCOTITLAN', 'S', '2015-06-11 15:45:58', '2015-06-12 01:45:58'),
(15, 50, 'JOQUICINGO', 'S', '2015-06-11 15:45:58', '2015-06-12 01:45:58'),
(15, 51, 'JUCHITEPEC', 'S', '2015-06-11 15:45:58', '2015-06-12 01:45:58'),
(15, 52, 'LERMA', 'S', '2015-06-11 15:45:58', '2015-06-12 01:45:58'),
(15, 53, 'MALINALCO', 'S', '2015-06-11 15:45:58', '2015-06-12 01:45:58'),
(15, 54, 'MELCHOR OCAMPO', 'S', '2015-06-11 15:45:58', '2015-06-12 01:45:58'),
(15, 55, 'METEPEC', 'S', '2015-06-11 15:45:58', '2015-06-12 01:45:58'),
(15, 56, 'MEXICALTZINGO', 'S', '2015-06-11 15:45:58', '2015-06-12 01:45:58'),
(15, 57, 'MORELOS', 'S', '2015-06-11 15:45:58', '2015-06-12 01:45:58'),
(15, 58, 'NAUCALPAN DE JUAREZ', 'S', '2015-06-11 15:45:58', '2015-06-12 01:45:58'),
(15, 59, 'NEXTLALPAN', 'S', '2015-06-11 15:45:58', '2015-06-12 01:45:58'),
(15, 60, 'NEZAHUALCOYOTL', 'S', '2015-06-11 15:45:58', '2015-06-12 01:45:58'),
(15, 61, 'NICOLAS ROMERO', 'S', '2015-06-11 15:45:58', '2015-06-12 01:45:58'),
(15, 62, 'NOPALTEPEC', 'S', '2015-06-11 15:45:58', '2015-06-12 01:45:58'),
(15, 63, 'OCOYOACAC', 'S', '2015-06-11 15:45:58', '2015-06-12 01:45:58'),
(15, 64, 'OCUILAN', 'S', '2015-06-11 15:45:58', '2015-06-12 01:45:58'),
(15, 65, 'EL ORO', 'S', '2015-06-11 15:45:58', '2015-06-12 01:45:58'),
(15, 66, 'OTUMBA', 'S', '2015-06-11 15:45:58', '2015-06-12 01:45:58'),
(15, 67, 'OTZOLOAPAN', 'S', '2015-06-11 15:45:58', '2015-06-12 01:45:58'),
(15, 68, 'OTZOLOTEPEC', 'S', '2015-06-11 15:45:58', '2015-06-12 01:45:58'),
(15, 69, 'OZUMBA', 'S', '2015-06-11 15:45:58', '2015-06-12 01:45:58'),
(15, 70, 'PAPALOTLA', 'S', '2015-06-11 15:45:58', '2015-06-12 01:45:58'),
(15, 71, 'LA PAZ', 'S', '2015-06-11 15:45:58', '2015-06-12 01:45:58'),
(15, 72, 'POLOTITLAN', 'S', '2015-06-11 15:45:58', '2015-06-12 01:45:58'),
(15, 73, 'RAYON', 'S', '2015-06-11 15:45:58', '2015-06-12 01:45:58'),
(15, 74, 'SAN ANTONIO LA ISLA', 'S', '2015-06-11 15:45:58', '2015-06-12 01:45:58'),
(15, 75, 'SAN FELIPE DEL PROGRESO', 'S', '2015-06-11 15:45:58', '2015-06-12 01:45:58'),
(15, 124, 'SAN JOSE DEL RINCON', 'S', '2015-06-11 15:45:58', '2015-06-12 01:45:58'),
(15, 76, 'SAN MARTIN DE LAS PIRAMIDES', 'S', '2015-06-11 15:45:58', '2015-06-12 01:45:58'),
(15, 77, 'SAN MATEO ATENCO', 'S', '2015-06-11 15:45:58', '2015-06-12 01:45:58'),
(15, 78, 'SAN SIMON DE GUERRERO', 'S', '2015-06-11 15:45:58', '2015-06-12 01:45:58'),
(15, 79, 'SANTO TOMAS', 'S', '2015-06-11 15:45:58', '2015-06-12 01:45:58'),
(15, 80, 'SOYANIQUILPAN DE JUAREZ', 'S', '2015-06-11 15:45:58', '2015-06-12 01:45:58'),
(15, 81, 'SULTEPEC', 'S', '2015-06-11 15:45:58', '2015-06-12 01:45:58'),
(15, 82, 'TECAMAC', 'S', '2015-06-11 15:45:58', '2015-06-12 01:45:58'),
(15, 83, 'TEJUPILCO', 'S', '2015-06-11 15:45:58', '2015-06-12 01:45:58'),
(15, 123, 'LUVIANOS', 'S', '2015-06-11 15:45:58', '2015-06-12 01:45:58'),
(15, 84, 'TEMAMATLA', 'S', '2015-06-11 15:45:58', '2015-06-12 01:45:58'),
(15, 85, 'TEMASCALAPA', 'S', '2015-06-11 15:45:58', '2015-06-12 01:45:58'),
(15, 86, 'TEMASCALCINGO', 'S', '2015-06-11 15:45:58', '2015-06-12 01:45:58'),
(15, 87, 'TEMASCALTEPEC', 'S', '2015-06-11 15:45:58', '2015-06-12 01:45:58'),
(15, 88, 'TEMOAYA', 'S', '2015-06-11 15:45:58', '2015-06-12 01:45:58'),
(15, 89, 'TENANCINGO', 'S', '2015-06-11 15:45:58', '2015-06-12 01:45:58'),
(15, 90, 'TENANGO DEL AIRE', 'S', '2015-06-11 15:45:58', '2015-06-12 01:45:58'),
(15, 91, 'TENANGO DEL VALLE', 'S', '2015-06-11 15:45:58', '2015-06-12 01:45:58'),
(15, 92, 'TEOLOYUCAN', 'S', '2015-06-11 15:45:58', '2015-06-12 01:45:58'),
(15, 93, 'TEOTIHUACAN', 'S', '2015-06-11 15:45:58', '2015-06-12 01:45:58'),
(15, 94, 'TEPETLAOXTOC', 'S', '2015-06-11 15:45:58', '2015-06-12 01:45:58'),
(15, 95, 'TEPETLIXPA', 'S', '2015-06-11 15:45:58', '2015-06-12 01:45:58'),
(15, 96, 'TEPOTZOTLAN', 'S', '2015-06-11 15:45:58', '2015-06-12 01:45:58'),
(15, 97, 'TEQUIXQUIAC', 'S', '2015-06-11 15:45:58', '2015-06-12 01:45:58'),
(15, 98, 'TEXCALTITLAN', 'S', '2015-06-11 15:45:58', '2015-06-12 01:45:58'),
(15, 99, 'TEXCALYACAC', 'S', '2015-06-11 15:45:58', '2015-06-12 01:45:58'),
(15, 100, 'TEXCOCO', 'S', '2015-06-11 15:45:58', '2015-06-12 01:45:58'),
(15, 101, 'TEZOYUCA', 'S', '2015-06-11 15:45:58', '2015-06-12 01:45:58'),
(15, 102, 'TIANGUISTENCO', 'S', '2015-06-11 15:45:58', '2015-06-12 01:45:58'),
(15, 103, 'TIMILPAN', 'S', '2015-06-11 15:45:58', '2015-06-12 01:45:58'),
(15, 104, 'TLALMANALCO', 'S', '2015-06-11 15:45:58', '2015-06-12 01:45:58'),
(15, 105, 'TLALNEPANTLA DE BAZ', 'S', '2015-06-11 15:45:58', '2015-06-12 01:45:58'),
(15, 106, 'TLATLAYA', 'S', '2015-06-11 15:45:58', '2015-06-12 01:45:58'),
(15, 107, 'TOLUCA', 'S', '2015-06-11 15:45:58', '2015-06-12 01:45:58'),
(15, 108, 'TONATICO', 'S', '2015-06-11 15:45:58', '2015-06-12 01:45:58'),
(15, 109, 'TULTEPEC', 'S', '2015-06-11 15:45:58', '2015-06-12 01:45:58'),
(15, 110, 'TULTITLAN', 'S', '2015-06-11 15:45:58', '2015-06-12 01:45:58'),
(15, 111, 'VALLE DE BRAVO', 'S', '2015-06-11 15:45:58', '2015-06-12 01:45:58'),
(15, 112, 'VILLA DE ALLENDE', 'S', '2015-06-11 15:45:58', '2015-06-12 01:45:58'),
(15, 113, 'VILLA DEL CARBON', 'S', '2015-06-11 15:45:58', '2015-06-12 01:45:58'),
(15, 114, 'VILLA GUERRERO', 'S', '2015-06-11 15:45:58', '2015-06-12 01:45:58'),
(15, 115, 'VILLA VICTORIA', 'S', '2015-06-11 15:45:58', '2015-06-12 01:45:58'),
(15, 116, 'XONACATLAN', 'S', '2015-06-11 15:45:58', '2015-06-12 01:45:58'),
(15, 117, 'ZACAZONAPAN', 'S', '2015-06-11 15:45:58', '2015-06-12 01:45:58'),
(15, 118, 'ZACUALPAN', 'S', '2015-06-11 15:45:58', '2015-06-12 01:45:58'),
(15, 119, 'ZINACANTEPEC', 'S', '2015-06-11 15:45:58', '2015-06-12 01:45:58'),
(15, 120, 'ZUMPAHUACAN', 'S', '2015-06-11 15:45:58', '2015-06-12 01:45:58'),
(15, 121, 'ZUMPANGO', 'S', '2015-06-11 15:45:58', '2015-06-12 01:45:58'),
(16, 1, 'ACUITZIO', 'S', '2015-06-11 15:45:58', '2015-06-12 01:45:58'),
(16, 2, 'AGUILILLA', 'S', '2015-06-11 15:45:58', '2015-06-12 01:45:58'),
(16, 3, 'ALVARO OBREGON', 'S', '2015-06-11 15:45:58', '2015-06-12 01:45:58'),
(16, 4, 'ANGAMACUTIRO', 'S', '2015-06-11 15:45:58', '2015-06-12 01:45:58'),
(16, 5, 'ANGANGUEO', 'S', '2015-06-11 15:45:58', '2015-06-12 01:45:58'),
(16, 6, 'APATZINGAN', 'S', '2015-06-11 15:45:58', '2015-06-12 01:45:58'),
(16, 7, 'APORO', 'S', '2015-06-11 15:45:58', '2015-06-12 01:45:58'),
(16, 8, 'AQUILA', 'S', '2015-06-11 15:45:58', '2015-06-12 01:45:58'),
(16, 9, 'ARIO', 'S', '2015-06-11 15:45:58', '2015-06-12 01:45:58'),
(16, 10, 'ARTEAGA', 'S', '2015-06-11 15:45:58', '2015-06-12 01:45:58'),
(16, 11, 'BRISE¾AS', 'S', '2015-06-11 15:45:58', '2015-06-12 01:45:58'),
(16, 12, 'BUENAVISTA', 'S', '2015-06-11 15:45:58', '2015-06-12 01:45:58'),
(16, 13, 'CARACUARO', 'S', '2015-06-11 15:45:58', '2015-06-12 01:45:58'),
(16, 14, 'COAHUAYANA', 'S', '2015-06-11 15:45:58', '2015-06-12 01:45:58'),
(16, 15, 'COALCOMAN DE VAZQUEZ PALLARES', 'S', '2015-06-11 15:45:58', '2015-06-12 01:45:58'),
(16, 16, 'COENEO', 'S', '2015-06-11 15:45:58', '2015-06-12 01:45:58'),
(16, 17, 'CONTEPEC', 'S', '2015-06-11 15:45:58', '2015-06-12 01:45:58'),
(16, 18, 'COPANDARO', 'S', '2015-06-11 15:45:58', '2015-06-12 01:45:58'),
(16, 19, 'COTIJA', 'S', '2015-06-11 15:45:58', '2015-06-12 01:45:58'),
(16, 20, 'CUITZEO', 'S', '2015-06-11 15:45:58', '2015-06-12 01:45:58'),
(16, 21, 'CHARAPAN', 'S', '2015-06-11 15:45:58', '2015-06-12 01:45:58'),
(16, 22, 'CHARO', 'S', '2015-06-11 15:45:58', '2015-06-12 01:45:58'),
(16, 23, 'CHAVINDA', 'S', '2015-06-11 15:45:58', '2015-06-12 01:45:58'),
(16, 24, 'CHERAN', 'S', '2015-06-11 15:45:58', '2015-06-12 01:45:58'),
(16, 25, 'CHILCHOTA', 'S', '2015-06-11 15:45:58', '2015-06-12 01:45:58'),
(16, 26, 'CHINICUILA', 'S', '2015-06-11 15:45:58', '2015-06-12 01:45:58'),
(16, 27, 'CHUCANDIRO', 'S', '2015-06-11 15:45:58', '2015-06-12 01:45:58'),
(16, 28, 'CHURINTZIO', 'S', '2015-06-11 15:45:58', '2015-06-12 01:45:58'),
(16, 29, 'CHURUMUCO', 'S', '2015-06-11 15:45:58', '2015-06-12 01:45:58'),
(16, 30, 'ECUANDUREO', 'S', '2015-06-11 15:45:58', '2015-06-12 01:45:58'),
(16, 31, 'EPITACIO HUERTA', 'S', '2015-06-11 15:45:58', '2015-06-12 01:45:58'),
(16, 32, 'ERONGARICUARO', 'S', '2015-06-11 15:45:58', '2015-06-12 01:45:58'),
(16, 33, 'GABRIEL ZAMORA', 'S', '2015-06-11 15:45:58', '2015-06-12 01:45:58'),
(16, 34, 'HIDALGO', 'S', '2015-06-11 15:45:58', '2015-06-12 01:45:58'),
(16, 35, 'LA HUACANA', 'S', '2015-06-11 15:45:58', '2015-06-12 01:45:58'),
(16, 36, 'HUANDACAREO', 'S', '2015-06-11 15:45:58', '2015-06-12 01:45:58'),
(16, 37, 'HUANIQUEO', 'S', '2015-06-11 15:45:58', '2015-06-12 01:45:58'),
(16, 38, 'HUETAMO', 'S', '2015-06-11 15:45:58', '2015-06-12 01:45:58'),
(16, 39, 'HUIRAMBA', 'S', '2015-06-11 15:45:58', '2015-06-12 01:45:58'),
(16, 40, 'INDAPARAPEO', 'S', '2015-06-11 15:45:58', '2015-06-12 01:45:58'),
(16, 41, 'IRIMBO', 'S', '2015-06-11 15:45:58', '2015-06-12 01:45:58'),
(16, 42, 'IXTLAN', 'S', '2015-06-11 15:45:58', '2015-06-12 01:45:58'),
(16, 43, 'JACONA', 'S', '2015-06-11 15:45:58', '2015-06-12 01:45:58'),
(16, 44, 'JIMENEZ', 'S', '2015-06-11 15:45:58', '2015-06-12 01:45:58'),
(16, 45, 'JIQUILPAN', 'S', '2015-06-11 15:45:58', '2015-06-12 01:45:58'),
(16, 46, 'JOSE SIXTO VERDUZCO', 'S', '2015-06-11 15:45:58', '2015-06-12 01:45:58'),
(16, 47, 'JUAREZ', 'S', '2015-06-11 15:45:58', '2015-06-12 01:45:58'),
(16, 48, 'JUNGAPEO', 'S', '2015-06-11 15:45:58', '2015-06-12 01:45:58'),
(16, 49, 'LAGUNILLAS', 'S', '2015-06-11 15:45:58', '2015-06-12 01:45:58'),
(16, 50, 'LAZARO CARDENAS', 'S', '2015-06-11 15:45:58', '2015-06-12 01:45:58'),
(16, 51, 'MADERO', 'S', '2015-06-11 15:45:58', '2015-06-12 01:45:58'),
(16, 52, 'MARAVATIO', 'S', '2015-06-11 15:45:58', '2015-06-12 01:45:58'),
(16, 53, 'MARCOS CASTELLANOS', 'S', '2015-06-11 15:45:58', '2015-06-12 01:45:58'),
(16, 54, 'MORELIA', 'S', '2015-06-11 15:45:58', '2015-06-12 01:45:58'),
(16, 55, 'MORELOS', 'S', '2015-06-11 15:45:58', '2015-06-12 01:45:58'),
(16, 56, 'MUGICA', 'S', '2015-06-11 15:45:58', '2015-06-12 01:45:58'),
(16, 57, 'NAHUATZEN', 'S', '2015-06-11 15:45:58', '2015-06-12 01:45:58'),
(16, 58, 'NOCUPETARO', 'S', '2015-06-11 15:45:58', '2015-06-12 01:45:58'),
(16, 59, 'NUEVO PARANGARICUTIRO', 'S', '2015-06-11 15:45:58', '2015-06-12 01:45:58'),
(16, 60, 'NUEVO URECHO', 'S', '2015-06-11 15:45:58', '2015-06-12 01:45:58'),
(16, 61, 'NUMARAN', 'S', '2015-06-11 15:45:58', '2015-06-12 01:45:58'),
(16, 62, 'OCAMPO', 'S', '2015-06-11 15:45:58', '2015-06-12 01:45:58'),
(16, 63, 'PAJACUARAN', 'S', '2015-06-11 15:45:58', '2015-06-12 01:45:58'),
(16, 64, 'PANINDICUARO', 'S', '2015-06-11 15:45:58', '2015-06-12 01:45:58'),
(16, 65, 'PARACUARO', 'S', '2015-06-11 15:45:58', '2015-06-12 01:45:58'),
(16, 66, 'PARACHO', 'S', '2015-06-11 15:45:58', '2015-06-12 01:45:58'),
(16, 67, 'PATZCUARO', 'S', '2015-06-11 15:45:58', '2015-06-12 01:45:58'),
(16, 68, 'PENJAMILLO', 'S', '2015-06-11 15:45:58', '2015-06-12 01:45:58'),
(16, 69, 'PERIBAN', 'S', '2015-06-11 15:45:58', '2015-06-12 01:45:58'),
(16, 70, 'LA PIEDAD', 'S', '2015-06-11 15:45:58', '2015-06-12 01:45:58'),
(16, 71, 'PUREPERO', 'S', '2015-06-11 15:45:58', '2015-06-12 01:45:58'),
(16, 72, 'PURUANDIRO', 'S', '2015-06-11 15:45:58', '2015-06-12 01:45:58'),
(16, 73, 'QUERENDARO', 'S', '2015-06-11 15:45:58', '2015-06-12 01:45:58'),
(16, 74, 'QUIROGA', 'S', '2015-06-11 15:45:58', '2015-06-12 01:45:58'),
(16, 75, 'COJUMATLAN DE REGULES', 'S', '2015-06-11 15:45:58', '2015-06-12 01:45:58'),
(16, 76, 'LOS REYES', 'S', '2015-06-11 15:45:58', '2015-06-12 01:45:58'),
(16, 77, 'SAHUAYO', 'S', '2015-06-11 15:45:58', '2015-06-12 01:45:58'),
(16, 78, 'SAN LUCAS', 'S', '2015-06-11 15:45:58', '2015-06-12 01:45:58'),
(16, 79, 'SANTA ANA MAYA', 'S', '2015-06-11 15:45:58', '2015-06-12 01:45:58'),
(16, 80, 'SALVADOR ESCALANTE', 'S', '2015-06-11 15:45:58', '2015-06-12 01:45:58'),
(16, 81, 'SENGUIO', 'S', '2015-06-11 15:45:58', '2015-06-12 01:45:58'),
(16, 82, 'SUSUPUATO', 'S', '2015-06-11 15:45:58', '2015-06-12 01:45:58'),
(16, 83, 'TACAMBARO', 'S', '2015-06-11 15:45:58', '2015-06-12 01:45:58'),
(16, 84, 'TANCITARO', 'S', '2015-06-11 15:45:58', '2015-06-12 01:45:58'),
(16, 85, 'TANGAMANDAPIO', 'S', '2015-06-11 15:45:58', '2015-06-12 01:45:58'),
(16, 86, 'TANGANCICUARO', 'S', '2015-06-11 15:45:58', '2015-06-12 01:45:58'),
(16, 87, 'TANHUATO', 'S', '2015-06-11 15:45:58', '2015-06-12 01:45:58'),
(16, 88, 'TARETAN', 'S', '2015-06-11 15:45:58', '2015-06-12 01:45:58'),
(16, 89, 'TARIMBARO', 'S', '2015-06-11 15:45:58', '2015-06-12 01:45:58'),
(16, 90, 'TEPALCATEPEC', 'S', '2015-06-11 15:45:58', '2015-06-12 01:45:58'),
(16, 91, 'TINGAMBATO', 'S', '2015-06-11 15:45:58', '2015-06-12 01:45:58'),
(16, 92, 'TINGUINDIN', 'S', '2015-06-11 15:45:58', '2015-06-12 01:45:58'),
(16, 93, 'TIQUICHEO DE NICOLAS ROMERO', 'S', '2015-06-11 15:45:58', '2015-06-12 01:45:58'),
(16, 94, 'TLALPUJAHUA', 'S', '2015-06-11 15:45:58', '2015-06-12 01:45:58'),
(16, 95, 'TLAZAZALCA', 'S', '2015-06-11 15:45:58', '2015-06-12 01:45:58'),
(16, 96, 'TOCUMBO', 'S', '2015-06-11 15:45:58', '2015-06-12 01:45:58'),
(16, 97, 'TUMBISCATIO', 'S', '2015-06-11 15:45:58', '2015-06-12 01:45:58'),
(16, 98, 'TURICATO', 'S', '2015-06-11 15:45:58', '2015-06-12 01:45:58'),
(16, 99, 'TUXPAN', 'S', '2015-06-11 15:45:58', '2015-06-12 01:45:58'),
(16, 100, 'TUZANTLA', 'S', '2015-06-11 15:45:58', '2015-06-12 01:45:58'),
(16, 101, 'TZINTZUNTZAN', 'S', '2015-06-11 15:45:58', '2015-06-12 01:45:58'),
(16, 102, 'TZITZIO', 'S', '2015-06-11 15:45:58', '2015-06-12 01:45:58'),
(16, 103, 'URUAPAN', 'S', '2015-06-11 15:45:58', '2015-06-12 01:45:58'),
(16, 104, 'VENUSTIANO CARRANZA', 'S', '2015-06-11 15:45:58', '2015-06-12 01:45:58'),
(16, 105, 'VILLAMAR', 'S', '2015-06-11 15:45:58', '2015-06-12 01:45:58'),
(16, 106, 'VISTA HERMOSA', 'S', '2015-06-11 15:45:58', '2015-06-12 01:45:58'),
(16, 107, 'YURECUARO', 'S', '2015-06-11 15:45:58', '2015-06-12 01:45:58'),
(16, 108, 'ZACAPU', 'S', '2015-06-11 15:45:58', '2015-06-12 01:45:58'),
(16, 109, 'ZAMORA', 'S', '2015-06-11 15:45:58', '2015-06-12 01:45:58'),
(16, 110, 'ZINAPARO', 'S', '2015-06-11 15:45:58', '2015-06-12 01:45:58'),
(16, 111, 'ZINAPECUARO', 'S', '2015-06-11 15:45:58', '2015-06-12 01:45:58'),
(16, 112, 'ZIRACUARETIRO', 'S', '2015-06-11 15:45:58', '2015-06-12 01:45:58'),
(16, 113, 'ZITACUARO', 'S', '2015-06-11 15:45:58', '2015-06-12 01:45:58'),
(17, 1, 'AMACUZAC', 'S', '2015-06-11 15:45:58', '2015-06-12 01:45:58'),
(17, 2, 'ATLATLAHUCAN', 'S', '2015-06-11 15:45:58', '2015-06-12 01:45:58'),
(17, 3, 'AXOCHIAPAN', 'S', '2015-06-11 15:45:58', '2015-06-12 01:45:58'),
(17, 4, 'AYALA', 'S', '2015-06-11 15:45:58', '2015-06-12 01:45:58'),
(17, 5, 'COATLAN DEL RIO', 'S', '2015-06-11 15:45:58', '2015-06-12 01:45:58'),
(17, 6, 'CUAUTLA', 'S', '2015-06-11 15:45:58', '2015-06-12 01:45:58'),
(17, 7, 'CUERNAVACA', 'S', '2015-06-11 15:45:58', '2015-06-12 01:45:58'),
(17, 8, 'EMILIANO ZAPATA', 'S', '2015-06-11 15:45:58', '2015-06-12 01:45:58'),
(17, 9, 'HUITZILAC', 'S', '2015-06-11 15:45:58', '2015-06-12 01:45:58'),
(17, 10, 'JANTETELCO', 'S', '2015-06-11 15:45:58', '2015-06-12 01:45:58'),
(17, 11, 'JIUTEPEC', 'S', '2015-06-11 15:45:58', '2015-06-12 01:45:58'),
(17, 12, 'JOJUTLA', 'S', '2015-06-11 15:45:58', '2015-06-12 01:45:58'),
(17, 13, 'JONACATEPEC', 'S', '2015-06-11 15:45:58', '2015-06-12 01:45:58'),
(17, 14, 'MAZATEPEC', 'S', '2015-06-11 15:45:58', '2015-06-12 01:45:58'),
(17, 15, 'MIACATLAN', 'S', '2015-06-11 15:45:58', '2015-06-12 01:45:58'),
(17, 16, 'OCUITUCO', 'S', '2015-06-11 15:45:58', '2015-06-12 01:45:58'),
(17, 17, 'PUENTE DE IXTLA', 'S', '2015-06-11 15:45:58', '2015-06-12 01:45:58'),
(17, 18, 'TEMIXCO', 'S', '2015-06-11 15:45:58', '2015-06-12 01:45:58'),
(17, 19, 'TEPALCINGO', 'S', '2015-06-11 15:45:58', '2015-06-12 01:45:58'),
(17, 20, 'TEPOZTLAN', 'S', '2015-06-11 15:45:58', '2015-06-12 01:45:58'),
(17, 21, 'TETECALA', 'S', '2015-06-11 15:45:58', '2015-06-12 01:45:58'),
(17, 22, 'TETELA DEL VOLCAN', 'S', '2015-06-11 15:45:58', '2015-06-12 01:45:58'),
(17, 23, 'TLALNEPANTLA', 'S', '2015-06-11 15:45:58', '2015-06-12 01:45:58'),
(17, 24, 'TLALTIZAPAN', 'S', '2015-06-11 15:45:58', '2015-06-12 01:45:58'),
(17, 25, 'TLAQUILTENANGO', 'S', '2015-06-11 15:45:58', '2015-06-12 01:45:58'),
(17, 26, 'TLAYACAPAN', 'S', '2015-06-11 15:45:58', '2015-06-12 01:45:58'),
(17, 27, 'TOTOLAPAN', 'S', '2015-06-11 15:45:58', '2015-06-12 01:45:58'),
(17, 28, 'XOCHITEPEC', 'S', '2015-06-11 15:45:58', '2015-06-12 01:45:58'),
(17, 29, 'YAUTEPEC', 'S', '2015-06-11 15:45:58', '2015-06-12 01:45:58'),
(17, 30, 'YECAPIXTLA', 'S', '2015-06-11 15:45:58', '2015-06-12 01:45:58'),
(17, 31, 'ZACATEPEC', 'S', '2015-06-11 15:45:58', '2015-06-12 01:45:58'),
(17, 32, 'ZACUALPAN', 'S', '2015-06-11 15:45:58', '2015-06-12 01:45:58'),
(17, 33, 'TEMOAC', 'S', '2015-06-11 15:45:58', '2015-06-12 01:45:58'),
(18, 1, 'ACAPONETA', 'S', '2015-06-11 15:45:58', '2015-06-12 01:45:58'),
(18, 2, 'AHUACATLAN', 'S', '2015-06-11 15:45:58', '2015-06-12 01:45:58'),
(18, 3, 'AMATLAN DE CA¾AS', 'S', '2015-06-11 15:45:58', '2015-06-12 01:45:58'),
(18, 4, 'BAHIA DE BANDERAS', 'S', '2015-06-11 15:45:58', '2015-06-12 01:45:58'),
(18, 5, 'COMPOSTELA', 'S', '2015-06-11 15:45:58', '2015-06-12 01:45:58'),
(18, 6, 'HUAJICORI', 'S', '2015-06-11 15:45:58', '2015-06-12 01:45:58'),
(18, 7, 'IXTLAN DEL RIO', 'S', '2015-06-11 15:45:58', '2015-06-12 01:45:58'),
(18, 8, 'JALA', 'S', '2015-06-11 15:45:58', '2015-06-12 01:45:58'),
(18, 9, 'DEL NAYAR', 'S', '2015-06-11 15:45:58', '2015-06-12 01:45:58'),
(18, 10, 'ROSAMORADA', 'S', '2015-06-11 15:45:58', '2015-06-12 01:45:58'),
(18, 11, 'RUIZ', 'S', '2015-06-11 15:45:58', '2015-06-12 01:45:58'),
(18, 12, 'SAN BLAS', 'S', '2015-06-11 15:45:58', '2015-06-12 01:45:58'),
(18, 13, 'SAN PEDRO LAGUNILLAS', 'S', '2015-06-11 15:45:58', '2015-06-12 01:45:58'),
(18, 14, 'SANTA MARIA DEL ORO', 'S', '2015-06-11 15:45:58', '2015-06-12 01:45:58'),
(18, 15, 'SANTIAGO IXCUINTLA', 'S', '2015-06-11 15:45:58', '2015-06-12 01:45:58'),
(18, 16, 'TECUALA', 'S', '2015-06-11 15:45:58', '2015-06-12 01:45:58'),
(18, 17, 'TEPIC', 'S', '2015-06-11 15:45:58', '2015-06-12 01:45:58'),
(18, 18, 'TUXPAN', 'S', '2015-06-11 15:45:58', '2015-06-12 01:45:58'),
(18, 19, 'XALISCO', 'S', '2015-06-11 15:45:58', '2015-06-12 01:45:58'),
(18, 20, 'LA YESCA', 'S', '2015-06-11 15:45:58', '2015-06-12 01:45:58'),
(19, 1, 'ABASOLO', 'S', '2015-06-11 15:45:58', '2015-06-12 01:45:58'),
(19, 2, 'AGUALEGUAS', 'S', '2015-06-11 15:45:58', '2015-06-12 01:45:58'),
(19, 3, 'LOS ALDAMAS', 'S', '2015-06-11 15:45:58', '2015-06-12 01:45:58'),
(19, 4, 'ALLENDE', 'S', '2015-06-11 15:45:58', '2015-06-12 01:45:58'),
(19, 5, 'ANAHUAC', 'S', '2015-06-11 15:45:58', '2015-06-12 01:45:58'),
(19, 6, 'APODACA', 'S', '2015-06-11 15:45:58', '2015-06-12 01:45:58'),
(19, 7, 'ARAMBERRI', 'S', '2015-06-11 15:45:58', '2015-06-12 01:45:58'),
(19, 8, 'BUSTAMANTE', 'S', '2015-06-11 15:45:58', '2015-06-12 01:45:58'),
(19, 9, 'CADEREYTA JIMENEZ', 'S', '2015-06-11 15:45:58', '2015-06-12 01:45:58'),
(19, 10, 'CARMEN', 'S', '2015-06-11 15:45:58', '2015-06-12 01:45:58'),
(19, 11, 'CERRALVO', 'S', '2015-06-11 15:45:58', '2015-06-12 01:45:58'),
(19, 12, 'CIENEGA DE FLORES', 'S', '2015-06-11 15:45:58', '2015-06-12 01:45:58'),
(19, 13, 'CHINA', 'S', '2015-06-11 15:45:58', '2015-06-12 01:45:58'),
(19, 14, 'DR. ARROYO', 'S', '2015-06-11 15:45:58', '2015-06-12 01:45:58'),
(19, 15, 'DR. COSS', 'S', '2015-06-11 15:45:58', '2015-06-12 01:45:58'),
(19, 16, 'DR. GONZALEZ', 'S', '2015-06-11 15:45:58', '2015-06-12 01:45:58'),
(19, 17, 'GALEANA', 'S', '2015-06-11 15:45:58', '2015-06-12 01:45:58'),
(19, 18, 'GARCIA', 'S', '2015-06-11 15:45:58', '2015-06-12 01:45:58'),
(19, 19, 'SAN PEDRO GARZA GARCIA', 'S', '2015-06-11 15:45:58', '2015-06-12 01:45:58'),
(19, 20, 'GRAL. BRAVO', 'S', '2015-06-11 15:45:58', '2015-06-12 01:45:58'),
(19, 21, 'GRAL. ESCOBEDO', 'S', '2015-06-11 15:45:58', '2015-06-12 01:45:58'),
(19, 22, 'GRAL. TERAN', 'S', '2015-06-11 15:45:58', '2015-06-12 01:45:58'),
(19, 23, 'GRAL. TREVI¾O', 'S', '2015-06-11 15:45:58', '2015-06-12 01:45:58'),
(19, 24, 'GRAL. ZARAGOZA', 'S', '2015-06-11 15:45:58', '2015-06-12 01:45:58'),
(19, 25, 'GRAL. ZUAZUA', 'S', '2015-06-11 15:45:58', '2015-06-12 01:45:58'),
(19, 26, 'GUADALUPE', 'S', '2015-06-11 15:45:58', '2015-06-12 01:45:58'),
(19, 27, 'LOS HERRERAS', 'S', '2015-06-11 15:45:58', '2015-06-12 01:45:58'),
(19, 28, 'HIDALGO', 'S', '2015-06-11 15:45:58', '2015-06-12 01:45:58'),
(19, 29, 'HIGUERAS', 'S', '2015-06-11 15:45:58', '2015-06-12 01:45:58'),
(19, 30, 'HUALAHUISES', 'S', '2015-06-11 15:45:58', '2015-06-12 01:45:58'),
(19, 31, 'ITURBIDE', 'S', '2015-06-11 15:45:58', '2015-06-12 01:45:58'),
(19, 32, 'JUAREZ', 'S', '2015-06-11 15:45:58', '2015-06-12 01:45:58'),
(19, 33, 'LAMPAZOS DE NARANJO', 'S', '2015-06-11 15:45:58', '2015-06-12 01:45:58'),
(19, 34, 'LINARES', 'S', '2015-06-11 15:45:58', '2015-06-12 01:45:58'),
(19, 35, 'MARIN', 'S', '2015-06-11 15:45:58', '2015-06-12 01:45:58'),
(19, 36, 'MELCHOR OCAMPO', 'S', '2015-06-11 15:45:58', '2015-06-12 01:45:58'),
(19, 37, 'MIER Y NORIEGA', 'S', '2015-06-11 15:45:58', '2015-06-12 01:45:58'),
(19, 38, 'MINA', 'S', '2015-06-11 15:45:58', '2015-06-12 01:45:58'),
(19, 39, 'MONTEMORELOS', 'S', '2015-06-11 15:45:58', '2015-06-12 01:45:58'),
(19, 40, 'MONTERREY', 'S', '2015-06-11 15:45:58', '2015-06-12 01:45:58'),
(19, 41, 'PARAS', 'S', '2015-06-11 15:45:58', '2015-06-12 01:45:58'),
(19, 42, 'PESQUERIA', 'S', '2015-06-11 15:45:58', '2015-06-12 01:45:58'),
(19, 43, 'LOS RAMONES', 'S', '2015-06-11 15:45:58', '2015-06-12 01:45:58'),
(19, 44, 'RAYONES', 'S', '2015-06-11 15:45:58', '2015-06-12 01:45:58'),
(19, 45, 'SABINAS HIDALGO', 'S', '2015-06-11 15:45:58', '2015-06-12 01:45:58'),
(19, 46, 'SALINAS VICTORIA', 'S', '2015-06-11 15:45:58', '2015-06-12 01:45:58'),
(19, 47, 'SAN NICOLAS DE LOS GARZA', 'S', '2015-06-11 15:45:58', '2015-06-12 01:45:58'),
(19, 48, 'SANTA CATARINA', 'S', '2015-06-11 15:45:58', '2015-06-12 01:45:58'),
(19, 49, 'SANTIAGO', 'S', '2015-06-11 15:45:58', '2015-06-12 01:45:58'),
(19, 50, 'VALLECILLO', 'S', '2015-06-11 15:45:58', '2015-06-12 01:45:58'),
(19, 51, 'VILLALDAMA', 'S', '2015-06-11 15:45:58', '2015-06-12 01:45:58'),
(20, 1, 'ABEJONES', 'S', '2015-06-11 15:45:58', '2015-06-12 01:45:58'),
(20, 2, 'ACATLAN DE PEREZ FIGUEROA', 'S', '2015-06-11 15:45:58', '2015-06-12 01:45:58'),
(20, 3, 'ANIMAS TRUJANO', 'S', '2015-06-11 15:45:58', '2015-06-12 01:45:58'),
(20, 386, 'SANTA CRUZ XOXOCOTLAN', 'S', '2015-06-11 15:45:58', '2015-06-12 01:45:58'),
(20, 4, 'ASUNCION CACALOTEPEC', 'S', '2015-06-11 15:45:58', '2015-06-12 01:45:58'),
(20, 5, 'ASUNCION CUYOTEPEJI', 'S', '2015-06-11 15:45:58', '2015-06-12 01:45:58'),
(20, 6, 'ASUNCION IXTALTEPEC', 'S', '2015-06-11 15:45:58', '2015-06-12 01:45:58'),
(20, 7, 'ASUNCION NOCHIXTLAN', 'S', '2015-06-11 15:45:58', '2015-06-12 01:45:58'),
(20, 8, 'ASUNCION OCOTLAN', 'S', '2015-06-11 15:45:58', '2015-06-12 01:45:58'),
(20, 9, 'ASUNCION TLACOLULITA', 'S', '2015-06-11 15:45:58', '2015-06-12 01:45:58'),
(20, 10, 'AYOQUEZCO DE ALDAMA', 'S', '2015-06-11 15:45:58', '2015-06-12 01:45:58'),
(20, 11, 'AYOTZINTEPEC', 'S', '2015-06-11 15:45:58', '2015-06-12 01:45:58'),
(20, 12, 'EL BARRIO DE LA SOLEDAD', 'S', '2015-06-11 15:45:58', '2015-06-12 01:45:58'),
(20, 13, 'CALIHUALA', 'S', '2015-06-11 15:45:58', '2015-06-12 01:45:58'),
(20, 14, 'CANDELARIA LOXICHA', 'S', '2015-06-11 15:45:58', '2015-06-12 01:45:58'),
(20, 15, 'CHAHUITES', 'S', '2015-06-11 15:45:58', '2015-06-12 01:45:58'),
(20, 16, 'CHALCATONGO DE HIDALGO', 'S', '2015-06-11 15:45:58', '2015-06-12 01:45:58'),
(20, 17, 'CIENEGA DE ZIMATLAN', 'S', '2015-06-11 15:45:58', '2015-06-12 01:45:58'),
(20, 18, 'COATECAS ALTAS', 'S', '2015-06-11 15:45:58', '2015-06-12 01:45:58'),
(20, 19, 'COICOYAN DE LAS FLORES', 'S', '2015-06-11 15:45:58', '2015-06-12 01:45:58'),
(20, 20, 'LA COMPA¾IA', 'S', '2015-06-11 15:45:58', '2015-06-12 01:45:58'),
(20, 21, 'CONCEPCION BUENAVISTA', 'S', '2015-06-11 15:45:58', '2015-06-12 01:45:58'),
(20, 22, 'CONCEPCION PAPALO', 'S', '2015-06-11 15:45:58', '2015-06-12 01:45:58'),
(20, 23, 'CONSTANCIA DEL ROSARIO', 'S', '2015-06-11 15:45:58', '2015-06-12 01:45:58'),
(20, 24, 'COSOLAPA', 'S', '2015-06-11 15:45:58', '2015-06-12 01:45:58'),
(20, 25, 'COSOLTEPEC', 'S', '2015-06-11 15:45:58', '2015-06-12 01:45:58'),
(20, 26, 'CUILAPAM DE GUERRERO', 'S', '2015-06-11 15:45:58', '2015-06-12 01:45:58'),
(20, 27, 'CUYAMECALCO VILLA DE ZARAGOZA', 'S', '2015-06-11 15:45:58', '2015-06-12 01:45:58'),
(20, 28, 'HEROICA CIUDAD DE EJUTLA DE CRESPO', 'S', '2015-06-11 15:45:58', '2015-06-12 01:45:58'),
(20, 29, 'ELOXOCHITLAN DE FLORES MAGON', 'S', '2015-06-11 15:45:58', '2015-06-12 01:45:58'),
(20, 30, 'EL ESPINAL', 'S', '2015-06-11 15:45:58', '2015-06-12 01:45:58'),
(20, 31, 'FRESNILLO DE TRUJANO', 'S', '2015-06-11 15:45:58', '2015-06-12 01:45:58'),
(20, 32, 'GUADALUPE DE RAMIREZ', 'S', '2015-06-11 15:45:58', '2015-06-12 01:45:58'),
(20, 33, 'GUADALUPE ETLA', 'S', '2015-06-11 15:45:58', '2015-06-12 01:45:58'),
(20, 34, 'GUELATAO DE JUAREZ', 'S', '2015-06-11 15:45:58', '2015-06-12 01:45:58'),
(20, 35, 'GUEVEA DE HUMBOLDT', 'S', '2015-06-11 15:45:58', '2015-06-12 01:45:58'),
(20, 36, 'MESONES HIDALGO', 'S', '2015-06-11 15:45:58', '2015-06-12 01:45:58'),
(20, 37, 'HEROICA CIUDAD DE HUAJUAPAN DE LEON', 'S', '2015-06-11 15:45:58', '2015-06-12 01:45:58'),
(20, 38, 'HUAUTEPEC', 'S', '2015-06-11 15:45:58', '2015-06-12 01:45:58'),
(20, 39, 'HUAUTLA DE JIMENEZ', 'S', '2015-06-11 15:45:58', '2015-06-12 01:45:58'),
(20, 40, 'IXPANTEPEC NIEVES', 'S', '2015-06-11 15:45:58', '2015-06-12 01:45:58'),
(20, 41, 'CIUDAD IXTEPEC', 'S', '2015-06-11 15:45:58', '2015-06-12 01:45:58'),
(20, 42, 'IXTLAN DE JUAREZ', 'S', '2015-06-11 15:45:58', '2015-06-12 01:45:58'),
(20, 43, 'JUCHITAN DE ZARAGOZA', 'S', '2015-06-11 15:45:58', '2015-06-12 01:45:58'),
(20, 44, 'LOMA BONITA', 'S', '2015-06-11 15:45:58', '2015-06-12 01:45:58'),
(20, 45, 'MAGDALENA APASCO', 'S', '2015-06-11 15:45:58', '2015-06-12 01:45:58'),
(20, 46, 'MAGDALENA JALTEPEC', 'S', '2015-06-11 15:45:58', '2015-06-12 01:45:58'),
(20, 47, 'MAGDALENA MIXTEPEC', 'S', '2015-06-11 15:45:58', '2015-06-12 01:45:58'),
(20, 48, 'MAGDALENA OCOTLAN', 'S', '2015-06-11 15:45:58', '2015-06-12 01:45:58'),
(20, 49, 'MAGDALENA PE¾ASCO', 'S', '2015-06-11 15:45:58', '2015-06-12 01:45:58'),
(20, 50, 'MAGDALENA TEITIPAC', 'S', '2015-06-11 15:45:58', '2015-06-12 01:45:58'),
(20, 51, 'MAGDALENA TEQUISISTLAN', 'S', '2015-06-11 15:45:58', '2015-06-12 01:45:58'),
(20, 52, 'MAGDALENA TLACOTEPEC', 'S', '2015-06-11 15:45:58', '2015-06-12 01:45:58'),
(20, 53, 'MAGDALENA YODOCONO DE PORFIRIO DIAZ', 'S', '2015-06-11 15:45:58', '2015-06-12 01:45:58'),
(20, 54, 'MAGDALENA ZAHUATLAN', 'S', '2015-06-11 15:45:58', '2015-06-12 01:45:58'),
(20, 55, 'MARISCALA DE JUAREZ', 'S', '2015-06-11 15:45:58', '2015-06-12 01:45:58'),
(20, 56, 'MARTIRES DE TACUBAYA', 'S', '2015-06-11 15:45:58', '2015-06-12 01:45:58'),
(20, 57, 'MATIAS ROMERO AVENDA¾O', 'S', '2015-06-11 15:45:58', '2015-06-12 01:45:58'),
(20, 58, 'MAZATLAN VILLA DE FLORES', 'S', '2015-06-11 15:45:58', '2015-06-12 01:45:58'),
(20, 59, 'MIAHUATLAN DE PORFIRIO DIAZ', 'S', '2015-06-11 15:45:58', '2015-06-12 01:45:58'),
(20, 60, 'MIXISTLAN DE LA REFORMA', 'S', '2015-06-11 15:45:58', '2015-06-12 01:45:58'),
(20, 61, 'MONJAS', 'S', '2015-06-11 15:45:58', '2015-06-12 01:45:58'),
(20, 62, 'NATIVIDAD', 'S', '2015-06-11 15:45:58', '2015-06-12 01:45:58'),
(20, 63, 'NAZARENO ETLA', 'S', '2015-06-11 15:45:58', '2015-06-12 01:45:58'),
(20, 64, 'NEJAPA DE MADERO', 'S', '2015-06-11 15:45:58', '2015-06-12 01:45:58'),
(20, 65, 'NUEVO ZOQUIAPAM', 'S', '2015-06-11 15:45:58', '2015-06-12 01:45:58'),
(20, 66, 'OAXACA DE JUAREZ', 'S', '2015-06-11 15:45:58', '2015-06-12 01:45:58'),
(20, 67, 'OCOTLAN DE MORELOS', 'S', '2015-06-11 15:45:58', '2015-06-12 01:45:58'),
(20, 68, 'LA PE', 'S', '2015-06-11 15:45:58', '2015-06-12 01:45:58'),
(20, 69, 'PINOTEPA DE DON LUIS', 'S', '2015-06-11 15:45:58', '2015-06-12 01:45:58'),
(20, 70, 'PLUMA HIDALGO', 'S', '2015-06-11 15:45:58', '2015-06-12 01:45:58'),
(20, 71, 'PUTLA VILLA DE GUERRERO', 'S', '2015-06-11 15:45:58', '2015-06-12 01:45:58'),
(20, 72, 'REFORMA DE PINEDA', 'S', '2015-06-11 15:45:58', '2015-06-12 01:45:58'),
(20, 73, 'LA REFORMA', 'S', '2015-06-11 15:45:58', '2015-06-12 01:45:58'),
(20, 74, 'REYES ETLA', 'S', '2015-06-11 15:45:58', '2015-06-12 01:45:58'),
(20, 75, 'ROJAS DE CUAUHTEMOC', 'S', '2015-06-11 15:45:58', '2015-06-12 01:45:58'),
(20, 76, 'SALINA CRUZ', 'S', '2015-06-11 15:45:58', '2015-06-12 01:45:58'),
(20, 77, 'SAN AGUSTIN AMATENGO', 'S', '2015-06-11 15:45:58', '2015-06-12 01:45:58'),
(20, 78, 'SAN AGUSTIN ATENANGO', 'S', '2015-06-11 15:45:58', '2015-06-12 01:45:58'),
(20, 79, 'SAN AGUSTIN CHAYUCO', 'S', '2015-06-11 15:45:58', '2015-06-12 01:45:58'),
(20, 80, 'SAN AGUSTIN DE LAS JUNTAS', 'S', '2015-06-11 15:45:58', '2015-06-12 01:45:58'),
(20, 81, 'SAN AGUSTIN ETLA', 'S', '2015-06-11 15:45:58', '2015-06-12 01:45:58'),
(20, 82, 'SAN AGUSTIN LOXICHA', 'S', '2015-06-11 15:45:58', '2015-06-12 01:45:58'),
(20, 83, 'SAN AGUSTIN TLACOTEPEC', 'S', '2015-06-11 15:45:58', '2015-06-12 01:45:58'),
(20, 84, 'SAN AGUSTIN YATARENI', 'S', '2015-06-11 15:45:58', '2015-06-12 01:45:58'),
(20, 85, 'SAN ANDRES CABECERA NUEVA', 'S', '2015-06-11 15:45:58', '2015-06-12 01:45:58'),
(20, 86, 'SAN ANDRES DINICUITI', 'S', '2015-06-11 15:45:58', '2015-06-12 01:45:58'),
(20, 87, 'SAN ANDRES HUAXPALTEPEC', 'S', '2015-06-11 15:45:58', '2015-06-12 01:45:58'),
(20, 88, 'SAN ANDRES HUAYAPAM', 'S', '2015-06-11 15:45:58', '2015-06-12 01:45:58'),
(20, 89, 'SAN ANDRES IXTLAHUACA', 'S', '2015-06-11 15:45:58', '2015-06-12 01:45:58'),
(20, 90, 'SAN ANDRES LAGUNAS', 'S', '2015-06-11 15:45:58', '2015-06-12 01:45:58'),
(20, 91, 'SAN ANDRES NUXI¾O', 'S', '2015-06-11 15:45:58', '2015-06-12 01:45:58'),
(20, 92, 'SAN ANDRES PAXTLAN', 'S', '2015-06-11 15:45:58', '2015-06-12 01:45:58'),
(20, 93, 'SAN ANDRES SINAXTLA', 'S', '2015-06-11 15:45:58', '2015-06-12 01:45:58'),
(20, 94, 'SAN ANDRES SOLAGA', 'S', '2015-06-11 15:45:58', '2015-06-12 01:45:58'),
(20, 95, 'SAN ANDRES TEOTILALPAM', 'S', '2015-06-11 15:45:58', '2015-06-12 01:45:58'),
(20, 96, 'SAN ANDRES TEPETLAPA', 'S', '2015-06-11 15:45:58', '2015-06-12 01:45:58'),
(20, 97, 'SAN ANDRES YAA', 'S', '2015-06-11 15:45:58', '2015-06-12 01:45:58'),
(20, 98, 'SAN ANDRES ZABACHE', 'S', '2015-06-11 15:45:58', '2015-06-12 01:45:58'),
(20, 99, 'SAN ANDRES ZAUTLA', 'S', '2015-06-11 15:45:58', '2015-06-12 01:45:58'),
(20, 100, 'SAN ANTONINO CASTILLO VELASCO', 'S', '2015-06-11 15:45:58', '2015-06-12 01:45:58'),
(20, 101, 'SAN ANTONINO EL ALTO', 'S', '2015-06-11 15:45:58', '2015-06-12 01:45:58'),
(20, 102, 'SAN ANTONINO MONTE VERDE', 'S', '2015-06-11 15:45:58', '2015-06-12 01:45:58'),
(20, 103, 'SAN ANTONIO ACUTLA', 'S', '2015-06-11 15:45:58', '2015-06-12 01:45:58'),
(20, 104, 'SAN ANTONIO DE LA CAL', 'S', '2015-06-11 15:45:58', '2015-06-12 01:45:58'),
(20, 105, 'SAN ANTONIO HUITEPEC', 'S', '2015-06-11 15:45:58', '2015-06-12 01:45:58'),
(20, 106, 'SAN ANTONIO NANAHUATIPAM', 'S', '2015-06-11 15:45:58', '2015-06-12 01:45:58'),
(20, 107, 'SAN ANTONIO SINICAHUA', 'S', '2015-06-11 15:45:58', '2015-06-12 01:45:58'),
(20, 108, 'SAN ANTONIO TEPETLAPA', 'S', '2015-06-11 15:45:58', '2015-06-12 01:45:58'),
(20, 109, 'SAN BALTAZAR CHICHICAPAM', 'S', '2015-06-11 15:45:58', '2015-06-12 01:45:58'),
(20, 110, 'SAN BALTAZAR LOXICHA', 'S', '2015-06-11 15:45:58', '2015-06-12 01:45:58'),
(20, 111, 'SAN BALTAZAR YATZACHI EL BAJO', 'S', '2015-06-11 15:45:58', '2015-06-12 01:45:58'),
(20, 112, 'SAN BARTOLO COYOTEPEC', 'S', '2015-06-11 15:45:58', '2015-06-12 01:45:58'),
(20, 113, 'SAN BARTOLO SOYALTEPEC', 'S', '2015-06-11 15:45:58', '2015-06-12 01:45:58'),
(20, 114, 'SAN BARTOLO YAUTEPEC', 'S', '2015-06-11 15:45:58', '2015-06-12 01:45:58'),
(20, 115, 'SAN BARTOLOME AYAUTLA', 'S', '2015-06-11 15:45:58', '2015-06-12 01:45:58'),
(20, 116, 'SAN BARTOLOME LOXICHA', 'S', '2015-06-11 15:45:58', '2015-06-12 01:45:58'),
(20, 117, 'SAN BARTOLOME QUIALANA', 'S', '2015-06-11 15:45:58', '2015-06-12 01:45:58'),
(20, 118, 'SAN BARTOLOME YUCUA¾E', 'S', '2015-06-11 15:45:58', '2015-06-12 01:45:58'),
(20, 119, 'SAN BARTOLOME ZOOGOCHO', 'S', '2015-06-11 15:45:58', '2015-06-12 01:45:58'),
(20, 120, 'SAN BERNARDO MIXTEPEC', 'S', '2015-06-11 15:45:58', '2015-06-12 01:45:58'),
(20, 121, 'SAN BLAS ATEMPA', 'S', '2015-06-11 15:45:58', '2015-06-12 01:45:58'),
(20, 122, 'SAN CARLOS YAUTEPEC', 'S', '2015-06-11 15:45:58', '2015-06-12 01:45:58'),
(20, 123, 'SAN CRISTOBAL AMATLAN', 'S', '2015-06-11 15:45:58', '2015-06-12 01:45:58'),
(20, 124, 'SAN CRISTOBAL AMOLTEPEC', 'S', '2015-06-11 15:45:58', '2015-06-12 01:45:58'),
(20, 125, 'SAN CRISTOBAL LACHIRIOAG', 'S', '2015-06-11 15:45:58', '2015-06-12 01:45:58'),
(20, 126, 'SAN CRISTOBAL SUCHIXTLAHUACA', 'S', '2015-06-11 15:45:58', '2015-06-12 01:45:58'),
(20, 127, 'SAN DIONISIO DEL MAR', 'S', '2015-06-11 15:45:58', '2015-06-12 01:45:58'),
(20, 128, 'SAN DIONISIO OCOTEPEC', 'S', '2015-06-11 15:45:58', '2015-06-12 01:45:58'),
(20, 129, 'SAN DIONISIO OCOTLAN', 'S', '2015-06-11 15:45:58', '2015-06-12 01:45:58'),
(20, 130, 'SAN ESTEBAN ATATLAHUCA', 'S', '2015-06-11 15:45:58', '2015-06-12 01:45:58'),
(20, 131, 'SAN FELIPE JALAPA DE DIAZ', 'S', '2015-06-11 15:45:58', '2015-06-12 01:45:58'),
(20, 132, 'SAN FELIPE TEJALAPAM', 'S', '2015-06-11 15:45:58', '2015-06-12 01:45:58'),
(20, 133, 'SAN FELIPE USILA', 'S', '2015-06-11 15:45:58', '2015-06-12 01:45:58'),
(20, 134, 'SAN FRANCISCO CAHUACUA', 'S', '2015-06-11 15:45:58', '2015-06-12 01:45:58'),
(20, 135, 'SAN FRANCISCO CAJONOS', 'S', '2015-06-11 15:45:58', '2015-06-12 01:45:58'),
(20, 136, 'SAN FRANCISCO CHAPULAPA', 'S', '2015-06-11 15:45:58', '2015-06-12 01:45:58'),
(20, 137, 'SAN FRANCISCO CHINDUA', 'S', '2015-06-11 15:45:58', '2015-06-12 01:45:58'),
(20, 138, 'SAN FRANCISCO DEL MAR', 'S', '2015-06-11 15:45:58', '2015-06-12 01:45:58'),
(20, 139, 'SAN FRANCISCO HUEHUETLAN', 'S', '2015-06-11 15:45:58', '2015-06-12 01:45:58'),
(20, 140, 'SAN FRANCISCO IXHUATAN', 'S', '2015-06-11 15:45:58', '2015-06-12 01:45:58'),
(20, 141, 'SAN FRANCISCO JALTEPETONGO', 'S', '2015-06-11 15:45:58', '2015-06-12 01:45:58'),
(20, 142, 'SAN FRANCISCO LACHIGOLO', 'S', '2015-06-11 15:45:58', '2015-06-12 01:45:58'),
(20, 143, 'SAN FRANCISCO LOGUECHE', 'S', '2015-06-11 15:45:58', '2015-06-12 01:45:58'),
(20, 144, 'SAN FRANCISCO NUXA¾O', 'S', '2015-06-11 15:45:58', '2015-06-12 01:45:58'),
(20, 145, 'SAN FRANCISCO OZOLOTEPEC', 'S', '2015-06-11 15:45:58', '2015-06-12 01:45:58'),
(20, 146, 'SAN FRANCISCO SOLA', 'S', '2015-06-11 15:45:58', '2015-06-12 01:45:58'),
(20, 147, 'SAN FRANCISCO TELIXTLAHUACA', 'S', '2015-06-11 15:45:58', '2015-06-12 01:45:58'),
(20, 148, 'SAN FRANCISCO TEOPAN', 'S', '2015-06-11 15:45:58', '2015-06-12 01:45:58'),
(20, 149, 'SAN FRANCISCO TLAPANCINGO', 'S', '2015-06-11 15:45:58', '2015-06-12 01:45:58'),
(20, 150, 'SAN GABRIEL MIXTEPEC', 'S', '2015-06-11 15:45:58', '2015-06-12 01:45:58'),
(20, 151, 'SAN ILDEFONSO AMATLAN', 'S', '2015-06-11 15:45:58', '2015-06-12 01:45:58'),
(20, 152, 'SAN ILDEFONSO SOLA', 'S', '2015-06-11 15:45:58', '2015-06-12 01:45:58'),
(20, 153, 'SAN ILDEFONSO VILLA ALTA', 'S', '2015-06-11 15:45:58', '2015-06-12 01:45:58'),
(20, 154, 'SAN JACINTO AMILPAS', 'S', '2015-06-11 15:45:58', '2015-06-12 01:45:58'),
(20, 155, 'SAN JACINTO TLACOTEPEC', 'S', '2015-06-11 15:45:58', '2015-06-12 01:45:58'),
(20, 156, 'SAN JERONIMO COATLAN', 'S', '2015-06-11 15:45:58', '2015-06-12 01:45:58'),
(20, 157, 'SAN JERONIMO SILACAYOAPILLA', 'S', '2015-06-11 15:45:58', '2015-06-12 01:45:58'),
(20, 158, 'SAN JERONIMO SOSOLA', 'S', '2015-06-11 15:45:58', '2015-06-12 01:45:58'),
(20, 159, 'SAN JERONIMO TAVICHE', 'S', '2015-06-11 15:45:58', '2015-06-12 01:45:58'),
(20, 160, 'SAN JERONIMO TECOATL', 'S', '2015-06-11 15:45:58', '2015-06-12 01:45:58'),
(20, 161, 'SAN JERONIMO TLACOCHAHUAYA', 'S', '2015-06-11 15:45:58', '2015-06-12 01:45:58'),
(20, 162, 'SAN JORGE NUCHITA', 'S', '2015-06-11 15:45:58', '2015-06-12 01:45:58'),
(20, 163, 'SAN JOSE AYUQUILA', 'S', '2015-06-11 15:45:58', '2015-06-12 01:45:58'),
(20, 164, 'SAN JOSE CHILTEPEC', 'S', '2015-06-11 15:45:58', '2015-06-12 01:45:58'),
(20, 165, 'SAN JOSE DEL PE¾ASCO', 'S', '2015-06-11 15:45:58', '2015-06-12 01:45:58'),
(20, 166, 'SAN JOSE ESTANCIA GRANDE', 'S', '2015-06-11 15:45:58', '2015-06-12 01:45:58'),
(20, 167, 'SAN JOSE INDEPENDENCIA', 'S', '2015-06-11 15:45:58', '2015-06-12 01:45:58'),
(20, 168, 'SAN JOSE LACHIGUIRI', 'S', '2015-06-11 15:45:58', '2015-06-12 01:45:58'),
(20, 169, 'SAN JOSE DEL PROGRESO', 'S', '2015-06-11 15:45:58', '2015-06-12 01:45:58'),
(20, 170, 'SAN JOSE TENANGO', 'S', '2015-06-11 15:45:58', '2015-06-12 01:45:58'),
(20, 171, 'SAN JUAN ACHIUTLA', 'S', '2015-06-11 15:45:58', '2015-06-12 01:45:58'),
(20, 172, 'SAN JUAN ATEPEC', 'S', '2015-06-11 15:45:58', '2015-06-12 01:45:58'),
(20, 173, 'SAN JUAN BAUTISTA ATATLAHUCA', 'S', '2015-06-11 15:45:58', '2015-06-12 01:45:58'),
(20, 174, 'SAN JUAN BAUTISTA COIXTLAHUACA', 'S', '2015-06-11 15:45:58', '2015-06-12 01:45:58'),
(20, 175, 'SAN JUAN BAUTISTA CUICATLAN', 'S', '2015-06-11 15:45:58', '2015-06-12 01:45:58'),
(20, 176, 'SAN JUAN BAUTISTA GUELACHE', 'S', '2015-06-11 15:45:58', '2015-06-12 01:45:58'),
(20, 177, 'SAN JUAN BAUTISTA JAYACATLAN', 'S', '2015-06-11 15:45:58', '2015-06-12 01:45:58'),
(20, 178, 'SAN JUAN BAUTISTA LO DE SOTO', 'S', '2015-06-11 15:45:58', '2015-06-12 01:45:58'),
(20, 179, 'SAN JUAN BAUTISTA SUCHITEPEC', 'S', '2015-06-11 15:45:58', '2015-06-12 01:45:58'),
(20, 180, 'SAN JUAN BAUTISTA TLACHICHILCO', 'S', '2015-06-11 15:45:58', '2015-06-12 01:45:58'),
(20, 181, 'SAN JUAN BAUTISTA TLACOATZINTEPEC', 'S', '2015-06-11 15:45:58', '2015-06-12 01:45:58'),
(20, 182, 'SAN JUAN BAUTISTA TUXTEPEC', 'S', '2015-06-11 15:45:58', '2015-06-12 01:45:58'),
(20, 183, 'SAN JUAN BAUTISTA VALLE NACIONAL', 'S', '2015-06-11 15:45:58', '2015-06-12 01:45:58'),
(20, 184, 'SAN JUAN CACAHUATEPEC', 'S', '2015-06-11 15:45:58', '2015-06-12 01:45:58'),
(20, 185, 'SAN JUAN CHICOMEZUCHIL', 'S', '2015-06-11 15:45:58', '2015-06-12 01:45:58'),
(20, 186, 'SAN JUAN CHILATECA', 'S', '2015-06-11 15:45:58', '2015-06-12 01:45:58'),
(20, 187, 'CHIQUIHUITLAN DE BENITO JUAREZ', 'S', '2015-06-11 15:45:58', '2015-06-12 01:45:58'),
(20, 188, 'SAN JUAN CIENEGUILLA', 'S', '2015-06-11 15:45:58', '2015-06-12 01:45:58'),
(20, 189, 'SAN JUAN COATZOSPAM', 'S', '2015-06-11 15:45:58', '2015-06-12 01:45:58'),
(20, 190, 'SAN JUAN COLORADO', 'S', '2015-06-11 15:45:58', '2015-06-12 01:45:58'),
(20, 191, 'SAN JUAN COMALTEPEC', 'S', '2015-06-11 15:45:58', '2015-06-12 01:45:58'),
(20, 192, 'SAN JUAN COTZOCON', 'S', '2015-06-11 15:45:58', '2015-06-12 01:45:58'),
(20, 193, 'SAN JUAN DE LOS CUES', 'S', '2015-06-11 15:45:58', '2015-06-12 01:45:58'),
(20, 194, 'SAN JUAN DEL ESTADO', 'S', '2015-06-11 15:45:58', '2015-06-12 01:45:58'),
(20, 195, 'SAN JUAN DEL RIO', 'S', '2015-06-11 15:45:58', '2015-06-12 01:45:58'),
(20, 196, 'SAN JUAN DIUXI', 'S', '2015-06-11 15:45:58', '2015-06-12 01:45:58'),
(20, 197, 'SAN JUAN EVANGELISTA ANALCO', 'S', '2015-06-11 15:45:58', '2015-06-12 01:45:58'),
(20, 198, 'SAN JUAN GUELAVIA', 'S', '2015-06-11 15:45:58', '2015-06-12 01:45:58'),
(20, 199, 'SAN JUAN GUICHICOVI', 'S', '2015-06-11 15:45:58', '2015-06-12 01:45:58'),
(20, 200, 'SAN JUAN IHUALTEPEC', 'S', '2015-06-11 15:45:58', '2015-06-12 01:45:58'),
(20, 201, 'SAN JUAN JUQUILA MIXES', 'S', '2015-06-11 15:45:58', '2015-06-12 01:45:58'),
(20, 202, 'SAN JUAN JUQUILA VIJANOS', 'S', '2015-06-11 15:45:58', '2015-06-12 01:45:58'),
(20, 203, 'SAN JUAN LACHAO', 'S', '2015-06-11 15:45:58', '2015-06-12 01:45:58'),
(20, 204, 'SAN JUAN LACHIGALLA', 'S', '2015-06-11 15:45:58', '2015-06-12 01:45:58'),
(20, 205, 'SAN JUAN LAJARCIA', 'S', '2015-06-11 15:45:58', '2015-06-12 01:45:58'),
(20, 206, 'SAN JUAN LALANA', 'S', '2015-06-11 15:45:58', '2015-06-12 01:45:58'),
(20, 207, 'SAN JUAN MAZATLAN', 'S', '2015-06-11 15:45:58', '2015-06-12 01:45:58'),
(20, 208, 'SAN JUAN MIXTEPEC', 'S', '2015-06-11 15:45:58', '2015-06-12 01:45:58'),
(20, 209, 'SAN JUAN MIXTEPEC', 'S', '2015-06-11 15:45:58', '2015-06-12 01:45:58'),
(20, 210, 'SAN JUAN ¾UMI', 'S', '2015-06-11 15:45:58', '2015-06-12 01:45:58'),
(20, 211, 'SAN JUAN OZOLOTEPEC', 'S', '2015-06-11 15:45:58', '2015-06-12 01:45:58'),
(20, 212, 'SAN JUAN PETLAPA', 'S', '2015-06-11 15:45:58', '2015-06-12 01:45:58'),
(20, 213, 'SAN JUAN QUIAHIJE', 'S', '2015-06-11 15:45:58', '2015-06-12 01:45:58'),
(20, 214, 'SAN JUAN QUIOTEPEC', 'S', '2015-06-11 15:45:58', '2015-06-12 01:45:58'),
(20, 215, 'SAN JUAN SAYULTEPEC', 'S', '2015-06-11 15:45:58', '2015-06-12 01:45:58'),
(20, 216, 'SAN JUAN TABAA', 'S', '2015-06-11 15:45:58', '2015-06-12 01:45:58'),
(20, 217, 'SAN JUAN TAMAZOLA', 'S', '2015-06-11 15:45:58', '2015-06-12 01:45:58'),
(20, 218, 'SAN JUAN TEITA', 'S', '2015-06-11 15:45:58', '2015-06-12 01:45:58'),
(20, 219, 'SAN JUAN TEITIPAC', 'S', '2015-06-11 15:45:58', '2015-06-12 01:45:58'),
(20, 220, 'SAN JUAN TEPEUXILA', 'S', '2015-06-11 15:45:58', '2015-06-12 01:45:58'),
(20, 221, 'SAN JUAN TEPOSCOLULA', 'S', '2015-06-11 15:45:58', '2015-06-12 01:45:58'),
(20, 222, 'SAN JUAN YAEE', 'S', '2015-06-11 15:45:58', '2015-06-12 01:45:58'),
(20, 223, 'SAN JUAN YATZONA', 'S', '2015-06-11 15:45:58', '2015-06-12 01:45:58'),
(20, 224, 'SAN JUAN YUCUITA', 'S', '2015-06-11 15:45:58', '2015-06-12 01:45:58'),
(20, 225, 'SAN LORENZO', 'S', '2015-06-11 15:45:58', '2015-06-12 01:45:58'),
(20, 226, 'SAN LORENZO ALBARRADAS', 'S', '2015-06-11 15:45:58', '2015-06-12 01:45:58'),
(20, 227, 'SAN LORENZO CACAOTEPEC', 'S', '2015-06-11 15:45:58', '2015-06-12 01:45:58'),
(20, 228, 'SAN LORENZO CUAUNECUILTITLA', 'S', '2015-06-11 15:45:58', '2015-06-12 01:45:58'),
(20, 229, 'SAN LORENZO TEXMELUCAN', 'S', '2015-06-11 15:45:58', '2015-06-12 01:45:58'),
(20, 230, 'SAN LORENZO VICTORIA', 'S', '2015-06-11 15:45:58', '2015-06-12 01:45:58'),
(20, 231, 'SAN LUCAS CAMOTLAN', 'S', '2015-06-11 15:45:58', '2015-06-12 01:45:58'),
(20, 232, 'SAN LUCAS OJITLAN', 'S', '2015-06-11 15:45:58', '2015-06-12 01:45:58'),
(20, 233, 'SAN LUCAS QUIAVINI', 'S', '2015-06-11 15:45:58', '2015-06-12 01:45:58'),
(20, 234, 'SAN LUCAS ZOQUIAPAM', 'S', '2015-06-11 15:45:58', '2015-06-12 01:45:58'),
(20, 235, 'SAN LUIS AMATLAN', 'S', '2015-06-11 15:45:58', '2015-06-12 01:45:58'),
(20, 236, 'SAN MARCIAL OZOLOTEPEC', 'S', '2015-06-11 15:45:58', '2015-06-12 01:45:58'),
(20, 237, 'SAN MARCOS ARTEAGA', 'S', '2015-06-11 15:45:58', '2015-06-12 01:45:58'),
(20, 238, 'SAN MARTIN DE LOS CANSECOS', 'S', '2015-06-11 15:45:58', '2015-06-12 01:45:58'),
(20, 239, 'SAN MARTIN HUAMELULPAM', 'S', '2015-06-11 15:45:58', '2015-06-12 01:45:58'),
(20, 240, 'SAN MARTIN ITUNYOSO', 'S', '2015-06-11 15:45:58', '2015-06-12 01:45:58'),
(20, 241, 'SAN MARTIN LACHILA', 'S', '2015-06-11 15:45:58', '2015-06-12 01:45:58'),
(20, 242, 'SAN MARTIN PERAS', 'S', '2015-06-11 15:45:58', '2015-06-12 01:45:58'),
(20, 243, 'SAN MARTIN TILCAJETE', 'S', '2015-06-11 15:45:58', '2015-06-12 01:45:58'),
(20, 244, 'SAN MARTIN TOXPALAN', 'S', '2015-06-11 15:45:58', '2015-06-12 01:45:58'),
(20, 245, 'SAN MARTIN ZACATEPEC', 'S', '2015-06-11 15:45:58', '2015-06-12 01:45:58'),
(20, 246, 'SAN MATEO CAJONOS', 'S', '2015-06-11 15:45:58', '2015-06-12 01:45:58'),
(20, 247, 'SAN MATEO DEL MAR', 'S', '2015-06-11 15:45:58', '2015-06-12 01:45:58'),
(20, 248, 'SAN MATEO ETLATONGO', 'S', '2015-06-11 15:45:58', '2015-06-12 01:45:58'),
(20, 249, 'SAN MATEO NEJAPAM', 'S', '2015-06-11 15:45:58', '2015-06-12 01:45:58'),
(20, 250, 'SAN MATEO PE¾ASCO', 'S', '2015-06-11 15:45:58', '2015-06-12 01:45:58'),
(20, 251, 'SAN MATEO PI¾AS', 'S', '2015-06-11 15:45:58', '2015-06-12 01:45:58'),
(20, 252, 'SAN MATEO RIO HONDO', 'S', '2015-06-11 15:45:58', '2015-06-12 01:45:58'),
(20, 253, 'SAN MATEO SINDIHUI', 'S', '2015-06-11 15:45:58', '2015-06-12 01:45:58'),
(20, 254, 'SAN MATEO TLAPILTEPEC', 'S', '2015-06-11 15:45:58', '2015-06-12 01:45:58'),
(20, 255, 'SAN MATEO YOLOXOCHITLAN', 'S', '2015-06-11 15:45:58', '2015-06-12 01:45:58'),
(20, 256, 'SAN MELCHOR BETAZA', 'S', '2015-06-11 15:45:58', '2015-06-12 01:45:58'),
(20, 257, 'SAN MIGUEL ACHIUTLA', 'S', '2015-06-11 15:45:58', '2015-06-12 01:45:58'),
(20, 258, 'SAN MIGUEL AHUEHUETITLAN', 'S', '2015-06-11 15:45:58', '2015-06-12 01:45:58'),
(20, 259, 'SAN MIGUEL ALOAPAM', 'S', '2015-06-11 15:45:58', '2015-06-12 01:45:58'),
(20, 260, 'SAN MIGUEL AMATITLAN', 'S', '2015-06-11 15:45:58', '2015-06-12 01:45:58'),
(20, 261, 'SAN MIGUEL AMATLAN', 'S', '2015-06-11 15:45:58', '2015-06-12 01:45:58'),
(20, 262, 'SAN MIGUEL CHICAHUA', 'S', '2015-06-11 15:45:58', '2015-06-12 01:45:58'),
(20, 263, 'SAN MIGUEL CHIMALAPA', 'S', '2015-06-11 15:45:58', '2015-06-12 01:45:58'),
(20, 264, 'SAN MIGUEL COATLAN', 'S', '2015-06-11 15:45:58', '2015-06-12 01:45:58'),
(20, 265, 'SAN MIGUEL DEL PUERTO', 'S', '2015-06-11 15:45:58', '2015-06-12 01:45:58'),
(20, 266, 'SAN MIGUEL DEL RIO', 'S', '2015-06-11 15:45:58', '2015-06-12 01:45:58'),
(20, 267, 'SAN MIGUEL EJUTLA', 'S', '2015-06-11 15:45:58', '2015-06-12 01:45:58'),
(20, 268, 'SAN MIGUEL EL GRANDE', 'S', '2015-06-11 15:45:58', '2015-06-12 01:45:58'),
(20, 269, 'SAN MIGUEL HUAUTLA', 'S', '2015-06-11 15:45:58', '2015-06-12 01:45:58'),
(20, 270, 'SAN MIGUEL MIXTEPEC', 'S', '2015-06-11 15:45:58', '2015-06-12 01:45:58'),
(20, 271, 'SAN MIGUEL PANIXTLAHUACA', 'S', '2015-06-11 15:45:58', '2015-06-12 01:45:58'),
(20, 272, 'SAN MIGUEL PERAS', 'S', '2015-06-11 15:45:58', '2015-06-12 01:45:58'),
(20, 273, 'SAN MIGUEL PIEDRAS', 'S', '2015-06-11 15:45:58', '2015-06-12 01:45:58'),
(20, 274, 'SAN MIGUEL QUETZALTEPEC', 'S', '2015-06-11 15:45:58', '2015-06-12 01:45:58'),
(20, 275, 'SAN MIGUEL SANTA FLOR', 'S', '2015-06-11 15:45:58', '2015-06-12 01:45:58'),
(20, 276, 'SAN MIGUEL SOYALTEPEC', 'S', '2015-06-11 15:45:58', '2015-06-12 01:45:58'),
(20, 277, 'SAN MIGUEL SUCHIXTEPEC', 'S', '2015-06-11 15:45:58', '2015-06-12 01:45:58'),
(20, 278, 'VILLA TALEA DE CASTRO', 'S', '2015-06-11 15:45:58', '2015-06-12 01:45:58'),
(20, 279, 'SAN MIGUEL TECOMATLAN', 'S', '2015-06-11 15:45:58', '2015-06-12 01:45:58'),
(20, 280, 'SAN MIGUEL TENANGO', 'S', '2015-06-11 15:45:58', '2015-06-12 01:45:58'),
(20, 281, 'SAN MIGUEL TEQUIXTEPEC', 'S', '2015-06-11 15:45:58', '2015-06-12 01:45:58'),
(20, 282, 'SAN MIGUEL TILQUIAPAM', 'S', '2015-06-11 15:45:58', '2015-06-12 01:45:58'),
(20, 283, 'SAN MIGUEL TLACAMAMA', 'S', '2015-06-11 15:45:58', '2015-06-12 01:45:58'),
(20, 284, 'SAN MIGUEL TLACOTEPEC', 'S', '2015-06-11 15:45:58', '2015-06-12 01:45:58'),
(20, 285, 'SAN MIGUEL TULANCINGO', 'S', '2015-06-11 15:45:58', '2015-06-12 01:45:58'),
(20, 286, 'SAN MIGUEL YOTAO', 'S', '2015-06-11 15:45:58', '2015-06-12 01:45:58'),
(20, 287, 'SAN NICOLAS', 'S', '2015-06-11 15:45:58', '2015-06-12 01:45:58'),
(20, 288, 'SAN NICOLAS HIDALGO', 'S', '2015-06-11 15:45:58', '2015-06-12 01:45:58'),
(20, 289, 'SAN PABLO COATLAN', 'S', '2015-06-11 15:45:58', '2015-06-12 01:45:58'),
(20, 290, 'SAN PABLO CUATRO VENADOS', 'S', '2015-06-11 15:45:58', '2015-06-12 01:45:58'),
(20, 291, 'SAN PABLO ETLA', 'S', '2015-06-11 15:45:58', '2015-06-12 01:45:58'),
(20, 292, 'SAN PABLO HUITZO', 'S', '2015-06-11 15:45:58', '2015-06-12 01:45:58'),
(20, 293, 'SAN PABLO HUIXTEPEC', 'S', '2015-06-11 15:45:58', '2015-06-12 01:45:58'),
(20, 294, 'SAN PABLO MACUILTIANGUIS', 'S', '2015-06-11 15:45:58', '2015-06-12 01:45:58'),
(20, 295, 'SAN PABLO TIJALTEPEC', 'S', '2015-06-11 15:45:58', '2015-06-12 01:45:58'),
(20, 296, 'SAN PABLO VILLA DE MITLA', 'S', '2015-06-11 15:45:58', '2015-06-12 01:45:58'),
(20, 297, 'SAN PABLO YAGANIZA', 'S', '2015-06-11 15:45:58', '2015-06-12 01:45:58'),
(20, 298, 'SAN PEDRO AMUZGOS', 'S', '2015-06-11 15:45:58', '2015-06-12 01:45:58'),
(20, 299, 'SAN PEDRO APOSTOL', 'S', '2015-06-11 15:45:58', '2015-06-12 01:45:58'),
(20, 300, 'SAN PEDRO ATOYAC', 'S', '2015-06-11 15:45:58', '2015-06-12 01:45:58'),
(20, 301, 'SAN PEDRO CAJONOS', 'S', '2015-06-11 15:45:58', '2015-06-12 01:45:58'),
(20, 302, 'SAN PEDRO COXCALTEPEC CANTAROS', 'S', '2015-06-11 15:45:58', '2015-06-12 01:45:58'),
(20, 303, 'SAN PEDRO COMITANCILLO', 'S', '2015-06-11 15:45:58', '2015-06-12 01:45:58'),
(20, 304, 'SAN PEDRO EL ALTO', 'S', '2015-06-11 15:45:58', '2015-06-12 01:45:58'),
(20, 305, 'SAN PEDRO HUAMELULA', 'S', '2015-06-11 15:45:58', '2015-06-12 01:45:58'),
(20, 306, 'SAN PEDRO HUILOTEPEC', 'S', '2015-06-11 15:45:58', '2015-06-12 01:45:58'),
(20, 307, 'SAN PEDRO IXCATLAN', 'S', '2015-06-11 15:45:58', '2015-06-12 01:45:58');
INSERT INTO `geo_cat_municipios` (`id_estado`, `id_municipio`, `nombre_municipio`, `activo`, `fecha_creacion`, `fecha_modificacion`) VALUES
(20, 308, 'SAN PEDRO IXTLAHUACA', 'S', '2015-06-11 15:45:58', '2015-06-12 01:45:58'),
(20, 309, 'SAN PEDRO JALTEPETONGO', 'S', '2015-06-11 15:45:58', '2015-06-12 01:45:58'),
(20, 310, 'SAN PEDRO JICAYAN', 'S', '2015-06-11 15:45:58', '2015-06-12 01:45:58'),
(20, 311, 'SAN PEDRO JOCOTIPAC', 'S', '2015-06-11 15:45:58', '2015-06-12 01:45:58'),
(20, 312, 'SAN PEDRO JUCHATENGO', 'S', '2015-06-11 15:45:58', '2015-06-12 01:45:58'),
(20, 313, 'SAN PEDRO MARTIR', 'S', '2015-06-11 15:45:58', '2015-06-12 01:45:58'),
(20, 314, 'SAN PEDRO MARTIR QUIECHAPA', 'S', '2015-06-11 15:45:58', '2015-06-12 01:45:58'),
(20, 315, 'SAN PEDRO MARTIR YUCUXACO', 'S', '2015-06-11 15:45:58', '2015-06-12 01:45:58'),
(20, 316, 'SAN PEDRO MIXTEPEC', 'S', '2015-06-11 15:45:58', '2015-06-12 01:45:58'),
(20, 317, 'SAN PEDRO MIXTEPEC', 'S', '2015-06-11 15:45:58', '2015-06-12 01:45:58'),
(20, 318, 'SAN PEDRO MOLINOS', 'S', '2015-06-11 15:45:58', '2015-06-12 01:45:58'),
(20, 319, 'SAN PEDRO NOPALA', 'S', '2015-06-11 15:45:58', '2015-06-12 01:45:58'),
(20, 320, 'SAN PEDRO OCOPETATILLO', 'S', '2015-06-11 15:45:58', '2015-06-12 01:45:58'),
(20, 321, 'SAN PEDRO OCOTEPEC', 'S', '2015-06-11 15:45:58', '2015-06-12 01:45:58'),
(20, 322, 'SAN PEDRO POCHUTLA', 'S', '2015-06-11 15:45:58', '2015-06-12 01:45:58'),
(20, 323, 'SAN PEDRO QUIATONI', 'S', '2015-06-11 15:45:58', '2015-06-12 01:45:58'),
(20, 324, 'SAN PEDRO SOCHIAPAM', 'S', '2015-06-11 15:45:58', '2015-06-12 01:45:58'),
(20, 325, 'SAN PEDRO TAPANATEPEC', 'S', '2015-06-11 15:45:58', '2015-06-12 01:45:58'),
(20, 326, 'SAN PEDRO TAVICHE', 'S', '2015-06-11 15:45:58', '2015-06-12 01:45:58'),
(20, 327, 'SAN PEDRO TEOZACOALCO', 'S', '2015-06-11 15:45:58', '2015-06-12 01:45:58'),
(20, 328, 'SAN PEDRO TEUTILA', 'S', '2015-06-11 15:45:58', '2015-06-12 01:45:58'),
(20, 329, 'SAN PEDRO TIDAA', 'S', '2015-06-11 15:45:58', '2015-06-12 01:45:58'),
(20, 330, 'SAN PEDRO TOPILTEPEC', 'S', '2015-06-11 15:45:58', '2015-06-12 01:45:58'),
(20, 331, 'SAN PEDRO TOTOLAPA', 'S', '2015-06-11 15:45:58', '2015-06-12 01:45:58'),
(20, 332, 'VILLA DE TUTUTEPEC DE MELCHOR OCAMPO', 'S', '2015-06-11 15:45:58', '2015-06-12 01:45:58'),
(20, 333, 'SAN PEDRO Y SAN PABLO AYUTLA', 'S', '2015-06-11 15:45:58', '2015-06-12 01:45:58'),
(20, 334, 'SAN PEDRO Y SAN PABLO TEPOSCOLULA', 'S', '2015-06-11 15:45:58', '2015-06-12 01:45:58'),
(20, 335, 'SAN PEDRO Y SAN PABLO TEQUIXTEPEC', 'S', '2015-06-11 15:45:58', '2015-06-12 01:45:58'),
(20, 336, 'SAN PEDRO YANERI', 'S', '2015-06-11 15:45:58', '2015-06-12 01:45:58'),
(20, 337, 'SAN PEDRO YOLOX', 'S', '2015-06-11 15:45:58', '2015-06-12 01:45:58'),
(20, 338, 'SAN PEDRO YUCUNAMA', 'S', '2015-06-11 15:45:58', '2015-06-12 01:45:58'),
(20, 339, 'SAN RAYMUNDO JALPAN', 'S', '2015-06-11 15:45:58', '2015-06-12 01:45:58'),
(20, 340, 'SAN SEBASTIAN ABASOLO', 'S', '2015-06-11 15:45:58', '2015-06-12 01:45:58'),
(20, 341, 'SAN SEBASTIAN COATLAN', 'S', '2015-06-11 15:45:58', '2015-06-12 01:45:58'),
(20, 342, 'SAN SEBASTIAN IXCAPA', 'S', '2015-06-11 15:45:58', '2015-06-12 01:45:58'),
(20, 343, 'SAN SEBASTIAN NICANANDUTA', 'S', '2015-06-11 15:45:58', '2015-06-12 01:45:58'),
(20, 344, 'SAN SEBASTIAN RIO HONDO', 'S', '2015-06-11 15:45:58', '2015-06-12 01:45:58'),
(20, 345, 'SAN SEBASTIAN TECOMAXTLAHUACA', 'S', '2015-06-11 15:45:58', '2015-06-12 01:45:58'),
(20, 346, 'SAN SEBASTIAN TEITIPAC', 'S', '2015-06-11 15:45:58', '2015-06-12 01:45:58'),
(20, 347, 'SAN SEBASTIAN TUTLA', 'S', '2015-06-11 15:45:58', '2015-06-12 01:45:58'),
(20, 348, 'SAN SIMON ALMOLONGAS', 'S', '2015-06-11 15:45:58', '2015-06-12 01:45:58'),
(20, 349, 'SAN SIMON ZAHUATLAN', 'S', '2015-06-11 15:45:58', '2015-06-12 01:45:58'),
(20, 350, 'SAN VICENTE COATLAN', 'S', '2015-06-11 15:45:58', '2015-06-12 01:45:58'),
(20, 351, 'SAN VICENTE LACHIXIO', 'S', '2015-06-11 15:45:58', '2015-06-12 01:45:58'),
(20, 352, 'SAN VICENTE NU¾U', 'S', '2015-06-11 15:45:58', '2015-06-12 01:45:58'),
(20, 353, 'SANTA ANA', 'S', '2015-06-11 15:45:58', '2015-06-12 01:45:58'),
(20, 354, 'SANTA ANA ATEIXTLAHUACA', 'S', '2015-06-11 15:45:58', '2015-06-12 01:45:58'),
(20, 355, 'SANTA ANA CUAUHTEMOC', 'S', '2015-06-11 15:45:58', '2015-06-12 01:45:58'),
(20, 356, 'SANTA ANA DEL VALLE', 'S', '2015-06-11 15:45:58', '2015-06-12 01:45:58'),
(20, 357, 'SANTA ANA TAVELA', 'S', '2015-06-11 15:45:58', '2015-06-12 01:45:58'),
(20, 358, 'SANTA ANA TLAPACOYAN', 'S', '2015-06-11 15:45:58', '2015-06-12 01:45:58'),
(20, 359, 'SANTA ANA YARENI', 'S', '2015-06-11 15:45:58', '2015-06-12 01:45:58'),
(20, 360, 'SANTA ANA ZEGACHE', 'S', '2015-06-11 15:45:58', '2015-06-12 01:45:58'),
(20, 361, 'SANTA CATALINA QUIERI', 'S', '2015-06-11 15:45:58', '2015-06-12 01:45:58'),
(20, 362, 'SANTA CATARINA CUIXTLA', 'S', '2015-06-11 15:45:58', '2015-06-12 01:45:58'),
(20, 363, 'SANTA CATARINA IXTEPEJI', 'S', '2015-06-11 15:45:58', '2015-06-12 01:45:58'),
(20, 364, 'SANTA CATARINA JUQUILA', 'S', '2015-06-11 15:45:58', '2015-06-12 01:45:58'),
(20, 365, 'SANTA CATARINA LACHATAO', 'S', '2015-06-11 15:45:58', '2015-06-12 01:45:58'),
(20, 366, 'SANTA CATARINA LOXICHA', 'S', '2015-06-11 15:45:58', '2015-06-12 01:45:58'),
(20, 367, 'SANTA CATARINA MECHOACAN', 'S', '2015-06-11 15:45:58', '2015-06-12 01:45:58'),
(20, 368, 'SANTA CATARINA MINAS', 'S', '2015-06-11 15:45:58', '2015-06-12 01:45:58'),
(20, 369, 'SANTA CATARINA QUIANE', 'S', '2015-06-11 15:45:58', '2015-06-12 01:45:58'),
(20, 370, 'SANTA CATARINA QUIOQUITANI', 'S', '2015-06-11 15:45:58', '2015-06-12 01:45:58'),
(20, 371, 'SANTA CATARINA TAYATA', 'S', '2015-06-11 15:45:58', '2015-06-12 01:45:58'),
(20, 372, 'SANTA CATARINA TICUA', 'S', '2015-06-11 15:45:58', '2015-06-12 01:45:58'),
(20, 373, 'SANTA CATARINA YOSONOTU', 'S', '2015-06-11 15:45:58', '2015-06-12 01:45:58'),
(20, 374, 'SANTA CATARINA ZAPOQUILA', 'S', '2015-06-11 15:45:58', '2015-06-12 01:45:58'),
(20, 375, 'SANTA CRUZ ACATEPEC', 'S', '2015-06-11 15:45:58', '2015-06-12 01:45:58'),
(20, 376, 'SANTA CRUZ AMILPAS', 'S', '2015-06-11 15:45:58', '2015-06-12 01:45:58'),
(20, 377, 'SANTA CRUZ DE BRAVO', 'S', '2015-06-11 15:45:58', '2015-06-12 01:45:58'),
(20, 378, 'SANTA CRUZ ITUNDUJIA', 'S', '2015-06-11 15:45:58', '2015-06-12 01:45:58'),
(20, 379, 'SANTA CRUZ MIXTEPEC', 'S', '2015-06-11 15:45:58', '2015-06-12 01:45:58'),
(20, 380, 'SANTA CRUZ NUNDACO', 'S', '2015-06-11 15:45:58', '2015-06-12 01:45:58'),
(20, 381, 'SANTA CRUZ PAPALUTLA', 'S', '2015-06-11 15:45:58', '2015-06-12 01:45:58'),
(20, 382, 'SANTA CRUZ TACACHE DE MINA', 'S', '2015-06-11 15:45:58', '2015-06-12 01:45:58'),
(20, 383, 'SANTA CRUZ TACAHUA', 'S', '2015-06-11 15:45:58', '2015-06-12 01:45:58'),
(20, 384, 'SANTA CRUZ TAYATA', 'S', '2015-06-11 15:45:58', '2015-06-12 01:45:58'),
(20, 385, 'SANTA CRUZ XITLA', 'S', '2015-06-11 15:45:58', '2015-06-12 01:45:58'),
(20, 387, 'SANTA CRUZ ZENZONTEPEC', 'S', '2015-06-11 15:45:58', '2015-06-12 01:45:58'),
(20, 388, 'SANTA GERTRUDIS', 'S', '2015-06-11 15:45:58', '2015-06-12 01:45:58'),
(20, 389, 'SANTA INES DEL MONTE', 'S', '2015-06-11 15:45:58', '2015-06-12 01:45:58'),
(20, 390, 'SANTA INES YATZECHE', 'S', '2015-06-11 15:45:58', '2015-06-12 01:45:58'),
(20, 391, 'SANTA INES DE ZARAGOZA', 'S', '2015-06-11 15:45:58', '2015-06-12 01:45:58'),
(20, 392, 'SANTA LUCIA DEL CAMINO', 'S', '2015-06-11 15:45:58', '2015-06-12 01:45:58'),
(20, 393, 'SANTA LUCIA MIAHUATLAN', 'S', '2015-06-11 15:45:58', '2015-06-12 01:45:58'),
(20, 394, 'SANTA LUCIA MONTEVERDE', 'S', '2015-06-11 15:45:58', '2015-06-12 01:45:58'),
(20, 395, 'SANTA LUCIA OCOTLAN', 'S', '2015-06-11 15:45:58', '2015-06-12 01:45:58'),
(20, 396, 'SANTA MAGDALENA JICOTLAN', 'S', '2015-06-11 15:45:58', '2015-06-12 01:45:58'),
(20, 397, 'SANTA MARIA ALOTEPEC', 'S', '2015-06-11 15:45:58', '2015-06-12 01:45:58'),
(20, 398, 'SANTA MARIA APAZCO', 'S', '2015-06-11 15:45:58', '2015-06-12 01:45:58'),
(20, 399, 'SANTA MARIA LA ASUNCION', 'S', '2015-06-11 15:45:58', '2015-06-12 01:45:58'),
(20, 400, 'SANTA MARIA ATZOMPA', 'S', '2015-06-11 15:45:58', '2015-06-12 01:45:58'),
(20, 401, 'SANTA MARIA CAMOTLAN', 'S', '2015-06-11 15:45:58', '2015-06-12 01:45:58'),
(20, 402, 'SANTA MARIA CHACHOAPAM', 'S', '2015-06-11 15:45:58', '2015-06-12 01:45:58'),
(20, 403, 'VILLA DE CHILAPA DE DIAZ', 'S', '2015-06-11 15:45:58', '2015-06-12 01:45:58'),
(20, 404, 'SANTA MARIA CHILCHOTLA', 'S', '2015-06-11 15:45:58', '2015-06-12 01:45:58'),
(20, 405, 'SANTA MARIA CHIMALAPA', 'S', '2015-06-11 15:45:58', '2015-06-12 01:45:58'),
(20, 406, 'SANTA MARIA COLOTEPEC', 'S', '2015-06-11 15:45:58', '2015-06-12 01:45:58'),
(20, 407, 'SANTA MARIA CORTIJO', 'S', '2015-06-11 15:45:58', '2015-06-12 01:45:58'),
(20, 408, 'SANTA MARIA COYOTEPEC', 'S', '2015-06-11 15:45:58', '2015-06-12 01:45:58'),
(20, 409, 'SANTA MARIA DEL ROSARIO', 'S', '2015-06-11 15:45:58', '2015-06-12 01:45:58'),
(20, 410, 'SANTA MARIA DEL TULE', 'S', '2015-06-11 15:45:58', '2015-06-12 01:45:58'),
(20, 411, 'SANTA MARIA ECATEPEC', 'S', '2015-06-11 15:45:58', '2015-06-12 01:45:58'),
(20, 412, 'SANTA MARIA GUELACE', 'S', '2015-06-11 15:45:58', '2015-06-12 01:45:58'),
(20, 413, 'SANTA MARIA GUIENAGATI', 'S', '2015-06-11 15:45:58', '2015-06-12 01:45:58'),
(20, 414, 'SANTA MARIA HUATULCO', 'S', '2015-06-11 15:45:58', '2015-06-12 01:45:58'),
(20, 415, 'SANTA MARIA HUAZOLOTITLAN', 'S', '2015-06-11 15:45:58', '2015-06-12 01:45:58'),
(20, 416, 'SANTA MARIA IPALAPA', 'S', '2015-06-11 15:45:58', '2015-06-12 01:45:58'),
(20, 417, 'SANTA MARIA IXCATLAN', 'S', '2015-06-11 15:45:58', '2015-06-12 01:45:58'),
(20, 418, 'SANTA MARIA JACATEPEC', 'S', '2015-06-11 15:45:58', '2015-06-12 01:45:58'),
(20, 419, 'SANTA MARIA JALAPA DEL MARQUES', 'S', '2015-06-11 15:45:58', '2015-06-12 01:45:58'),
(20, 420, 'SANTA MARIA JALTIANGUIS', 'S', '2015-06-11 15:45:58', '2015-06-12 01:45:58'),
(20, 421, 'SANTA MARIA LACHIXIO', 'S', '2015-06-11 15:45:58', '2015-06-12 01:45:58'),
(20, 422, 'SANTA MARIA MIXTEQUILLA', 'S', '2015-06-11 15:45:58', '2015-06-12 01:45:58'),
(20, 423, 'SANTA MARIA NATIVITAS', 'S', '2015-06-11 15:45:58', '2015-06-12 01:45:58'),
(20, 424, 'SANTA MARIA NDUAYACO', 'S', '2015-06-11 15:45:58', '2015-06-12 01:45:58'),
(20, 425, 'SANTA MARIA OZOLOTEPEC', 'S', '2015-06-11 15:45:58', '2015-06-12 01:45:58'),
(20, 426, 'SANTA MARIA PAPALO', 'S', '2015-06-11 15:45:58', '2015-06-12 01:45:58'),
(20, 427, 'SANTA MARIA PETAPA', 'S', '2015-06-11 15:45:58', '2015-06-12 01:45:58'),
(20, 428, 'SANTA MARIA PE¾OLES', 'S', '2015-06-11 15:45:58', '2015-06-12 01:45:58'),
(20, 429, 'SANTA MARIA QUIEGOLANI', 'S', '2015-06-11 15:45:58', '2015-06-12 01:45:58'),
(20, 430, 'SANTA MARIA SOLA', 'S', '2015-06-11 15:45:58', '2015-06-12 01:45:58'),
(20, 431, 'SANTA MARIA TATALTEPEC', 'S', '2015-06-11 15:45:58', '2015-06-12 01:45:58'),
(20, 432, 'SANTA MARIA TECOMAVACA', 'S', '2015-06-11 15:45:58', '2015-06-12 01:45:58'),
(20, 433, 'SANTA MARIA TEMAXCALAPA', 'S', '2015-06-11 15:45:58', '2015-06-12 01:45:58'),
(20, 434, 'SANTA MARIA TEMAXCALTEPEC', 'S', '2015-06-11 15:45:58', '2015-06-12 01:45:58'),
(20, 435, 'SANTA MARIA TEOPOXCO', 'S', '2015-06-11 15:45:58', '2015-06-12 01:45:58'),
(20, 436, 'SANTA MARIA TEPANTLALI', 'S', '2015-06-11 15:45:58', '2015-06-12 01:45:58'),
(20, 437, 'SANTA MARIA TEXCATITLAN', 'S', '2015-06-11 15:45:58', '2015-06-12 01:45:58'),
(20, 438, 'SANTA MARIA TLAHUITOLTEPEC', 'S', '2015-06-11 15:45:58', '2015-06-12 01:45:58'),
(20, 439, 'SANTA MARIA TLALIXTAC', 'S', '2015-06-11 15:45:58', '2015-06-12 01:45:58'),
(20, 440, 'SANTA MARIA TONAMECA', 'S', '2015-06-11 15:45:58', '2015-06-12 01:45:58'),
(20, 441, 'SANTA MARIA TOTOLAPILLA', 'S', '2015-06-11 15:45:58', '2015-06-12 01:45:58'),
(20, 442, 'SANTA MARIA XADANI', 'S', '2015-06-11 15:45:58', '2015-06-12 01:45:58'),
(20, 443, 'SANTA MARIA YALINA', 'S', '2015-06-11 15:45:58', '2015-06-12 01:45:58'),
(20, 444, 'SANTA MARIA YAVESIA', 'S', '2015-06-11 15:45:58', '2015-06-12 01:45:58'),
(20, 445, 'SANTA MARIA YOLOTEPEC', 'S', '2015-06-11 15:45:58', '2015-06-12 01:45:58'),
(20, 446, 'SANTA MARIA YOSOYUA', 'S', '2015-06-11 15:45:58', '2015-06-12 01:45:58'),
(20, 447, 'SANTA MARIA YUCUHITI', 'S', '2015-06-11 15:45:58', '2015-06-12 01:45:58'),
(20, 448, 'SANTA MARIA ZACATEPEC', 'S', '2015-06-11 15:45:58', '2015-06-12 01:45:58'),
(20, 449, 'SANTA MARIA ZANIZA', 'S', '2015-06-11 15:45:58', '2015-06-12 01:45:58'),
(20, 450, 'SANTA MARIA ZOQUITLAN', 'S', '2015-06-11 15:45:58', '2015-06-12 01:45:58'),
(20, 451, 'SANTIAGO AMOLTEPEC', 'S', '2015-06-11 15:45:58', '2015-06-12 01:45:58'),
(20, 452, 'SANTIAGO APOALA', 'S', '2015-06-11 15:45:58', '2015-06-12 01:45:58'),
(20, 453, 'SANTIAGO APOSTOL', 'S', '2015-06-11 15:45:58', '2015-06-12 01:45:58'),
(20, 454, 'SANTIAGO ASTATA', 'S', '2015-06-11 15:45:58', '2015-06-12 01:45:58'),
(20, 455, 'SANTIAGO ATITLAN', 'S', '2015-06-11 15:45:58', '2015-06-12 01:45:58'),
(20, 456, 'SANTIAGO AYUQUILILLA', 'S', '2015-06-11 15:45:58', '2015-06-12 01:45:58'),
(20, 457, 'SANTIAGO CACALOXTEPEC', 'S', '2015-06-11 15:45:58', '2015-06-12 01:45:58'),
(20, 458, 'SANTIAGO CAMOTLAN', 'S', '2015-06-11 15:45:58', '2015-06-12 01:45:58'),
(20, 459, 'SANTIAGO CHAZUMBA', 'S', '2015-06-11 15:45:58', '2015-06-12 01:45:58'),
(20, 460, 'SANTIAGO CHOAPAM', 'S', '2015-06-11 15:45:58', '2015-06-12 01:45:58'),
(20, 461, 'SANTIAGO COMALTEPEC', 'S', '2015-06-11 15:45:58', '2015-06-12 01:45:58'),
(20, 462, 'SANTIAGO DEL RIO', 'S', '2015-06-11 15:45:58', '2015-06-12 01:45:58'),
(20, 463, 'SANTIAGO HUAJOLOTITLAN', 'S', '2015-06-11 15:45:58', '2015-06-12 01:45:58'),
(20, 464, 'SANTIAGO HUAUCLILLA', 'S', '2015-06-11 15:45:58', '2015-06-12 01:45:58'),
(20, 465, 'SANTIAGO IHUITLAN PLUMAS', 'S', '2015-06-11 15:45:58', '2015-06-12 01:45:58'),
(20, 466, 'SANTIAGO IXCUINTEPEC', 'S', '2015-06-11 15:45:58', '2015-06-12 01:45:58'),
(20, 467, 'SANTIAGO IXTAYUTLA', 'S', '2015-06-11 15:45:58', '2015-06-12 01:45:58'),
(20, 468, 'SANTIAGO JAMILTEPEC', 'S', '2015-06-11 15:45:58', '2015-06-12 01:45:58'),
(20, 469, 'SANTIAGO JOCOTEPEC', 'S', '2015-06-11 15:45:58', '2015-06-12 01:45:58'),
(20, 470, 'SANTIAGO JUXTLAHUACA', 'S', '2015-06-11 15:45:58', '2015-06-12 01:45:58'),
(20, 471, 'SANTIAGO LACHIGUIRI', 'S', '2015-06-11 15:45:58', '2015-06-12 01:45:58'),
(20, 515, 'SANTO DOMINGO TEHUANTEPEC', 'S', '2015-06-11 15:45:58', '2015-06-12 01:45:58'),
(20, 472, 'SANTIAGO LALOPA', 'S', '2015-06-11 15:45:58', '2015-06-12 01:45:58'),
(20, 473, 'SANTIAGO LAOLLAGA', 'S', '2015-06-11 15:45:58', '2015-06-12 01:45:58'),
(20, 474, 'SANTIAGO LAXOPA', 'S', '2015-06-11 15:45:58', '2015-06-12 01:45:58'),
(20, 475, 'SANTIAGO LLANO GRANDE', 'S', '2015-06-11 15:45:58', '2015-06-12 01:45:58'),
(20, 476, 'SANTIAGO MATATLAN', 'S', '2015-06-11 15:45:58', '2015-06-12 01:45:58'),
(20, 477, 'SANTIAGO MILTEPEC', 'S', '2015-06-11 15:45:58', '2015-06-12 01:45:58'),
(20, 478, 'SANTIAGO MINAS', 'S', '2015-06-11 15:45:58', '2015-06-12 01:45:58'),
(20, 479, 'SANTIAGO NACALTEPEC', 'S', '2015-06-11 15:45:58', '2015-06-12 01:45:58'),
(20, 480, 'SANTIAGO NEJAPILLA', 'S', '2015-06-11 15:45:58', '2015-06-12 01:45:58'),
(20, 481, 'SANTIAGO NILTEPEC', 'S', '2015-06-11 15:45:58', '2015-06-12 01:45:58'),
(20, 482, 'SANTIAGO NUNDICHE', 'S', '2015-06-11 15:45:58', '2015-06-12 01:45:58'),
(20, 483, 'SANTIAGO NUYOO', 'S', '2015-06-11 15:45:58', '2015-06-12 01:45:58'),
(20, 484, 'SANTIAGO PINOTEPA NACIONAL', 'S', '2015-06-11 15:45:58', '2015-06-12 01:45:58'),
(20, 485, 'SANTIAGO SUCHILQUITONGO', 'S', '2015-06-11 15:45:58', '2015-06-12 01:45:58'),
(20, 486, 'SANTIAGO TAMAZOLA', 'S', '2015-06-11 15:45:58', '2015-06-12 01:45:58'),
(20, 487, 'SANTIAGO TAPEXTLA', 'S', '2015-06-11 15:45:58', '2015-06-12 01:45:58'),
(20, 488, 'SANTIAGO TENANGO', 'S', '2015-06-11 15:45:58', '2015-06-12 01:45:58'),
(20, 489, 'SANTIAGO TEPETLAPA', 'S', '2015-06-11 15:45:58', '2015-06-12 01:45:58'),
(20, 490, 'SANTIAGO TETEPEC', 'S', '2015-06-11 15:45:58', '2015-06-12 01:45:58'),
(20, 491, 'SANTIAGO TEXCALCINGO', 'S', '2015-06-11 15:45:58', '2015-06-12 01:45:58'),
(20, 492, 'SANTIAGO TEXTITLAN', 'S', '2015-06-11 15:45:58', '2015-06-12 01:45:58'),
(20, 493, 'SANTIAGO TILANTONGO', 'S', '2015-06-11 15:45:58', '2015-06-12 01:45:58'),
(20, 494, 'SANTIAGO TILLO', 'S', '2015-06-11 15:45:58', '2015-06-12 01:45:58'),
(20, 495, 'SANTIAGO TLAZOYALTEPEC', 'S', '2015-06-11 15:45:58', '2015-06-12 01:45:58'),
(20, 496, 'SANTIAGO XANICA', 'S', '2015-06-11 15:45:58', '2015-06-12 01:45:58'),
(20, 497, 'SANTIAGO XIACUI', 'S', '2015-06-11 15:45:58', '2015-06-12 01:45:58'),
(20, 498, 'SANTIAGO YAITEPEC', 'S', '2015-06-11 15:45:58', '2015-06-12 01:45:58'),
(20, 499, 'SANTIAGO YAVEO', 'S', '2015-06-11 15:45:58', '2015-06-12 01:45:58'),
(20, 500, 'SANTIAGO YOLOMECATL', 'S', '2015-06-11 15:45:58', '2015-06-12 01:45:58'),
(20, 501, 'SANTIAGO YOSONDUA', 'S', '2015-06-11 15:45:58', '2015-06-12 01:45:58'),
(20, 502, 'SANTIAGO YUCUYACHI', 'S', '2015-06-11 15:45:58', '2015-06-12 01:45:58'),
(20, 503, 'SANTIAGO ZACATEPEC', 'S', '2015-06-11 15:45:58', '2015-06-12 01:45:58'),
(20, 504, 'SANTIAGO ZOOCHILA', 'S', '2015-06-11 15:45:58', '2015-06-12 01:45:58'),
(20, 505, 'SANTO DOMINGO ALBARRADAS', 'S', '2015-06-11 15:45:58', '2015-06-12 01:45:58'),
(20, 506, 'SANTO DOMINGO ARMENTA', 'S', '2015-06-11 15:45:58', '2015-06-12 01:45:58'),
(20, 507, 'SANTO DOMINGO CHIHUITAN', 'S', '2015-06-11 15:45:58', '2015-06-12 01:45:58'),
(20, 508, 'SANTO DOMINGO DE MORELOS', 'S', '2015-06-11 15:45:58', '2015-06-12 01:45:58'),
(20, 509, 'SANTO DOMINGO INGENIO', 'S', '2015-06-11 15:45:58', '2015-06-12 01:45:58'),
(20, 510, 'SANTO DOMINGO IXCATLAN', 'S', '2015-06-11 15:45:58', '2015-06-12 01:45:58'),
(20, 511, 'SANTO DOMINGO NUXAA', 'S', '2015-06-11 15:45:58', '2015-06-12 01:45:58'),
(20, 512, 'SANTO DOMINGO OZOLOTEPEC', 'S', '2015-06-11 15:45:58', '2015-06-12 01:45:58'),
(20, 513, 'SANTO DOMINGO PETAPA', 'S', '2015-06-11 15:45:58', '2015-06-12 01:45:58'),
(20, 514, 'SANTO DOMINGO ROAYAGA', 'S', '2015-06-11 15:45:58', '2015-06-12 01:45:58'),
(20, 516, 'SANTO DOMINGO TEOJOMULCO', 'S', '2015-06-11 15:45:58', '2015-06-12 01:45:58'),
(20, 517, 'SANTO DOMINGO TEPUXTEPEC', 'S', '2015-06-11 15:45:58', '2015-06-12 01:45:58'),
(20, 518, 'SANTO DOMINGO TLATAYAPAM', 'S', '2015-06-11 15:45:58', '2015-06-12 01:45:58'),
(20, 519, 'SANTO DOMINGO TOMALTEPEC', 'S', '2015-06-11 15:45:58', '2015-06-12 01:45:58'),
(20, 520, 'SANTO DOMINGO TONALA', 'S', '2015-06-11 15:45:58', '2015-06-12 01:45:58'),
(20, 521, 'SANTO DOMINGO TONALTEPEC', 'S', '2015-06-11 15:45:58', '2015-06-12 01:45:58'),
(20, 522, 'SANTO DOMINGO XAGACIA', 'S', '2015-06-11 15:45:58', '2015-06-12 01:45:58'),
(20, 523, 'SANTO DOMINGO YANHUITLAN', 'S', '2015-06-11 15:45:58', '2015-06-12 01:45:58'),
(20, 524, 'SANTO DOMINGO YODOHINO', 'S', '2015-06-11 15:45:58', '2015-06-12 01:45:58'),
(20, 525, 'SANTO DOMINGO ZANATEPEC', 'S', '2015-06-11 15:45:58', '2015-06-12 01:45:58'),
(20, 526, 'SANTO TOMAS JALIEZA', 'S', '2015-06-11 15:45:58', '2015-06-12 01:45:58'),
(20, 527, 'SANTO TOMAS MAZALTEPEC', 'S', '2015-06-11 15:45:58', '2015-06-12 01:45:58'),
(20, 528, 'SANTO TOMAS OCOTEPEC', 'S', '2015-06-11 15:45:58', '2015-06-12 01:45:58'),
(20, 529, 'SANTO TOMAS TAMAZULAPAN', 'S', '2015-06-11 15:45:58', '2015-06-12 01:45:58'),
(20, 530, 'SANTOS REYES NOPALA', 'S', '2015-06-11 15:45:58', '2015-06-12 01:45:58'),
(20, 531, 'SANTOS REYES PAPALO', 'S', '2015-06-11 15:45:58', '2015-06-12 01:45:58'),
(20, 532, 'SANTOS REYES TEPEJILLO', 'S', '2015-06-11 15:45:58', '2015-06-12 01:45:58'),
(20, 533, 'SANTOS REYES YUCUNA', 'S', '2015-06-11 15:45:58', '2015-06-12 01:45:58'),
(20, 534, 'SILACAYOAPAM', 'S', '2015-06-11 15:45:58', '2015-06-12 01:45:58'),
(20, 535, 'SITIO DE XITLAPEHUA', 'S', '2015-06-11 15:45:58', '2015-06-12 01:45:58'),
(20, 536, 'VILLA SOLA DE VEGA', 'S', '2015-06-11 15:45:58', '2015-06-12 01:45:58'),
(20, 537, 'SOLEDAD ETLA', 'S', '2015-06-11 15:45:58', '2015-06-12 01:45:58'),
(20, 538, 'TANICHE', 'S', '2015-06-11 15:45:58', '2015-06-12 01:45:58'),
(20, 539, 'VILLA DE TAMAZULAPAM DEL PROGRESO', 'S', '2015-06-11 15:45:58', '2015-06-12 01:45:58'),
(20, 540, 'TAMAZULAPAM DEL ESPIRITU SANTO', 'S', '2015-06-11 15:45:58', '2015-06-12 01:45:58'),
(20, 541, 'TANETZE DE ZARAGOZA', 'S', '2015-06-11 15:45:58', '2015-06-12 01:45:58'),
(20, 542, 'TATALTEPEC DE VALDES', 'S', '2015-06-11 15:45:58', '2015-06-12 01:45:58'),
(20, 543, 'VILLA TEJUPAM DE LA UNION', 'S', '2015-06-11 15:45:58', '2015-06-12 01:45:58'),
(20, 544, 'TEOCOCUILCO DE MARCOS PEREZ', 'S', '2015-06-11 15:45:58', '2015-06-12 01:45:58'),
(20, 545, 'TEOTITLAN DE FLORES MAGON', 'S', '2015-06-11 15:45:58', '2015-06-12 01:45:58'),
(20, 546, 'TEOTITLAN DEL VALLE', 'S', '2015-06-11 15:45:58', '2015-06-12 01:45:58'),
(20, 547, 'TEOTONGO', 'S', '2015-06-11 15:45:58', '2015-06-12 01:45:58'),
(20, 548, 'TEPELMEME VILLA DE MORELOS', 'S', '2015-06-11 15:45:58', '2015-06-12 01:45:58'),
(20, 549, 'TEZOATLAN DE SEGURA Y LUNA', 'S', '2015-06-11 15:45:58', '2015-06-12 01:45:58'),
(20, 550, 'TLACOLULA DE MATAMOROS', 'S', '2015-06-11 15:45:58', '2015-06-12 01:45:58'),
(20, 551, 'TLACOTEPEC PLUMAS', 'S', '2015-06-11 15:45:58', '2015-06-12 01:45:58'),
(20, 552, 'TLALIXTAC DE CABRERA', 'S', '2015-06-11 15:45:58', '2015-06-12 01:45:58'),
(20, 553, 'HEROICA CIUDAD DE TLAXIACO', 'S', '2015-06-11 15:45:58', '2015-06-12 01:45:58'),
(20, 554, 'TOTONTEPEC VILLA DE MORELOS', 'S', '2015-06-11 15:45:58', '2015-06-12 01:45:58'),
(20, 555, 'TRINIDAD ZAACHILA', 'S', '2015-06-11 15:45:58', '2015-06-12 01:45:58'),
(20, 556, 'LA TRINIDAD VISTA HERMOSA', 'S', '2015-06-11 15:45:58', '2015-06-12 01:45:58'),
(20, 557, 'UNION HIDALGO', 'S', '2015-06-11 15:45:58', '2015-06-12 01:45:58'),
(20, 558, 'VALERIO TRUJANO', 'S', '2015-06-11 15:45:58', '2015-06-12 01:45:58'),
(20, 559, 'CAPULALPAM DE MENDEZ', 'S', '2015-06-11 15:45:58', '2015-06-12 01:45:58'),
(20, 560, 'VILLA DE ETLA', 'S', '2015-06-11 15:45:58', '2015-06-12 01:45:58'),
(20, 561, 'VILLA DIAZ ORDAZ', 'S', '2015-06-11 15:45:58', '2015-06-12 01:45:58'),
(20, 562, 'VILLA HIDALGO', 'S', '2015-06-11 15:45:58', '2015-06-12 01:45:58'),
(20, 563, 'YAXE', 'S', '2015-06-11 15:45:58', '2015-06-12 01:45:58'),
(20, 564, 'YOGANA', 'S', '2015-06-11 15:45:58', '2015-06-12 01:45:58'),
(20, 565, 'YUTANDUCHI DE GUERRERO', 'S', '2015-06-11 15:45:58', '2015-06-12 01:45:58'),
(20, 566, 'VILLA DE ZAACHILA', 'S', '2015-06-11 15:45:58', '2015-06-12 01:45:58'),
(20, 567, 'ZAPOTITLAN DEL RIO', 'S', '2015-06-11 15:45:58', '2015-06-12 01:45:58'),
(20, 568, 'ZAPOTITLAN LAGUNAS', 'S', '2015-06-11 15:45:58', '2015-06-12 01:45:58'),
(20, 569, 'ZAPOTITLAN PALMAS', 'S', '2015-06-11 15:45:58', '2015-06-12 01:45:58'),
(20, 570, 'ZIMATLAN DE ALVAREZ', 'S', '2015-06-11 15:45:58', '2015-06-12 01:45:58'),
(21, 1, 'ACAJETE', 'S', '2015-06-11 15:45:58', '2015-06-12 01:45:58'),
(21, 2, 'ACATENO', 'S', '2015-06-11 15:45:58', '2015-06-12 01:45:58'),
(21, 3, 'ACATLAN', 'S', '2015-06-11 15:45:58', '2015-06-12 01:45:58'),
(21, 4, 'ACATZINGO', 'S', '2015-06-11 15:45:58', '2015-06-12 01:45:58'),
(21, 5, 'ACTEOPAN', 'S', '2015-06-11 15:45:58', '2015-06-12 01:45:58'),
(21, 6, 'AHUACATLAN', 'S', '2015-06-11 15:45:58', '2015-06-12 01:45:58'),
(21, 7, 'AHUATLAN', 'S', '2015-06-11 15:45:58', '2015-06-12 01:45:58'),
(21, 8, 'AHUAZOTEPEC', 'S', '2015-06-11 15:45:58', '2015-06-12 01:45:58'),
(21, 9, 'AHUEHUETITLA', 'S', '2015-06-11 15:45:58', '2015-06-12 01:45:58'),
(21, 10, 'AJALPAN', 'S', '2015-06-11 15:45:58', '2015-06-12 01:45:58'),
(21, 11, 'ALBINO ZERTUCHE', 'S', '2015-06-11 15:45:58', '2015-06-12 01:45:58'),
(21, 12, 'ALJOJUCA', 'S', '2015-06-11 15:45:58', '2015-06-12 01:45:58'),
(21, 13, 'ALTEPEXI', 'S', '2015-06-11 15:45:58', '2015-06-12 01:45:58'),
(21, 14, 'AMIXTLAN', 'S', '2015-06-11 15:45:58', '2015-06-12 01:45:58'),
(21, 15, 'AMOZOC', 'S', '2015-06-11 15:45:58', '2015-06-12 01:45:58'),
(21, 16, 'AQUIXTLA', 'S', '2015-06-11 15:45:58', '2015-06-12 01:45:58'),
(21, 17, 'ATEMPAN', 'S', '2015-06-11 15:45:58', '2015-06-12 01:45:58'),
(21, 18, 'ATEXCAL', 'S', '2015-06-11 15:45:58', '2015-06-12 01:45:58'),
(21, 19, 'ATLIXCO', 'S', '2015-06-11 15:45:58', '2015-06-12 01:45:58'),
(21, 20, 'ATOYATEMPAN', 'S', '2015-06-11 15:45:58', '2015-06-12 01:45:58'),
(21, 21, 'ATZALA', 'S', '2015-06-11 15:45:58', '2015-06-12 01:45:58'),
(21, 22, 'ATZITZIHUACAN', 'S', '2015-06-11 15:45:58', '2015-06-12 01:45:58'),
(21, 23, 'ATZITZINTLA', 'S', '2015-06-11 15:45:58', '2015-06-12 01:45:58'),
(21, 24, 'AXUTLA', 'S', '2015-06-11 15:45:58', '2015-06-12 01:45:58'),
(21, 25, 'AYOTOXCO DE GUERRERO', 'S', '2015-06-11 15:45:58', '2015-06-12 01:45:58'),
(21, 26, 'CALPAN', 'S', '2015-06-11 15:45:58', '2015-06-12 01:45:58'),
(21, 27, 'CALTEPEC', 'S', '2015-06-11 15:45:58', '2015-06-12 01:45:58'),
(21, 28, 'CAMOCUAUTLA', 'S', '2015-06-11 15:45:58', '2015-06-12 01:45:58'),
(21, 29, 'CA¾ADA MORELOS', 'S', '2015-06-11 15:45:58', '2015-06-12 01:45:58'),
(21, 30, 'CAXHUACAN', 'S', '2015-06-11 15:45:58', '2015-06-12 01:45:58'),
(21, 31, 'COATEPEC', 'S', '2015-06-11 15:45:58', '2015-06-12 01:45:58'),
(21, 32, 'COATZINGO', 'S', '2015-06-11 15:45:58', '2015-06-12 01:45:58'),
(21, 33, 'COHETZALA', 'S', '2015-06-11 15:45:58', '2015-06-12 01:45:58'),
(21, 34, 'COHUECAN', 'S', '2015-06-11 15:45:58', '2015-06-12 01:45:58'),
(21, 35, 'CORONANGO', 'S', '2015-06-11 15:45:58', '2015-06-12 01:45:58'),
(21, 36, 'COXCATLAN', 'S', '2015-06-11 15:45:58', '2015-06-12 01:45:58'),
(21, 37, 'COYOMEAPAN', 'S', '2015-06-11 15:45:58', '2015-06-12 01:45:58'),
(21, 38, 'COYOTEPEC', 'S', '2015-06-11 15:45:58', '2015-06-12 01:45:58'),
(21, 39, 'CUAPIAXTLA DE MADERO', 'S', '2015-06-11 15:45:58', '2015-06-12 01:45:58'),
(21, 40, 'CUAUTEMPAN', 'S', '2015-06-11 15:45:58', '2015-06-12 01:45:58'),
(21, 41, 'CUAUTINCHAN', 'S', '2015-06-11 15:45:58', '2015-06-12 01:45:58'),
(21, 42, 'CUAUTLANCINGO', 'S', '2015-06-11 15:45:58', '2015-06-12 01:45:58'),
(21, 43, 'CUAYUCA DE ANDRADE', 'S', '2015-06-11 15:45:58', '2015-06-12 01:45:58'),
(21, 44, 'CUETZALAN DEL PROGRESO', 'S', '2015-06-11 15:45:58', '2015-06-12 01:45:58'),
(21, 45, 'CUYOACO', 'S', '2015-06-11 15:45:58', '2015-06-12 01:45:58'),
(21, 46, 'CHALCHICOMULA DE SESMA', 'S', '2015-06-11 15:45:58', '2015-06-12 01:45:58'),
(21, 47, 'CHAPULCO', 'S', '2015-06-11 15:45:58', '2015-06-12 01:45:58'),
(21, 48, 'CHIAUTLA', 'S', '2015-06-11 15:45:58', '2015-06-12 01:45:58'),
(21, 49, 'CHIAUTZINGO', 'S', '2015-06-11 15:45:58', '2015-06-12 01:45:58'),
(21, 50, 'CHICONCUAUTLA', 'S', '2015-06-11 15:45:58', '2015-06-12 01:45:58'),
(21, 51, 'CHICHIQUILA', 'S', '2015-06-11 15:45:58', '2015-06-12 01:45:58'),
(21, 52, 'CHIETLA', 'S', '2015-06-11 15:45:58', '2015-06-12 01:45:58'),
(21, 53, 'CHIGMECATITLAN', 'S', '2015-06-11 15:45:58', '2015-06-12 01:45:58'),
(21, 54, 'CHIGNAHUAPAN', 'S', '2015-06-11 15:45:58', '2015-06-12 01:45:58'),
(21, 55, 'CHIGNAUTLA', 'S', '2015-06-11 15:45:58', '2015-06-12 01:45:58'),
(21, 56, 'CHILA', 'S', '2015-06-11 15:45:58', '2015-06-12 01:45:58'),
(21, 57, 'CHILA DE LA SAL', 'S', '2015-06-11 15:45:58', '2015-06-12 01:45:58'),
(21, 58, 'HONEY', 'S', '2015-06-11 15:45:58', '2015-06-12 01:45:58'),
(21, 59, 'CHILCHOTLA', 'S', '2015-06-11 15:45:58', '2015-06-12 01:45:58'),
(21, 60, 'CHINANTLA', 'S', '2015-06-11 15:45:58', '2015-06-12 01:45:58'),
(21, 61, 'DOMINGO ARENAS', 'S', '2015-06-11 15:45:58', '2015-06-12 01:45:58'),
(21, 62, 'ELOXOCHITLAN', 'S', '2015-06-11 15:45:58', '2015-06-12 01:45:58'),
(21, 63, 'EPATLAN', 'S', '2015-06-11 15:45:58', '2015-06-12 01:45:58'),
(21, 64, 'ESPERANZA', 'S', '2015-06-11 15:45:58', '2015-06-12 01:45:58'),
(21, 65, 'FRANCISCO Z. MENA', 'S', '2015-06-11 15:45:58', '2015-06-12 01:45:58'),
(21, 66, 'GENERAL FELIPE ANGELES', 'S', '2015-06-11 15:45:58', '2015-06-12 01:45:58'),
(21, 67, 'GUADALUPE', 'S', '2015-06-11 15:45:58', '2015-06-12 01:45:58'),
(21, 68, 'GUADALUPE VICTORIA', 'S', '2015-06-11 15:45:58', '2015-06-12 01:45:58'),
(21, 69, 'HERMENEGILDO GALEANA', 'S', '2015-06-11 15:45:58', '2015-06-12 01:45:58'),
(21, 70, 'HUAQUECHULA', 'S', '2015-06-11 15:45:58', '2015-06-12 01:45:58'),
(21, 71, 'HUATLATLAUCA', 'S', '2015-06-11 15:45:58', '2015-06-12 01:45:58'),
(21, 72, 'HUAUCHINANGO', 'S', '2015-06-11 15:45:58', '2015-06-12 01:45:58'),
(21, 73, 'HUEHUETLA', 'S', '2015-06-11 15:45:58', '2015-06-12 01:45:58'),
(21, 74, 'HUEHUETLAN EL CHICO', 'S', '2015-06-11 15:45:58', '2015-06-12 01:45:58'),
(21, 75, 'HUEHUETLAN EL GRANDE', 'S', '2015-06-11 15:45:58', '2015-06-12 01:45:58'),
(21, 76, 'HUEJOTZINGO', 'S', '2015-06-11 15:45:58', '2015-06-12 01:45:58'),
(21, 77, 'HUEYAPAN', 'S', '2015-06-11 15:45:58', '2015-06-12 01:45:58'),
(21, 78, 'HUEYTAMALCO', 'S', '2015-06-11 15:45:58', '2015-06-12 01:45:58'),
(21, 79, 'HUEYTLALPAN', 'S', '2015-06-11 15:45:58', '2015-06-12 01:45:58'),
(21, 80, 'HUITZILAN DE SERDAN', 'S', '2015-06-11 15:45:58', '2015-06-12 01:45:58'),
(21, 81, 'HUITZILTEPEC', 'S', '2015-06-11 15:45:58', '2015-06-12 01:45:58'),
(21, 82, 'ATLEQUIZAYAN', 'S', '2015-06-11 15:45:58', '2015-06-12 01:45:58'),
(21, 83, 'IXCAMILPA DE GUERRERO', 'S', '2015-06-11 15:45:58', '2015-06-12 01:45:58'),
(21, 84, 'IXCAQUIXTLA', 'S', '2015-06-11 15:45:58', '2015-06-12 01:45:58'),
(21, 85, 'IXTACAMAXTITLAN', 'S', '2015-06-11 15:45:58', '2015-06-12 01:45:58'),
(21, 86, 'IXTEPEC', 'S', '2015-06-11 15:45:58', '2015-06-12 01:45:58'),
(21, 87, 'IZUCAR DE MATAMOROS', 'S', '2015-06-11 15:45:58', '2015-06-12 01:45:58'),
(21, 88, 'JALPAN', 'S', '2015-06-11 15:45:58', '2015-06-12 01:45:58'),
(21, 89, 'JOLALPAN', 'S', '2015-06-11 15:45:58', '2015-06-12 01:45:58'),
(21, 90, 'JONOTLA', 'S', '2015-06-11 15:45:58', '2015-06-12 01:45:58'),
(21, 91, 'JOPALA', 'S', '2015-06-11 15:45:58', '2015-06-12 01:45:58'),
(21, 92, 'JUAN C. BONILLA', 'S', '2015-06-11 15:45:58', '2015-06-12 01:45:58'),
(21, 93, 'JUAN GALINDO', 'S', '2015-06-11 15:45:58', '2015-06-12 01:45:58'),
(21, 94, 'JUAN N. MENDEZ', 'S', '2015-06-11 15:45:58', '2015-06-12 01:45:58'),
(21, 95, 'LAFRAGUA', 'S', '2015-06-11 15:45:58', '2015-06-12 01:45:58'),
(21, 96, 'LIBRES', 'S', '2015-06-11 15:45:58', '2015-06-12 01:45:58'),
(21, 97, 'LA MAGDALENA TLATLAUQUITEPEC', 'S', '2015-06-11 15:45:58', '2015-06-12 01:45:58'),
(21, 98, 'MAZAPILTEPEC DE JUAREZ', 'S', '2015-06-11 15:45:58', '2015-06-12 01:45:58'),
(21, 99, 'MIXTLA', 'S', '2015-06-11 15:45:58', '2015-06-12 01:45:58'),
(21, 100, 'MOLCAXAC', 'S', '2015-06-11 15:45:58', '2015-06-12 01:45:58'),
(21, 101, 'NAUPAN', 'S', '2015-06-11 15:45:58', '2015-06-12 01:45:58'),
(21, 102, 'NAUZONTLA', 'S', '2015-06-11 15:45:58', '2015-06-12 01:45:58'),
(21, 103, 'NEALTICAN', 'S', '2015-06-11 15:45:58', '2015-06-12 01:45:58'),
(21, 104, 'NICOLAS BRAVO', 'S', '2015-06-11 15:45:58', '2015-06-12 01:45:58'),
(21, 105, 'NOPALUCAN', 'S', '2015-06-11 15:45:58', '2015-06-12 01:45:58'),
(21, 106, 'OCOTEPEC', 'S', '2015-06-11 15:45:58', '2015-06-12 01:45:58'),
(21, 107, 'OCOYUCAN', 'S', '2015-06-11 15:45:58', '2015-06-12 01:45:58'),
(21, 108, 'OLINTLA', 'S', '2015-06-11 15:45:58', '2015-06-12 01:45:58'),
(21, 109, 'ORIENTAL', 'S', '2015-06-11 15:45:58', '2015-06-12 01:45:58'),
(21, 110, 'PAHUATLAN', 'S', '2015-06-11 15:45:58', '2015-06-12 01:45:58'),
(21, 111, 'PALMAR DE BRAVO', 'S', '2015-06-11 15:45:58', '2015-06-12 01:45:58'),
(21, 112, 'PANTEPEC', 'S', '2015-06-11 15:45:58', '2015-06-12 01:45:58'),
(21, 113, 'PETLALCINGO', 'S', '2015-06-11 15:45:58', '2015-06-12 01:45:58'),
(21, 114, 'PIAXTLA', 'S', '2015-06-11 15:45:58', '2015-06-12 01:45:58'),
(21, 115, 'PUEBLA', 'S', '2015-06-11 15:45:58', '2015-06-12 01:45:58'),
(21, 116, 'QUECHOLAC', 'S', '2015-06-11 15:45:58', '2015-06-12 01:45:58'),
(21, 117, 'QUIMIXTLAN', 'S', '2015-06-11 15:45:58', '2015-06-12 01:45:58'),
(21, 118, 'RAFAEL LARA GRAJALES', 'S', '2015-06-11 15:45:58', '2015-06-12 01:45:58'),
(21, 119, 'LOS REYES DE JUAREZ', 'S', '2015-06-11 15:45:58', '2015-06-12 01:45:58'),
(21, 120, 'SAN ANDRES CHOLULA', 'S', '2015-06-11 15:45:58', '2015-06-12 01:45:58'),
(21, 121, 'SAN ANTONIO CA¾ADA', 'S', '2015-06-11 15:45:58', '2015-06-12 01:45:58'),
(21, 122, 'SAN DIEGO LA MESA TOCHIMILTZINGO', 'S', '2015-06-11 15:45:58', '2015-06-12 01:45:58'),
(21, 123, 'SAN FELIPE TEOTLALCINGO', 'S', '2015-06-11 15:45:58', '2015-06-12 01:45:58'),
(21, 124, 'SAN FELIPE TEPATLAN', 'S', '2015-06-11 15:45:58', '2015-06-12 01:45:58'),
(21, 125, 'SAN GABRIEL CHILAC', 'S', '2015-06-11 15:45:58', '2015-06-12 01:45:58'),
(21, 126, 'SAN GREGORIO ATZOMPA', 'S', '2015-06-11 15:45:58', '2015-06-12 01:45:58'),
(21, 127, 'SAN JERONIMO TECUANIPAN', 'S', '2015-06-11 15:45:58', '2015-06-12 01:45:58'),
(21, 128, 'SAN JERONIMO XAYACATLAN', 'S', '2015-06-11 15:45:58', '2015-06-12 01:45:58'),
(21, 129, 'SAN JOSE CHIAPA', 'S', '2015-06-11 15:45:58', '2015-06-12 01:45:58'),
(21, 130, 'SAN JOSE MIAHUATLAN', 'S', '2015-06-11 15:45:58', '2015-06-12 01:45:58'),
(21, 131, 'SAN JUAN ATENCO', 'S', '2015-06-11 15:45:58', '2015-06-12 01:45:58'),
(21, 132, 'SAN JUAN ATZOMPA', 'S', '2015-06-11 15:45:58', '2015-06-12 01:45:58'),
(21, 133, 'SAN MARTIN TEXMELUCAN', 'S', '2015-06-11 15:45:58', '2015-06-12 01:45:58'),
(21, 134, 'SAN MARTIN TOTOLTEPEC', 'S', '2015-06-11 15:45:58', '2015-06-12 01:45:58'),
(21, 135, 'SAN MATIAS TLALANCALECA', 'S', '2015-06-11 15:45:58', '2015-06-12 01:45:58'),
(21, 136, 'SAN MIGUEL IXITLAN', 'S', '2015-06-11 15:45:58', '2015-06-12 01:45:58'),
(21, 137, 'SAN MIGUEL XOXTLA', 'S', '2015-06-11 15:45:58', '2015-06-12 01:45:58'),
(21, 138, 'SAN NICOLAS BUENOS AIRES', 'S', '2015-06-11 15:45:58', '2015-06-12 01:45:58'),
(21, 139, 'SAN NICOLAS DE LOS RANCHOS', 'S', '2015-06-11 15:45:58', '2015-06-12 01:45:58'),
(21, 140, 'SAN PABLO ANICANO', 'S', '2015-06-11 15:45:58', '2015-06-12 01:45:58'),
(21, 141, 'SAN PEDRO CHOLULA', 'S', '2015-06-11 15:45:58', '2015-06-12 01:45:58'),
(21, 142, 'SAN PEDRO YELOIXTLAHUACA', 'S', '2015-06-11 15:45:58', '2015-06-12 01:45:58'),
(21, 143, 'SAN SALVADOR EL SECO', 'S', '2015-06-11 15:45:58', '2015-06-12 01:45:58'),
(21, 144, 'SAN SALVADOR EL VERDE', 'S', '2015-06-11 15:45:58', '2015-06-12 01:45:58'),
(21, 145, 'SAN SALVADOR HUIXCOLOTLA', 'S', '2015-06-11 15:45:58', '2015-06-12 01:45:58'),
(21, 146, 'SANTA CATARINA TLALTEMPAN', 'S', '2015-06-11 15:45:58', '2015-06-12 01:45:58'),
(21, 147, 'SANTA INES AHUATEMPAN', 'S', '2015-06-11 15:45:58', '2015-06-12 01:45:58'),
(21, 148, 'SANTA ISABEL CHOLULA', 'S', '2015-06-11 15:45:58', '2015-06-12 01:45:58'),
(21, 149, 'SANTIAGO MIAHUATLAN', 'S', '2015-06-11 15:45:58', '2015-06-12 01:45:58'),
(21, 150, 'SANTO TOMAS HUEYOTLIPAN', 'S', '2015-06-11 15:45:58', '2015-06-12 01:45:58'),
(21, 151, 'SOLTEPEC', 'S', '2015-06-11 15:45:58', '2015-06-12 01:45:58'),
(21, 152, 'TECALI DE HERRERA', 'S', '2015-06-11 15:45:58', '2015-06-12 01:45:58'),
(21, 153, 'TECAMACHALCO', 'S', '2015-06-11 15:45:58', '2015-06-12 01:45:58'),
(21, 154, 'TECOMATLAN', 'S', '2015-06-11 15:45:58', '2015-06-12 01:45:58'),
(21, 155, 'TEHUACAN', 'S', '2015-06-11 15:45:58', '2015-06-12 01:45:58'),
(21, 156, 'TEHUITZINGO', 'S', '2015-06-11 15:45:58', '2015-06-12 01:45:58'),
(21, 157, 'TENAMPULCO', 'S', '2015-06-11 15:45:58', '2015-06-12 01:45:58'),
(21, 158, 'TEOPANTLAN', 'S', '2015-06-11 15:45:58', '2015-06-12 01:45:58'),
(21, 159, 'TEOTLALCO', 'S', '2015-06-11 15:45:58', '2015-06-12 01:45:58'),
(21, 160, 'TEPANCO DE LOPEZ', 'S', '2015-06-11 15:45:58', '2015-06-12 01:45:58'),
(21, 161, 'TEPANGO DE RODRIGUEZ', 'S', '2015-06-11 15:45:58', '2015-06-12 01:45:58'),
(21, 162, 'TEPATLAXCO DE HIDALGO', 'S', '2015-06-11 15:45:58', '2015-06-12 01:45:58'),
(21, 163, 'TEPEACA', 'S', '2015-06-11 15:45:58', '2015-06-12 01:45:58'),
(21, 164, 'TEPEMAXALCO', 'S', '2015-06-11 15:45:58', '2015-06-12 01:45:58'),
(21, 165, 'TEPEOJUMA', 'S', '2015-06-11 15:45:58', '2015-06-12 01:45:58'),
(21, 166, 'TEPETZINTLA', 'S', '2015-06-11 15:45:58', '2015-06-12 01:45:58'),
(21, 167, 'TEPEXCO', 'S', '2015-06-11 15:45:58', '2015-06-12 01:45:58'),
(21, 168, 'TEPEXI DE RODRIGUEZ', 'S', '2015-06-11 15:45:58', '2015-06-12 01:45:58'),
(21, 169, 'TEPEYAHUALCO', 'S', '2015-06-11 15:45:58', '2015-06-12 01:45:58'),
(21, 170, 'TEPEYAHUALCO DE CUAUHTEMOC', 'S', '2015-06-11 15:45:58', '2015-06-12 01:45:58'),
(21, 171, 'TETELA DE OCAMPO', 'S', '2015-06-11 15:45:58', '2015-06-12 01:45:58'),
(21, 172, 'TETELES DE AVILA CASTILLO', 'S', '2015-06-11 15:45:58', '2015-06-12 01:45:58'),
(21, 173, 'TEZIUTLAN', 'S', '2015-06-11 15:45:58', '2015-06-12 01:45:58'),
(21, 174, 'TIANGUISMANALCO', 'S', '2015-06-11 15:45:58', '2015-06-12 01:45:58'),
(21, 175, 'TILAPA', 'S', '2015-06-11 15:45:58', '2015-06-12 01:45:58'),
(21, 176, 'TLACOTEPEC DE BENITO JUAREZ', 'S', '2015-06-11 15:45:58', '2015-06-12 01:45:58'),
(21, 177, 'SAN SEBASTIAN TLACOTEPEC', 'S', '2015-06-11 15:45:58', '2015-06-12 01:45:58'),
(21, 178, 'TLACUILOTEPEC', 'S', '2015-06-11 15:45:58', '2015-06-12 01:45:58'),
(21, 179, 'TLACHICHUCA', 'S', '2015-06-11 15:45:58', '2015-06-12 01:45:58'),
(21, 180, 'TLAHUAPAN', 'S', '2015-06-11 15:45:58', '2015-06-12 01:45:58'),
(21, 181, 'TLALTENANGO', 'S', '2015-06-11 15:45:58', '2015-06-12 01:45:58'),
(21, 182, 'TLANEPANTLA', 'S', '2015-06-11 15:45:58', '2015-06-12 01:45:58'),
(21, 183, 'TLAOLA', 'S', '2015-06-11 15:45:58', '2015-06-12 01:45:58'),
(21, 184, 'TLAPACOYA', 'S', '2015-06-11 15:45:58', '2015-06-12 01:45:58'),
(21, 185, 'TLAPANALA', 'S', '2015-06-11 15:45:58', '2015-06-12 01:45:58'),
(21, 186, 'TLATLAUQUITEPEC', 'S', '2015-06-11 15:45:58', '2015-06-12 01:45:58'),
(21, 187, 'TLAXCO', 'S', '2015-06-11 15:45:58', '2015-06-12 01:45:58'),
(21, 188, 'TOCHIMILCO', 'S', '2015-06-11 15:45:58', '2015-06-12 01:45:58'),
(21, 189, 'TOCHTEPEC', 'S', '2015-06-11 15:45:58', '2015-06-12 01:45:58'),
(21, 190, 'TOTOLTEPEC DE GUERRERO', 'S', '2015-06-11 15:45:58', '2015-06-12 01:45:58'),
(21, 191, 'TULCINGO', 'S', '2015-06-11 15:45:58', '2015-06-12 01:45:58'),
(21, 192, 'TUZAMAPAN DE GALEANA', 'S', '2015-06-11 15:45:58', '2015-06-12 01:45:58'),
(21, 193, 'TZICATLACOYAN', 'S', '2015-06-11 15:45:58', '2015-06-12 01:45:58'),
(21, 194, 'VENUSTIANO CARRANZA', 'S', '2015-06-11 15:45:58', '2015-06-12 01:45:58'),
(21, 195, 'VICENTE GUERRERO', 'S', '2015-06-11 15:45:58', '2015-06-12 01:45:58'),
(21, 196, 'XAYACATLAN DE BRAVO', 'S', '2015-06-11 15:45:58', '2015-06-12 01:45:58'),
(21, 197, 'XICOTEPEC', 'S', '2015-06-11 15:45:58', '2015-06-12 01:45:58'),
(21, 198, 'XICOTLAN', 'S', '2015-06-11 15:45:58', '2015-06-12 01:45:58'),
(21, 199, 'XIUTETELCO', 'S', '2015-06-11 15:45:58', '2015-06-12 01:45:58'),
(21, 200, 'XOCHIAPULCO', 'S', '2015-06-11 15:45:58', '2015-06-12 01:45:58'),
(21, 201, 'XOCHILTEPEC', 'S', '2015-06-11 15:45:58', '2015-06-12 01:45:58'),
(21, 202, 'XOCHITLAN DE VICENTE SUAREZ', 'S', '2015-06-11 15:45:58', '2015-06-12 01:45:58'),
(21, 203, 'XOCHITLAN TODOS SANTOS', 'S', '2015-06-11 15:45:58', '2015-06-12 01:45:58'),
(21, 204, 'YAONAHUAC', 'S', '2015-06-11 15:45:58', '2015-06-12 01:45:58'),
(21, 205, 'YEHUALTEPEC', 'S', '2015-06-11 15:45:58', '2015-06-12 01:45:58'),
(21, 206, 'ZACAPALA', 'S', '2015-06-11 15:45:58', '2015-06-12 01:45:58'),
(21, 207, 'ZACAPOAXTLA', 'S', '2015-06-11 15:45:58', '2015-06-12 01:45:58'),
(21, 208, 'ZACATLAN', 'S', '2015-06-11 15:45:58', '2015-06-12 01:45:58'),
(21, 209, 'ZAPOTITLAN', 'S', '2015-06-11 15:45:58', '2015-06-12 01:45:58'),
(21, 210, 'ZAPOTITLAN DE MENDEZ', 'S', '2015-06-11 15:45:58', '2015-06-12 01:45:58'),
(21, 211, 'ZARAGOZA', 'S', '2015-06-11 15:45:58', '2015-06-12 01:45:58'),
(21, 212, 'ZAUTLA', 'S', '2015-06-11 15:45:58', '2015-06-12 01:45:58'),
(21, 213, 'ZIHUATEUTLA', 'S', '2015-06-11 15:45:58', '2015-06-12 01:45:58'),
(21, 214, 'ZINACATEPEC', 'S', '2015-06-11 15:45:58', '2015-06-12 01:45:58'),
(21, 215, 'ZONGOZOTLA', 'S', '2015-06-11 15:45:58', '2015-06-12 01:45:58'),
(21, 216, 'ZOQUIAPAN', 'S', '2015-06-11 15:45:58', '2015-06-12 01:45:58'),
(21, 217, 'ZOQUITLAN', 'S', '2015-06-11 15:45:58', '2015-06-12 01:45:58'),
(22, 1, 'AMEALCO DE BONFIL', 'S', '2015-06-11 15:45:58', '2015-06-12 01:45:58'),
(22, 2, 'ARROYO SECO', 'S', '2015-06-11 15:45:58', '2015-06-12 01:45:58'),
(22, 3, 'CADEREYTA DE MONTES', 'S', '2015-06-11 15:45:58', '2015-06-12 01:45:58'),
(22, 4, 'COLON', 'S', '2015-06-11 15:45:58', '2015-06-12 01:45:58'),
(22, 5, 'CORREGIDORA', 'S', '2015-06-11 15:45:58', '2015-06-12 01:45:58'),
(22, 6, 'EZEQUIEL MONTES', 'S', '2015-06-11 15:45:58', '2015-06-12 01:45:58'),
(22, 7, 'HUIMILPAN', 'S', '2015-06-11 15:45:58', '2015-06-12 01:45:58'),
(22, 8, 'JALPAN DE SERRA', 'S', '2015-06-11 15:45:58', '2015-06-12 01:45:58'),
(22, 9, 'LANDA DE MATAMOROS', 'S', '2015-06-11 15:45:58', '2015-06-12 01:45:58'),
(22, 10, 'EL MARQUES', 'S', '2015-06-11 15:45:58', '2015-06-12 01:45:58'),
(22, 11, 'PEDRO ESCOBEDO', 'S', '2015-06-11 15:45:58', '2015-06-12 01:45:58'),
(22, 12, 'PE¾AMILLER', 'S', '2015-06-11 15:45:58', '2015-06-12 01:45:58'),
(22, 13, 'PINAL DE AMOLES', 'S', '2015-06-11 15:45:58', '2015-06-12 01:45:58'),
(22, 14, 'QUERETARO', 'S', '2015-06-11 15:45:58', '2015-06-12 01:45:58'),
(22, 15, 'SAN JOAQUIN', 'S', '2015-06-11 15:45:58', '2015-06-12 01:45:58'),
(22, 16, 'SAN JUAN DEL RIO', 'S', '2015-06-11 15:45:58', '2015-06-12 01:45:58'),
(22, 17, 'TEQUISQUIAPAN', 'S', '2015-06-11 15:45:58', '2015-06-12 01:45:58'),
(22, 18, 'TOLIMAN', 'S', '2015-06-11 15:45:58', '2015-06-12 01:45:58'),
(23, 1, 'BENITO JUAREZ', 'S', '2015-06-11 15:45:58', '2015-06-12 01:45:58'),
(23, 2, 'COZUMEL', 'S', '2015-06-11 15:45:58', '2015-06-12 01:45:58'),
(23, 8, 'SOLIDARIDAD', 'S', '2015-06-11 15:45:58', '2015-06-12 01:45:58'),
(23, 9, 'TULUM', 'S', '2015-06-11 15:45:58', '2015-06-12 01:45:58'),
(23, 9, 'TULUM SOLIDARIDAD', 'S', '2015-06-11 15:45:58', '2015-06-12 01:45:58'),
(23, 3, 'FELIPE CARRILLO PUERTO', 'S', '2015-06-11 15:45:58', '2015-06-12 01:45:58'),
(23, 4, 'ISLA MUJERES', 'S', '2015-06-11 15:45:58', '2015-06-12 01:45:58'),
(23, 5, 'JOSE MARIA MORELOS', 'S', '2015-06-11 15:45:58', '2015-06-12 01:45:58'),
(23, 6, 'LAZARO CARDENAS', 'S', '2015-06-11 15:45:58', '2015-06-12 01:45:58'),
(23, 7, 'OTHON P. BLANCO', 'S', '2015-06-11 15:45:58', '2015-06-12 01:45:58'),
(23, 7, 'BACALAR', 'S', '2015-06-11 15:45:58', '2015-06-12 01:45:58'),
(24, 1, 'AHUALULCO', 'S', '2015-06-11 15:45:58', '2015-06-12 01:45:58'),
(24, 2, 'ALAQUINES', 'S', '2015-06-11 15:45:58', '2015-06-12 01:45:58'),
(24, 3, 'AQUISMON', 'S', '2015-06-11 15:45:58', '2015-06-12 01:45:58'),
(24, 4, 'ARMADILLO DE LOS INFANTE', 'S', '2015-06-11 15:45:58', '2015-06-12 01:45:58'),
(24, 5, 'CARDENAS', 'S', '2015-06-11 15:45:58', '2015-06-12 01:45:58'),
(24, 6, 'CATORCE', 'S', '2015-06-11 15:45:58', '2015-06-12 01:45:58'),
(24, 7, 'CEDRAL', 'S', '2015-06-11 15:45:58', '2015-06-12 01:45:58'),
(24, 8, 'CERRITOS', 'S', '2015-06-11 15:45:58', '2015-06-12 01:45:58'),
(24, 9, 'CERRO DE SAN PEDRO', 'S', '2015-06-11 15:45:58', '2015-06-12 01:45:58'),
(24, 10, 'CIUDAD DEL MAIZ', 'S', '2015-06-11 15:45:58', '2015-06-12 01:45:58'),
(24, 57, 'EL NARANJO', 'S', '2015-06-11 15:45:58', '2015-06-12 01:45:58'),
(24, 11, 'CIUDAD FERNANDEZ', 'S', '2015-06-11 15:45:58', '2015-06-12 01:45:58'),
(24, 12, 'TANCANHUITZ', 'S', '2015-06-11 15:45:58', '2015-06-12 01:45:58'),
(24, 13, 'CIUDAD VALLES', 'S', '2015-06-11 15:45:58', '2015-06-12 01:45:58'),
(24, 14, 'COXCATLAN', 'S', '2015-06-11 15:45:58', '2015-06-12 01:45:58'),
(24, 15, 'CHARCAS', 'S', '2015-06-11 15:45:58', '2015-06-12 01:45:58'),
(24, 16, 'EBANO', 'S', '2015-06-11 15:45:58', '2015-06-12 01:45:58'),
(24, 17, 'GUADALCAZAR', 'S', '2015-06-11 15:45:58', '2015-06-12 01:45:58'),
(24, 18, 'HUEHUETLAN', 'S', '2015-06-11 15:45:58', '2015-06-12 01:45:58'),
(24, 19, 'LAGUNILLAS', 'S', '2015-06-11 15:45:58', '2015-06-12 01:45:58'),
(24, 20, 'MATEHUALA', 'S', '2015-06-11 15:45:58', '2015-06-12 01:45:58'),
(24, 21, 'MEXQUITIC DE CARMONA', 'S', '2015-06-11 15:45:58', '2015-06-12 01:45:58'),
(24, 22, 'MOCTEZUMA', 'S', '2015-06-11 15:45:58', '2015-06-12 01:45:58'),
(24, 23, 'RAYON', 'S', '2015-06-11 15:45:58', '2015-06-12 01:45:58'),
(24, 24, 'RIOVERDE', 'S', '2015-06-11 15:45:58', '2015-06-12 01:45:58'),
(24, 25, 'SALINAS', 'S', '2015-06-11 15:45:58', '2015-06-12 01:45:58'),
(24, 26, 'SAN ANTONIO', 'S', '2015-06-11 15:45:58', '2015-06-12 01:45:58'),
(24, 27, 'SAN CIRO DE ACOSTA', 'S', '2015-06-11 15:45:58', '2015-06-12 01:45:58'),
(24, 28, 'SAN LUIS POTOSI', 'S', '2015-06-11 15:45:58', '2015-06-12 01:45:58'),
(24, 29, 'SAN MARTIN CHALCHICUAUTLA', 'S', '2015-06-11 15:45:58', '2015-06-12 01:45:58'),
(24, 30, 'SAN NICOLAS TOLENTINO', 'S', '2015-06-11 15:45:58', '2015-06-12 01:45:58'),
(24, 31, 'SAN VICENTE TANCUAYALAB', 'S', '2015-06-11 15:45:58', '2015-06-12 01:45:58'),
(24, 32, 'SANTA CATARINA', 'S', '2015-06-11 15:45:58', '2015-06-12 01:45:58'),
(24, 33, 'SANTA MARIA DEL RIO', 'S', '2015-06-11 15:45:58', '2015-06-12 01:45:58'),
(24, 34, 'SANTO DOMINGO', 'S', '2015-06-11 15:45:58', '2015-06-12 01:45:58'),
(24, 35, 'SOLEDAD DE GRACIANO SANCHEZ', 'S', '2015-06-11 15:45:58', '2015-06-12 01:45:58'),
(24, 36, 'TAMASOPO', 'S', '2015-06-11 15:45:58', '2015-06-12 01:45:58'),
(24, 37, 'TAMAZUNCHALE', 'S', '2015-06-11 15:45:58', '2015-06-12 01:45:58'),
(24, 58, 'MATLAPA', 'S', '2015-06-11 15:45:58', '2015-06-12 01:45:58'),
(24, 38, 'TAMPACAN', 'S', '2015-06-11 15:45:58', '2015-06-12 01:45:58'),
(24, 39, 'TAMPAMOLON CORONA', 'S', '2015-06-11 15:45:58', '2015-06-12 01:45:58'),
(24, 40, 'TAMUIN', 'S', '2015-06-11 15:45:58', '2015-06-12 01:45:58'),
(24, 41, 'TANLAJAS', 'S', '2015-06-11 15:45:58', '2015-06-12 01:45:58'),
(24, 42, 'TANQUIAN DE ESCOBEDO', 'S', '2015-06-11 15:45:58', '2015-06-12 01:45:58'),
(24, 43, 'TIERRA NUEVA', 'S', '2015-06-11 15:45:58', '2015-06-12 01:45:58'),
(24, 44, 'VANEGAS', 'S', '2015-06-11 15:45:58', '2015-06-12 01:45:58'),
(24, 45, 'VENADO', 'S', '2015-06-11 15:45:58', '2015-06-12 01:45:58'),
(24, 46, 'VILLA DE ARISTA', 'S', '2015-06-11 15:45:58', '2015-06-12 01:45:58'),
(24, 47, 'VILLA DE ARRIAGA', 'S', '2015-06-11 15:45:58', '2015-06-12 01:45:58'),
(24, 48, 'VILLA DE GUADALUPE', 'S', '2015-06-11 15:45:58', '2015-06-12 01:45:58'),
(24, 49, 'VILLA DE LA PAZ', 'S', '2015-06-11 15:45:58', '2015-06-12 01:45:58'),
(24, 50, 'VILLA DE RAMOS', 'S', '2015-06-11 15:45:58', '2015-06-12 01:45:58'),
(24, 51, 'VILLA DE REYES', 'S', '2015-06-11 15:45:58', '2015-06-12 01:45:58'),
(24, 52, 'VILLA HIDALGO', 'S', '2015-06-11 15:45:58', '2015-06-12 01:45:58'),
(24, 53, 'VILLA JUAREZ', 'S', '2015-06-11 15:45:58', '2015-06-12 01:45:58'),
(24, 54, 'AXTLA DE TERRAZAS', 'S', '2015-06-11 15:45:58', '2015-06-12 01:45:58'),
(24, 55, 'XILITLA', 'S', '2015-06-11 15:45:58', '2015-06-12 01:45:58'),
(24, 56, 'ZARAGOZA', 'S', '2015-06-11 15:45:58', '2015-06-12 01:45:58'),
(25, 1, 'AHOME', 'S', '2015-06-11 15:45:58', '2015-06-12 01:45:58'),
(25, 2, 'ANGOSTURA', 'S', '2015-06-11 15:45:58', '2015-06-12 01:45:58'),
(25, 3, 'BADIRAGUATO', 'S', '2015-06-11 15:45:58', '2015-06-12 01:45:58'),
(25, 4, 'CONCORDIA', 'S', '2015-06-11 15:45:58', '2015-06-12 01:45:58'),
(25, 5, 'COSALA', 'S', '2015-06-11 15:45:58', '2015-06-12 01:45:58'),
(25, 6, 'CULIACAN', 'S', '2015-06-11 15:45:58', '2015-06-12 01:45:58'),
(25, 7, 'CHOIX', 'S', '2015-06-11 15:45:58', '2015-06-12 01:45:58'),
(25, 8, 'ELOTA', 'S', '2015-06-11 15:45:58', '2015-06-12 01:45:58'),
(25, 9, 'ESCUINAPA', 'S', '2015-06-11 15:45:58', '2015-06-12 01:45:58'),
(25, 10, 'EL FUERTE', 'S', '2015-06-11 15:45:58', '2015-06-12 01:45:58'),
(25, 11, 'GUASAVE', 'S', '2015-06-11 15:45:58', '2015-06-12 01:45:58'),
(25, 12, 'MAZATLAN', 'S', '2015-06-11 15:45:58', '2015-06-12 01:45:58'),
(25, 13, 'MOCORITO', 'S', '2015-06-11 15:45:58', '2015-06-12 01:45:58'),
(25, 14, 'ROSARIO', 'S', '2015-06-11 15:45:58', '2015-06-12 01:45:58'),
(25, 15, 'SALVADOR ALVARADO', 'S', '2015-06-11 15:45:58', '2015-06-12 01:45:58'),
(25, 16, 'SAN IGNACIO', 'S', '2015-06-11 15:45:58', '2015-06-12 01:45:58'),
(25, 17, 'SINALOA', 'S', '2015-06-11 15:45:58', '2015-06-12 01:45:58'),
(25, 18, 'NAVOLATO', 'S', '2015-06-11 15:45:58', '2015-06-12 01:45:58'),
(26, 1, 'ACONCHI', 'S', '2015-06-11 15:45:58', '2015-06-12 01:45:58'),
(26, 2, 'AGUA PRIETA', 'S', '2015-06-11 15:45:58', '2015-06-12 01:45:58'),
(26, 3, 'ALTAR', 'S', '2015-06-11 15:45:58', '2015-06-12 01:45:58'),
(26, 4, 'ARIVECHI', 'S', '2015-06-11 15:45:58', '2015-06-12 01:45:58'),
(26, 5, 'ARIZPE', 'S', '2015-06-11 15:45:58', '2015-06-12 01:45:58'),
(26, 6, 'ATIL', 'S', '2015-06-11 15:45:58', '2015-06-12 01:45:58'),
(26, 7, 'BACADEHUACHI', 'S', '2015-06-11 15:45:58', '2015-06-12 01:45:58'),
(26, 8, 'BACANORA', 'S', '2015-06-11 15:45:58', '2015-06-12 01:45:58'),
(26, 9, 'BACERAC', 'S', '2015-06-11 15:45:58', '2015-06-12 01:45:58'),
(26, 10, 'BACOACHI', 'S', '2015-06-11 15:45:58', '2015-06-12 01:45:58'),
(26, 11, 'BANAMICHI', 'S', '2015-06-11 15:45:58', '2015-06-12 01:45:58'),
(26, 12, 'BAVIACORA', 'S', '2015-06-11 15:45:58', '2015-06-12 01:45:58'),
(26, 13, 'BAVISPE', 'S', '2015-06-11 15:45:58', '2015-06-12 01:45:58'),
(26, 14, 'BENJAMIN HILL', 'S', '2015-06-11 15:45:58', '2015-06-12 01:45:58'),
(26, 15, 'CANANEA', 'S', '2015-06-11 15:45:58', '2015-06-12 01:45:58'),
(26, 16, 'CUCURPE', 'S', '2015-06-11 15:45:58', '2015-06-12 01:45:58'),
(26, 17, 'CUMPAS', 'S', '2015-06-11 15:45:58', '2015-06-12 01:45:58'),
(26, 18, 'DIVISADEROS', 'S', '2015-06-11 15:45:58', '2015-06-12 01:45:58'),
(26, 19, 'FRONTERAS', 'S', '2015-06-11 15:45:58', '2015-06-12 01:45:58'),
(26, 20, 'GRANADOS', 'S', '2015-06-11 15:45:58', '2015-06-12 01:45:58'),
(26, 21, 'HUACHINERA', 'S', '2015-06-11 15:45:58', '2015-06-12 01:45:58'),
(26, 22, 'HUASABAS', 'S', '2015-06-11 15:45:58', '2015-06-12 01:45:58'),
(26, 23, 'HUEPAC', 'S', '2015-06-11 15:45:58', '2015-06-12 01:45:58'),
(26, 24, 'IMURIS', 'S', '2015-06-11 15:45:58', '2015-06-12 01:45:58'),
(26, 25, 'MAGDALENA', 'S', '2015-06-11 15:45:58', '2015-06-12 01:45:58'),
(26, 26, 'MOCTEZUMA', 'S', '2015-06-11 15:45:58', '2015-06-12 01:45:58'),
(26, 27, 'NACO', 'S', '2015-06-11 15:45:58', '2015-06-12 01:45:58'),
(26, 28, 'NACORI CHICO', 'S', '2015-06-11 15:45:58', '2015-06-12 01:45:58'),
(26, 29, 'NACOZARI DE GARCIA', 'S', '2015-06-11 15:45:58', '2015-06-12 01:45:58'),
(26, 30, 'NOGALES', 'S', '2015-06-11 15:45:58', '2015-06-12 01:45:58'),
(26, 31, 'OQUITOA', 'S', '2015-06-11 15:45:58', '2015-06-12 01:45:58'),
(26, 32, 'SAHUARIPA', 'S', '2015-06-11 15:45:58', '2015-06-12 01:45:58'),
(26, 33, 'SAN FELIPE DE JESUS', 'S', '2015-06-11 15:45:58', '2015-06-12 01:45:58'),
(26, 34, 'SAN JAVIER', 'S', '2015-06-11 15:45:58', '2015-06-12 01:45:58'),
(26, 35, 'SAN PEDRO DE LA CUEVA', 'S', '2015-06-11 15:45:58', '2015-06-12 01:45:58'),
(26, 36, 'SANTA ANA', 'S', '2015-06-11 15:45:58', '2015-06-12 01:45:58'),
(26, 37, 'SANTA CRUZ', 'S', '2015-06-11 15:45:58', '2015-06-12 01:45:58'),
(26, 38, 'SARIC', 'S', '2015-06-11 15:45:58', '2015-06-12 01:45:58'),
(26, 39, 'SOYOPA', 'S', '2015-06-11 15:45:58', '2015-06-12 01:45:58'),
(26, 40, 'SUAQUI GRANDE', 'S', '2015-06-11 15:45:58', '2015-06-12 01:45:58'),
(26, 41, 'TEPACHE', 'S', '2015-06-11 15:45:58', '2015-06-12 01:45:58'),
(26, 42, 'TRINCHERAS', 'S', '2015-06-11 15:45:58', '2015-06-12 01:45:58'),
(26, 43, 'TUBUTAMA', 'S', '2015-06-11 15:45:58', '2015-06-12 01:45:58'),
(26, 44, 'VILLA HIDALGO', 'S', '2015-06-11 15:45:58', '2015-06-12 01:45:58'),
(26, 45, 'VILLA PESQUEIRA', 'S', '2015-06-11 15:45:58', '2015-06-12 01:45:58'),
(26, 46, 'CABORCA', 'S', '2015-06-11 15:45:58', '2015-06-12 01:45:58'),
(26, 47, 'CARBO', 'S', '2015-06-11 15:45:58', '2015-06-12 01:45:58'),
(26, 48, 'LA COLORADA', 'S', '2015-06-11 15:45:58', '2015-06-12 01:45:58');
INSERT INTO `geo_cat_municipios` (`id_estado`, `id_municipio`, `nombre_municipio`, `activo`, `fecha_creacion`, `fecha_modificacion`) VALUES
(26, 49, 'HERMOSILLO', 'S', '2015-06-11 15:45:58', '2015-06-12 01:45:58'),
(26, 50, 'MAZATAN', 'S', '2015-06-11 15:45:58', '2015-06-12 01:45:58'),
(26, 51, 'OPODEPE', 'S', '2015-06-11 15:45:58', '2015-06-12 01:45:58'),
(26, 52, 'PITIQUITO', 'S', '2015-06-11 15:45:58', '2015-06-12 01:45:58'),
(26, 53, 'PUERTO PE¾ASCO', 'S', '2015-06-11 15:45:58', '2015-06-12 01:45:58'),
(26, 54, 'RAYON', 'S', '2015-06-11 15:45:58', '2015-06-12 01:45:58'),
(26, 55, 'SAN LUIS RIO COLORADO', 'S', '2015-06-11 15:45:58', '2015-06-12 01:45:58'),
(26, 56, 'SAN MIGUEL DE HORCASITAS', 'S', '2015-06-11 15:45:58', '2015-06-12 01:45:58'),
(26, 57, 'URES', 'S', '2015-06-11 15:45:58', '2015-06-12 01:45:58'),
(26, 58, 'BACUM', 'S', '2015-06-11 15:45:58', '2015-06-12 01:45:58'),
(26, 59, 'CAJEME', 'S', '2015-06-11 15:45:58', '2015-06-12 01:45:58'),
(26, 60, 'EMPALME', 'S', '2015-06-11 15:45:58', '2015-06-12 01:45:58'),
(26, 61, 'GUAYMAS', 'S', '2015-06-11 15:45:58', '2015-06-12 01:45:58'),
(26, 72, 'SAN IGNACIO RIO MUERTO', 'S', '2015-06-11 15:45:58', '2015-06-12 01:45:58'),
(26, 62, 'ALAMOS', 'S', '2015-06-11 15:45:58', '2015-06-12 01:45:58'),
(26, 63, 'ETCHOJOA', 'S', '2015-06-11 15:45:58', '2015-06-12 01:45:58'),
(26, 71, 'BENITO JUAREZ', 'S', '2015-06-11 15:45:58', '2015-06-12 01:45:58'),
(26, 64, 'HUATABAMPO', 'S', '2015-06-11 15:45:58', '2015-06-12 01:45:58'),
(26, 65, 'NAVOJOA', 'S', '2015-06-11 15:45:58', '2015-06-12 01:45:58'),
(26, 66, 'ONAVAS', 'S', '2015-06-11 15:45:58', '2015-06-12 01:45:58'),
(26, 67, 'QUIRIEGO', 'S', '2015-06-11 15:45:58', '2015-06-12 01:45:58'),
(26, 68, 'ROSARIO', 'S', '2015-06-11 15:45:58', '2015-06-12 01:45:58'),
(26, 69, 'YECORA', 'S', '2015-06-11 15:45:58', '2015-06-12 01:45:58'),
(26, 70, 'GENERAL PLUTARCO ELIAS CALLES', 'S', '2015-06-11 15:45:58', '2015-06-12 01:45:58'),
(27, 1, 'BALANCAN', 'S', '2015-06-11 15:45:58', '2015-06-12 01:45:58'),
(27, 2, 'CARDENAS', 'S', '2015-06-11 15:45:58', '2015-06-12 01:45:58'),
(27, 3, 'CENTLA', 'S', '2015-06-11 15:45:58', '2015-06-12 01:45:58'),
(27, 4, 'CENTRO', 'S', '2015-06-11 15:45:58', '2015-06-12 01:45:58'),
(27, 5, 'COMALCALCO', 'S', '2015-06-11 15:45:58', '2015-06-12 01:45:58'),
(27, 6, 'CUNDUACAN', 'S', '2015-06-11 15:45:58', '2015-06-12 01:45:58'),
(27, 7, 'EMILIANO ZAPATA', 'S', '2015-06-11 15:45:58', '2015-06-12 01:45:58'),
(27, 8, 'HUIMANGUILLO', 'S', '2015-06-11 15:45:58', '2015-06-12 01:45:58'),
(27, 9, 'JALAPA', 'S', '2015-06-11 15:45:58', '2015-06-12 01:45:58'),
(27, 10, 'JALPA DE MENDEZ', 'S', '2015-06-11 15:45:58', '2015-06-12 01:45:58'),
(27, 11, 'JONUTA', 'S', '2015-06-11 15:45:58', '2015-06-12 01:45:58'),
(27, 12, 'MACUSPANA', 'S', '2015-06-11 15:45:58', '2015-06-12 01:45:58'),
(27, 13, 'NACAJUCA', 'S', '2015-06-11 15:45:58', '2015-06-12 01:45:58'),
(27, 14, 'PARAISO', 'S', '2015-06-11 15:45:58', '2015-06-12 01:45:58'),
(27, 15, 'TACOTALPA', 'S', '2015-06-11 15:45:58', '2015-06-12 01:45:58'),
(27, 16, 'TEAPA', 'S', '2015-06-11 15:45:58', '2015-06-12 01:45:58'),
(27, 17, 'TENOSIQUE', 'S', '2015-06-11 15:45:58', '2015-06-12 01:45:58'),
(28, 1, 'ABASOLO', 'S', '2015-06-11 15:45:58', '2015-06-12 01:45:58'),
(28, 2, 'ALDAMA', 'S', '2015-06-11 15:45:58', '2015-06-12 01:45:58'),
(28, 3, 'ALTAMIRA', 'S', '2015-06-11 15:45:58', '2015-06-12 01:45:58'),
(28, 4, 'ANTIGUO MORELOS', 'S', '2015-06-11 15:45:58', '2015-06-12 01:45:58'),
(28, 5, 'BURGOS', 'S', '2015-06-11 15:45:58', '2015-06-12 01:45:58'),
(28, 6, 'BUSTAMANTE', 'S', '2015-06-11 15:45:58', '2015-06-12 01:45:58'),
(28, 7, 'CAMARGO', 'S', '2015-06-11 15:45:58', '2015-06-12 01:45:58'),
(28, 8, 'CASAS', 'S', '2015-06-11 15:45:58', '2015-06-12 01:45:58'),
(28, 9, 'CIUDAD MADERO', 'S', '2015-06-11 15:45:58', '2015-06-12 01:45:58'),
(28, 10, 'CRUILLAS', 'S', '2015-06-11 15:45:58', '2015-06-12 01:45:58'),
(28, 11, 'GOMEZ FARIAS', 'S', '2015-06-11 15:45:58', '2015-06-12 01:45:58'),
(28, 12, 'GONZALEZ', 'S', '2015-06-11 15:45:58', '2015-06-12 01:45:58'),
(28, 13, 'GUEMEZ', 'S', '2015-06-11 15:45:58', '2015-06-12 01:45:58'),
(28, 14, 'GUERRERO', 'S', '2015-06-11 15:45:58', '2015-06-12 01:45:58'),
(28, 15, 'GUSTAVO DIAZ ORDAZ', 'S', '2015-06-11 15:45:58', '2015-06-12 01:45:58'),
(28, 16, 'HIDALGO', 'S', '2015-06-11 15:45:58', '2015-06-12 01:45:58'),
(28, 17, 'JAUMAVE', 'S', '2015-06-11 15:45:58', '2015-06-12 01:45:58'),
(28, 18, 'JIMENEZ', 'S', '2015-06-11 15:45:58', '2015-06-12 01:45:58'),
(28, 19, 'LLERA', 'S', '2015-06-11 15:45:58', '2015-06-12 01:45:58'),
(28, 20, 'MAINERO', 'S', '2015-06-11 15:45:58', '2015-06-12 01:45:58'),
(28, 21, 'EL MANTE', 'S', '2015-06-11 15:45:58', '2015-06-12 01:45:58'),
(28, 22, 'MATAMOROS', 'S', '2015-06-11 15:45:58', '2015-06-12 01:45:58'),
(28, 23, 'MENDEZ', 'S', '2015-06-11 15:45:58', '2015-06-12 01:45:58'),
(28, 24, 'MIER', 'S', '2015-06-11 15:45:58', '2015-06-12 01:45:58'),
(28, 25, 'MIGUEL ALEMAN', 'S', '2015-06-11 15:45:58', '2015-06-12 01:45:58'),
(28, 26, 'MIQUIHUANA', 'S', '2015-06-11 15:45:58', '2015-06-12 01:45:58'),
(28, 27, 'NUEVO LAREDO', 'S', '2015-06-11 15:45:58', '2015-06-12 01:45:58'),
(28, 28, 'NUEVO MORELOS', 'S', '2015-06-11 15:45:58', '2015-06-12 01:45:58'),
(28, 29, 'OCAMPO', 'S', '2015-06-11 15:45:58', '2015-06-12 01:45:58'),
(28, 30, 'PADILLA', 'S', '2015-06-11 15:45:58', '2015-06-12 01:45:58'),
(28, 31, 'PALMILLAS', 'S', '2015-06-11 15:45:58', '2015-06-12 01:45:58'),
(28, 32, 'REYNOSA', 'S', '2015-06-11 15:45:58', '2015-06-12 01:45:58'),
(28, 33, 'RIO BRAVO', 'S', '2015-06-11 15:45:58', '2015-06-12 01:45:58'),
(28, 34, 'SAN CARLOS', 'S', '2015-06-11 15:45:58', '2015-06-12 01:45:58'),
(28, 35, 'SAN FERNANDO', 'S', '2015-06-11 15:45:58', '2015-06-12 01:45:58'),
(28, 36, 'SAN NICOLAS', 'S', '2015-06-11 15:45:58', '2015-06-12 01:45:58'),
(28, 37, 'SOTO LA MARINA', 'S', '2015-06-11 15:45:58', '2015-06-12 01:45:58'),
(28, 38, 'TAMPICO', 'S', '2015-06-11 15:45:58', '2015-06-12 01:45:58'),
(28, 39, 'TULA', 'S', '2015-06-11 15:45:58', '2015-06-12 01:45:58'),
(28, 40, 'VALLE HERMOSO', 'S', '2015-06-11 15:45:58', '2015-06-12 01:45:58'),
(28, 41, 'VICTORIA', 'S', '2015-06-11 15:45:58', '2015-06-12 01:45:58'),
(28, 42, 'VILLAGRAN', 'S', '2015-06-11 15:45:58', '2015-06-12 01:45:58'),
(28, 43, 'XICOTENCATL', 'S', '2015-06-11 15:45:58', '2015-06-12 01:45:58'),
(29, 1, 'AMAXAC DE GUERRERO', 'S', '2015-06-11 15:45:58', '2015-06-12 01:45:58'),
(29, 2, 'APETATITLAN DE ANTONIO CARVAJAL', 'S', '2015-06-11 15:45:58', '2015-06-12 01:45:58'),
(29, 3, 'APIZACO', 'S', '2015-06-11 15:45:58', '2015-06-12 01:45:58'),
(29, 4, 'ATLANGATEPEC', 'S', '2015-06-11 15:45:58', '2015-06-12 01:45:58'),
(29, 34, 'TLAXCO', 'S', '2015-06-11 15:45:58', '2015-06-12 01:45:58'),
(29, 5, 'ALTZAYANCA', 'S', '2015-06-11 15:45:58', '2015-06-12 01:45:58'),
(29, 6, 'CALPULALPAN', 'S', '2015-06-11 15:45:58', '2015-06-12 01:45:58'),
(29, 7, 'EL CARMEN TEQUEXQUITLA', 'S', '2015-06-11 15:45:58', '2015-06-12 01:45:58'),
(29, 8, 'CUAPIAXTLA', 'S', '2015-06-11 15:45:58', '2015-06-12 01:45:58'),
(29, 9, 'CUAXOMULCO', 'S', '2015-06-11 15:45:58', '2015-06-12 01:45:58'),
(29, 10, 'CHIAUTEMPAN', 'S', '2015-06-11 15:45:58', '2015-06-12 01:45:58'),
(29, 52, 'LA MAGDALENA TLALTELULCO', 'S', '2015-06-11 15:45:58', '2015-06-12 01:45:58'),
(29, 51, 'SAN FRANCISCO TETLANOHCAN', 'S', '2015-06-11 15:45:58', '2015-06-12 01:45:58'),
(29, 11, 'MU¾OZ DE DOMINGO ARENAS', 'S', '2015-06-11 15:45:58', '2015-06-12 01:45:58'),
(29, 12, 'ESPA¾ITA', 'S', '2015-06-11 15:45:58', '2015-06-12 01:45:58'),
(29, 13, 'HUAMANTLA', 'S', '2015-06-11 15:45:58', '2015-06-12 01:45:58'),
(29, 14, 'HUEYOTLIPAN', 'S', '2015-06-11 15:45:58', '2015-06-12 01:45:58'),
(29, 15, 'IXTACUIXTLA DE MARIANO MATAMOROS', 'S', '2015-06-11 15:45:58', '2015-06-12 01:45:58'),
(29, 58, 'SANTA ANA NOPALUCAN', 'S', '2015-06-11 15:45:58', '2015-06-12 01:45:58'),
(29, 16, 'IXTENCO', 'S', '2015-06-11 15:45:58', '2015-06-12 01:45:58'),
(29, 17, 'MAZATECOCHCO DE JOSE MARIA MORELOS', 'S', '2015-06-11 15:45:58', '2015-06-12 01:45:58'),
(29, 18, 'CONTLA DE JUAN CUAMATZI', 'S', '2015-06-11 15:45:58', '2015-06-12 01:45:58'),
(29, 19, 'TEPETITLA DE LARDIZABAL', 'S', '2015-06-11 15:45:58', '2015-06-12 01:45:58'),
(29, 20, 'SANCTORUM DE LAZARO CARDENAS', 'S', '2015-06-11 15:45:58', '2015-06-12 01:45:58'),
(29, 60, 'BENITO JUAREZ', 'S', '2015-06-11 15:45:58', '2015-06-12 01:45:58'),
(29, 21, 'NANACAMILPA DE MARIANO ARISTA', 'S', '2015-06-11 15:45:58', '2015-06-12 01:45:58'),
(29, 22, 'ACUAMANALA DE MIGUEL HIDALGO', 'S', '2015-06-11 15:45:58', '2015-06-12 01:45:58'),
(29, 46, 'SANTA CRUZ QUILEHTLA', 'S', '2015-06-11 15:45:58', '2015-06-12 01:45:58'),
(29, 45, 'SANTA APOLONIA TEACALCO', 'S', '2015-06-11 15:45:58', '2015-06-12 01:45:58'),
(29, 23, 'NATIVITAS', 'S', '2015-06-11 15:45:58', '2015-06-12 01:45:58'),
(29, 24, 'PANOTLA', 'S', '2015-06-11 15:45:58', '2015-06-12 01:45:58'),
(29, 25, 'SAN PABLO DEL MONTE', 'S', '2015-06-11 15:45:58', '2015-06-12 01:45:58'),
(29, 26, 'SANTA CRUZ TLAXCALA', 'S', '2015-06-11 15:45:58', '2015-06-12 01:45:58'),
(29, 27, 'TENANCINGO', 'S', '2015-06-11 15:45:58', '2015-06-12 01:45:58'),
(29, 28, 'TEOLOCHOLCO', 'S', '2015-06-11 15:45:58', '2015-06-12 01:45:58'),
(29, 29, 'TEPEYANCO', 'S', '2015-06-11 15:45:58', '2015-06-12 01:45:58'),
(29, 49, 'SANTA ISABEL XILOXOXTLA', 'S', '2015-06-11 15:45:58', '2015-06-12 01:45:58'),
(29, 47, 'SAN JUAN HUACTZINCO', 'S', '2015-06-11 15:45:58', '2015-06-12 01:45:58'),
(29, 30, 'TERRENATE', 'S', '2015-06-11 15:45:58', '2015-06-12 01:45:58'),
(29, 54, 'EMILIANO ZAPATA', 'S', '2015-06-11 15:45:58', '2015-06-12 01:45:58'),
(29, 55, 'LAZARO CARDENAS', 'S', '2015-06-11 15:45:58', '2015-06-12 01:45:58'),
(29, 31, 'TETLA DE LA SOLIDARIDAD', 'S', '2015-06-11 15:45:58', '2015-06-12 01:45:58'),
(29, 32, 'TETLATLAHUCA', 'S', '2015-06-11 15:45:58', '2015-06-12 01:45:58'),
(29, 53, 'SAN DAMIAN TEXOLOC', 'S', '2015-06-11 15:45:58', '2015-06-12 01:45:58'),
(29, 56, 'SAN JERONIMO ZACUALPAN', 'S', '2015-06-11 15:45:58', '2015-06-12 01:45:58'),
(29, 33, 'TLAXCALA', 'S', '2015-06-11 15:45:58', '2015-06-12 01:45:58'),
(29, 35, 'TOCATLAN', 'S', '2015-06-11 15:45:58', '2015-06-12 01:45:58'),
(29, 36, 'TOTOLAC', 'S', '2015-06-11 15:45:58', '2015-06-12 01:45:58'),
(29, 37, 'ZITLALTEPEC DE TRINIDAD SANCHEZ SANTOS', 'S', '2015-06-11 15:45:58', '2015-06-12 01:45:58'),
(29, 38, 'TZOMPANTEPEC', 'S', '2015-06-11 15:45:58', '2015-06-12 01:45:58'),
(29, 50, 'SAN JOSE TEACALCO', 'S', '2015-06-11 15:45:58', '2015-06-12 01:45:58'),
(29, 39, 'XALOZTOC', 'S', '2015-06-11 15:45:58', '2015-06-12 01:45:58'),
(29, 40, 'XALTOCAN', 'S', '2015-06-11 15:45:58', '2015-06-12 01:45:58'),
(29, 57, 'SAN LUCAS TECOPILCO', 'S', '2015-06-11 15:45:58', '2015-06-12 01:45:58'),
(29, 41, 'PAPALOTLA DE XICOHTENCATL', 'S', '2015-06-11 15:45:58', '2015-06-12 01:45:58'),
(29, 42, 'XICOHTZINCO', 'S', '2015-06-11 15:45:58', '2015-06-12 01:45:58'),
(29, 43, 'YAUHQUEMECAN', 'S', '2015-06-11 15:45:58', '2015-06-12 01:45:58'),
(29, 59, 'SAN LORENZO AXOCOMANITLA', 'S', '2015-06-11 15:45:58', '2015-06-12 01:45:58'),
(29, 44, 'ZACATELCO', 'S', '2015-06-11 15:45:58', '2015-06-12 01:45:58'),
(29, 48, 'SANTA CATARINA AYOMETLA', 'S', '2015-06-11 15:45:58', '2015-06-12 01:45:58'),
(30, 1, 'ACAJETE', 'S', '2015-06-11 15:45:58', '2015-06-12 01:45:58'),
(30, 2, 'ACATLAN', 'S', '2015-06-11 15:45:58', '2015-06-12 01:45:58'),
(30, 3, 'ACAYUCAN', 'S', '2015-06-11 15:45:58', '2015-06-12 01:45:58'),
(30, 4, 'ACTOPAN', 'S', '2015-06-11 15:45:58', '2015-06-12 01:45:58'),
(30, 5, 'ACULA', 'S', '2015-06-11 15:45:58', '2015-06-12 01:45:58'),
(30, 6, 'ACULTZINGO', 'S', '2015-06-11 15:45:58', '2015-06-12 01:45:58'),
(30, 7, 'CAMARON DE TEJEDA', 'S', '2015-06-11 15:45:58', '2015-06-12 01:45:58'),
(30, 8, 'ALAMO TEMAPACHE', 'S', '2015-06-11 15:45:58', '2015-06-12 01:45:58'),
(30, 9, 'ALPATLAHUAC', 'S', '2015-06-11 15:45:58', '2015-06-12 01:45:58'),
(30, 10, 'ALTO LUCERO DE GUTIERREZ BARRIOS', 'S', '2015-06-11 15:45:58', '2015-06-12 01:45:58'),
(30, 11, 'ALTOTONGA', 'S', '2015-06-11 15:45:58', '2015-06-12 01:45:58'),
(30, 12, 'ALVARADO', 'S', '2015-06-11 15:45:58', '2015-06-12 01:45:58'),
(30, 13, 'AMATITLAN', 'S', '2015-06-11 15:45:58', '2015-06-12 01:45:58'),
(30, 14, 'AMATLAN DE LOS REYES', 'S', '2015-06-11 15:45:58', '2015-06-12 01:45:58'),
(30, 15, 'NARANJOS AMATLAN', 'S', '2015-06-11 15:45:58', '2015-06-12 01:45:58'),
(30, 16, 'ANGEL R. CABADA', 'S', '2015-06-11 15:45:58', '2015-06-12 01:45:58'),
(30, 17, 'LA ANTIGUA', 'S', '2015-06-11 15:45:58', '2015-06-12 01:45:58'),
(30, 18, 'APAZAPAN', 'S', '2015-06-11 15:45:58', '2015-06-12 01:45:58'),
(30, 19, 'AQUILA', 'S', '2015-06-11 15:45:58', '2015-06-12 01:45:58'),
(30, 20, 'ASTACINGA', 'S', '2015-06-11 15:45:58', '2015-06-12 01:45:58'),
(30, 21, 'ATLAHUILCO', 'S', '2015-06-11 15:45:58', '2015-06-12 01:45:58'),
(30, 22, 'ATOYAC', 'S', '2015-06-11 15:45:58', '2015-06-12 01:45:58'),
(30, 23, 'ATZACAN', 'S', '2015-06-11 15:45:58', '2015-06-12 01:45:58'),
(30, 24, 'ATZALAN', 'S', '2015-06-11 15:45:58', '2015-06-12 01:45:58'),
(30, 25, 'TLALTETELA', 'S', '2015-06-11 15:45:58', '2015-06-12 01:45:58'),
(30, 26, 'AYAHUALULCO', 'S', '2015-06-11 15:45:58', '2015-06-12 01:45:58'),
(30, 27, 'BANDERILLA', 'S', '2015-06-11 15:45:58', '2015-06-12 01:45:58'),
(30, 28, 'BENITO JUAREZ', 'S', '2015-06-11 15:45:58', '2015-06-12 01:45:58'),
(30, 29, 'BOCA DEL RIO', 'S', '2015-06-11 15:45:58', '2015-06-12 01:45:58'),
(30, 30, 'CALCAHUALCO', 'S', '2015-06-11 15:45:58', '2015-06-12 01:45:58'),
(30, 31, 'CAMERINO Z. MENDOZA', 'S', '2015-06-11 15:45:58', '2015-06-12 01:45:58'),
(30, 32, 'CARRILLO PUERTO', 'S', '2015-06-11 15:45:58', '2015-06-12 01:45:58'),
(30, 33, 'CASTILLO DE TEAYO', 'S', '2015-06-11 15:45:58', '2015-06-12 01:45:58'),
(30, 34, 'CATEMACO', 'S', '2015-06-11 15:45:58', '2015-06-12 01:45:58'),
(30, 35, 'CAZONES DE HERRERA', 'S', '2015-06-11 15:45:58', '2015-06-12 01:45:58'),
(30, 36, 'CERRO AZUL', 'S', '2015-06-11 15:45:58', '2015-06-12 01:45:58'),
(30, 37, 'CITLALTEPETL', 'S', '2015-06-11 15:45:58', '2015-06-12 01:45:58'),
(30, 38, 'COACOATZINTLA', 'S', '2015-06-11 15:45:58', '2015-06-12 01:45:58'),
(30, 39, 'COAHUITLAN', 'S', '2015-06-11 15:45:58', '2015-06-12 01:45:58'),
(30, 40, 'COATEPEC', 'S', '2015-06-11 15:45:58', '2015-06-12 01:45:58'),
(30, 41, 'COATZACOALCOS', 'S', '2015-06-11 15:45:58', '2015-06-12 01:45:58'),
(30, 42, 'COATZINTLA', 'S', '2015-06-11 15:45:58', '2015-06-12 01:45:58'),
(30, 43, 'COETZALA', 'S', '2015-06-11 15:45:58', '2015-06-12 01:45:58'),
(30, 44, 'COLIPA', 'S', '2015-06-11 15:45:58', '2015-06-12 01:45:58'),
(30, 45, 'COMAPA', 'S', '2015-06-11 15:45:58', '2015-06-12 01:45:58'),
(30, 46, 'CORDOBA', 'S', '2015-06-11 15:45:58', '2015-06-12 01:45:58'),
(30, 47, 'COSAMALOAPAN', 'S', '2015-06-11 15:45:58', '2015-06-12 01:45:58'),
(30, 208, 'CARLOS A. CARRILLO', 'S', '2015-06-11 15:45:58', '2015-06-12 01:45:58'),
(30, 48, 'COSAUTLAN DE CARVAJAL', 'S', '2015-06-11 15:45:58', '2015-06-12 01:45:58'),
(30, 49, 'COSCOMATEPEC', 'S', '2015-06-11 15:45:58', '2015-06-12 01:45:58'),
(30, 50, 'COSOLEACAQUE', 'S', '2015-06-11 15:45:58', '2015-06-12 01:45:58'),
(30, 51, 'COTAXTLA', 'S', '2015-06-11 15:45:58', '2015-06-12 01:45:58'),
(30, 52, 'COXQUIHUI', 'S', '2015-06-11 15:45:58', '2015-06-12 01:45:58'),
(30, 53, 'COYUTLA', 'S', '2015-06-11 15:45:58', '2015-06-12 01:45:58'),
(30, 54, 'CUICHAPA', 'S', '2015-06-11 15:45:58', '2015-06-12 01:45:58'),
(30, 55, 'CUITLAHUAC', 'S', '2015-06-11 15:45:58', '2015-06-12 01:45:58'),
(30, 56, 'CHACALTIANGUIS', 'S', '2015-06-11 15:45:58', '2015-06-12 01:45:58'),
(30, 57, 'CHALMA', 'S', '2015-06-11 15:45:58', '2015-06-12 01:45:58'),
(30, 58, 'CHICONAMEL', 'S', '2015-06-11 15:45:58', '2015-06-12 01:45:58'),
(30, 59, 'CHICONQUIACO', 'S', '2015-06-11 15:45:58', '2015-06-12 01:45:58'),
(30, 60, 'CHICONTEPEC', 'S', '2015-06-11 15:45:58', '2015-06-12 01:45:58'),
(30, 61, 'CHINAMECA', 'S', '2015-06-11 15:45:58', '2015-06-12 01:45:58'),
(30, 62, 'CHINAMPA DE GOROSTIZA', 'S', '2015-06-11 15:45:58', '2015-06-12 01:45:58'),
(30, 63, 'LAS CHOAPAS', 'S', '2015-06-11 15:45:58', '2015-06-12 01:45:58'),
(30, 64, 'CHOCAMAN', 'S', '2015-06-11 15:45:58', '2015-06-12 01:45:58'),
(30, 65, 'CHONTLA', 'S', '2015-06-11 15:45:58', '2015-06-12 01:45:58'),
(30, 66, 'CHUMATLAN', 'S', '2015-06-11 15:45:58', '2015-06-12 01:45:58'),
(30, 67, 'EMILIANO ZAPATA', 'S', '2015-06-11 15:45:58', '2015-06-12 01:45:58'),
(30, 68, 'ESPINAL', 'S', '2015-06-11 15:45:58', '2015-06-12 01:45:58'),
(30, 69, 'FILOMENO MATA', 'S', '2015-06-11 15:45:58', '2015-06-12 01:45:58'),
(30, 70, 'FORTIN', 'S', '2015-06-11 15:45:58', '2015-06-12 01:45:58'),
(30, 71, 'GUTIERREZ ZAMORA', 'S', '2015-06-11 15:45:58', '2015-06-12 01:45:58'),
(30, 72, 'HIDALGOTITLAN', 'S', '2015-06-11 15:45:58', '2015-06-12 01:45:58'),
(30, 209, 'UXPANAPA', 'S', '2015-06-11 15:45:58', '2015-06-12 01:45:58'),
(30, 73, 'HUATUSCO', 'S', '2015-06-11 15:45:58', '2015-06-12 01:45:58'),
(30, 74, 'HUAYACOCOTLA', 'S', '2015-06-11 15:45:58', '2015-06-12 01:45:58'),
(30, 75, 'HUEYAPAN DE OCAMPO', 'S', '2015-06-11 15:45:58', '2015-06-12 01:45:58'),
(30, 76, 'HUILOAPAN DE CUAUHTEMOC', 'S', '2015-06-11 15:45:58', '2015-06-12 01:45:58'),
(30, 77, 'IGNACIO DE LA LLAVE', 'S', '2015-06-11 15:45:58', '2015-06-12 01:45:58'),
(30, 78, 'ILAMATLAN', 'S', '2015-06-11 15:45:58', '2015-06-12 01:45:58'),
(30, 79, 'ISLA', 'S', '2015-06-11 15:45:58', '2015-06-12 01:45:58'),
(30, 80, 'IXCATEPEC', 'S', '2015-06-11 15:45:58', '2015-06-12 01:45:58'),
(30, 81, 'IXHUACAN DE LOS REYES', 'S', '2015-06-11 15:45:58', '2015-06-12 01:45:58'),
(30, 82, 'IXHUATLAN DE MADERO', 'S', '2015-06-11 15:45:58', '2015-06-12 01:45:58'),
(30, 83, 'IXHUATLAN DEL CAFE', 'S', '2015-06-11 15:45:58', '2015-06-12 01:45:58'),
(30, 84, 'IXHUATLAN DEL SURESTE', 'S', '2015-06-11 15:45:58', '2015-06-12 01:45:58'),
(30, 85, 'IXHUATLANCILLO', 'S', '2015-06-11 15:45:58', '2015-06-12 01:45:58'),
(30, 86, 'IXMATLAHUACAN', 'S', '2015-06-11 15:45:58', '2015-06-12 01:45:58'),
(30, 87, 'IXTACZOQUITLAN', 'S', '2015-06-11 15:45:58', '2015-06-12 01:45:58'),
(30, 88, 'JALACINGO', 'S', '2015-06-11 15:45:58', '2015-06-12 01:45:58'),
(30, 89, 'XALAPA', 'S', '2015-06-11 15:45:58', '2015-06-12 01:45:58'),
(30, 90, 'JALCOMULCO', 'S', '2015-06-11 15:45:58', '2015-06-12 01:45:58'),
(30, 91, 'JALTIPAN', 'S', '2015-06-11 15:45:58', '2015-06-12 01:45:58'),
(30, 92, 'JAMAPA', 'S', '2015-06-11 15:45:58', '2015-06-12 01:45:58'),
(30, 93, 'JESUS CARRANZA', 'S', '2015-06-11 15:45:58', '2015-06-12 01:45:58'),
(30, 94, 'JILOTEPEC', 'S', '2015-06-11 15:45:58', '2015-06-12 01:45:58'),
(30, 95, 'JUAN RODRIGUEZ CLARA', 'S', '2015-06-11 15:45:58', '2015-06-12 01:45:58'),
(30, 96, 'JUCHIQUE DE FERRER', 'S', '2015-06-11 15:45:58', '2015-06-12 01:45:58'),
(30, 97, 'LANDERO Y COSS', 'S', '2015-06-11 15:45:58', '2015-06-12 01:45:58'),
(30, 98, 'LERDO DE TEJADA', 'S', '2015-06-11 15:45:58', '2015-06-12 01:45:58'),
(30, 99, 'MAGDALENA', 'S', '2015-06-11 15:45:58', '2015-06-12 01:45:58'),
(30, 100, 'MALTRATA', 'S', '2015-06-11 15:45:58', '2015-06-12 01:45:58'),
(30, 101, 'MANLIO FABIO ALTAMIRANO', 'S', '2015-06-11 15:45:58', '2015-06-12 01:45:58'),
(30, 102, 'MARIANO ESCOBEDO', 'S', '2015-06-11 15:45:58', '2015-06-12 01:45:58'),
(30, 103, 'MARTINEZ DE LA TORRE', 'S', '2015-06-11 15:45:58', '2015-06-12 01:45:58'),
(30, 211, 'SAN RAFAEL', 'S', '2015-06-11 15:45:58', '2015-06-12 01:45:58'),
(30, 104, 'MECATLAN', 'S', '2015-06-11 15:45:58', '2015-06-12 01:45:58'),
(30, 105, 'MECAYAPAN', 'S', '2015-06-11 15:45:58', '2015-06-12 01:45:58'),
(30, 210, 'TATAHUICAPAN DE JUAREZ', 'S', '2015-06-11 15:45:58', '2015-06-12 01:45:58'),
(30, 106, 'MEDELLIN', 'S', '2015-06-11 15:45:58', '2015-06-12 01:45:58'),
(30, 107, 'MIAHUATLAN', 'S', '2015-06-11 15:45:58', '2015-06-12 01:45:58'),
(30, 108, 'LAS MINAS', 'S', '2015-06-11 15:45:58', '2015-06-12 01:45:58'),
(30, 109, 'MINATITLAN', 'S', '2015-06-11 15:45:58', '2015-06-12 01:45:58'),
(30, 110, 'MISANTLA', 'S', '2015-06-11 15:45:58', '2015-06-12 01:45:58'),
(30, 111, 'MIXTLA DE ALTAMIRANO', 'S', '2015-06-11 15:45:58', '2015-06-12 01:45:58'),
(30, 112, 'MOLOACAN', 'S', '2015-06-11 15:45:58', '2015-06-12 01:45:58'),
(30, 113, 'NAOLINCO', 'S', '2015-06-11 15:45:58', '2015-06-12 01:45:58'),
(30, 114, 'NARANJAL', 'S', '2015-06-11 15:45:58', '2015-06-12 01:45:58'),
(30, 115, 'NAUTLA', 'S', '2015-06-11 15:45:58', '2015-06-12 01:45:58'),
(30, 116, 'NOGALES', 'S', '2015-06-11 15:45:58', '2015-06-12 01:45:58'),
(30, 117, 'OLUTA', 'S', '2015-06-11 15:45:58', '2015-06-12 01:45:58'),
(30, 118, 'OMEALCA', 'S', '2015-06-11 15:45:58', '2015-06-12 01:45:58'),
(30, 119, 'ORIZABA', 'S', '2015-06-11 15:45:58', '2015-06-12 01:45:58'),
(30, 120, 'OTATITLAN', 'S', '2015-06-11 15:45:58', '2015-06-12 01:45:58'),
(30, 121, 'OTEAPAN', 'S', '2015-06-11 15:45:58', '2015-06-12 01:45:58'),
(30, 122, 'OZULUAMA', 'S', '2015-06-11 15:45:58', '2015-06-12 01:45:58'),
(30, 123, 'PAJAPAN', 'S', '2015-06-11 15:45:58', '2015-06-12 01:45:58'),
(30, 124, 'PANUCO', 'S', '2015-06-11 15:45:58', '2015-06-12 01:45:58'),
(30, 125, 'PAPANTLA', 'S', '2015-06-11 15:45:58', '2015-06-12 01:45:58'),
(30, 126, 'PASO DEL MACHO', 'S', '2015-06-11 15:45:58', '2015-06-12 01:45:58'),
(30, 127, 'PASO DE OVEJAS', 'S', '2015-06-11 15:45:58', '2015-06-12 01:45:58'),
(30, 128, 'LA PERLA', 'S', '2015-06-11 15:45:58', '2015-06-12 01:45:58'),
(30, 129, 'PEROTE', 'S', '2015-06-11 15:45:58', '2015-06-12 01:45:58'),
(30, 130, 'PLATON SANCHEZ', 'S', '2015-06-11 15:45:58', '2015-06-12 01:45:58'),
(30, 131, 'PLAYA VICENTE', 'S', '2015-06-11 15:45:58', '2015-06-12 01:45:58'),
(30, 212, 'SANTIAGO SOCHIAPAN', 'S', '2015-06-11 15:45:58', '2015-06-12 01:45:58'),
(30, 132, 'POZA RICA DE HIDALGO', 'S', '2015-06-11 15:45:58', '2015-06-12 01:45:58'),
(30, 133, 'PUEBLO VIEJO', 'S', '2015-06-11 15:45:58', '2015-06-12 01:45:58'),
(30, 134, 'PUENTE NACIONAL', 'S', '2015-06-11 15:45:58', '2015-06-12 01:45:58'),
(30, 135, 'RAFAEL DELGADO', 'S', '2015-06-11 15:45:58', '2015-06-12 01:45:58'),
(30, 136, 'RAFAEL LUCIO', 'S', '2015-06-11 15:45:58', '2015-06-12 01:45:58'),
(30, 137, 'LAS VIGAS DE RAMIREZ', 'S', '2015-06-11 15:45:58', '2015-06-12 01:45:58'),
(30, 138, 'LOS REYES', 'S', '2015-06-11 15:45:58', '2015-06-12 01:45:58'),
(30, 139, 'RIO BLANCO', 'S', '2015-06-11 15:45:58', '2015-06-12 01:45:58'),
(30, 140, 'SALTABARRANCA', 'S', '2015-06-11 15:45:58', '2015-06-12 01:45:58'),
(30, 141, 'SAN ANDRES TENEJAPAN', 'S', '2015-06-11 15:45:58', '2015-06-12 01:45:58'),
(30, 142, 'SAN ANDRES TUXTLA', 'S', '2015-06-11 15:45:58', '2015-06-12 01:45:58'),
(30, 143, 'SAN JUAN EVANGELISTA', 'S', '2015-06-11 15:45:58', '2015-06-12 01:45:58'),
(30, 144, 'SANTIAGO TUXTLA', 'S', '2015-06-11 15:45:58', '2015-06-12 01:45:58'),
(30, 145, 'SAYULA DE ALEMAN', 'S', '2015-06-11 15:45:58', '2015-06-12 01:45:58'),
(30, 146, 'SOCONUSCO', 'S', '2015-06-11 15:45:58', '2015-06-12 01:45:58'),
(30, 147, 'SOCHIAPA', 'S', '2015-06-11 15:45:58', '2015-06-12 01:45:58'),
(30, 148, 'SOLEDAD ATZOMPA', 'S', '2015-06-11 15:45:58', '2015-06-12 01:45:58'),
(30, 149, 'SOLEDAD DE DOBLADO', 'S', '2015-06-11 15:45:58', '2015-06-12 01:45:58'),
(30, 150, 'SOTEAPAN', 'S', '2015-06-11 15:45:58', '2015-06-12 01:45:58'),
(30, 151, 'TAMALIN', 'S', '2015-06-11 15:45:58', '2015-06-12 01:45:58'),
(30, 152, 'TAMIAHUA', 'S', '2015-06-11 15:45:58', '2015-06-12 01:45:58'),
(30, 153, 'TAMPICO ALTO', 'S', '2015-06-11 15:45:58', '2015-06-12 01:45:58'),
(30, 154, 'TANCOCO', 'S', '2015-06-11 15:45:58', '2015-06-12 01:45:58'),
(30, 155, 'TANTIMA', 'S', '2015-06-11 15:45:58', '2015-06-12 01:45:58'),
(30, 156, 'TANTOYUCA', 'S', '2015-06-11 15:45:58', '2015-06-12 01:45:58'),
(30, 157, 'TATATILA', 'S', '2015-06-11 15:45:58', '2015-06-12 01:45:58'),
(30, 158, 'TECOLUTLA', 'S', '2015-06-11 15:45:58', '2015-06-12 01:45:58'),
(30, 159, 'TEHUIPANGO', 'S', '2015-06-11 15:45:58', '2015-06-12 01:45:58'),
(30, 160, 'TEMPOAL', 'S', '2015-06-11 15:45:58', '2015-06-12 01:45:58'),
(30, 161, 'TENAMPA', 'S', '2015-06-11 15:45:58', '2015-06-12 01:45:58'),
(30, 162, 'TENOCHTITLAN', 'S', '2015-06-11 15:45:58', '2015-06-12 01:45:58'),
(30, 163, 'TEOCELO', 'S', '2015-06-11 15:45:58', '2015-06-12 01:45:58'),
(30, 164, 'TEPATLAXCO', 'S', '2015-06-11 15:45:58', '2015-06-12 01:45:58'),
(30, 165, 'TEPETLAN', 'S', '2015-06-11 15:45:58', '2015-06-12 01:45:58'),
(30, 166, 'TEPETZINTLA', 'S', '2015-06-11 15:45:58', '2015-06-12 01:45:58'),
(30, 167, 'TEQUILA', 'S', '2015-06-11 15:45:58', '2015-06-12 01:45:58'),
(30, 168, 'JOSE AZUETA', 'S', '2015-06-11 15:45:58', '2015-06-12 01:45:58'),
(30, 169, 'TEXCATEPEC', 'S', '2015-06-11 15:45:58', '2015-06-12 01:45:58'),
(30, 170, 'TEXHUACAN', 'S', '2015-06-11 15:45:58', '2015-06-12 01:45:58'),
(30, 171, 'TEXISTEPEC', 'S', '2015-06-11 15:45:58', '2015-06-12 01:45:58'),
(30, 172, 'TEZONAPA', 'S', '2015-06-11 15:45:58', '2015-06-12 01:45:58'),
(30, 173, 'TIERRA BLANCA', 'S', '2015-06-11 15:45:58', '2015-06-12 01:45:58'),
(30, 174, 'TIHUATLAN', 'S', '2015-06-11 15:45:58', '2015-06-12 01:45:58'),
(30, 175, 'TLACOJALPAN', 'S', '2015-06-11 15:45:58', '2015-06-12 01:45:58'),
(30, 176, 'TLACOLULAN', 'S', '2015-06-11 15:45:58', '2015-06-12 01:45:58'),
(30, 177, 'TLACOTALPAN', 'S', '2015-06-11 15:45:58', '2015-06-12 01:45:58'),
(30, 178, 'TLACOTEPEC DE MEJIA', 'S', '2015-06-11 15:45:58', '2015-06-12 01:45:58'),
(30, 179, 'TLACHICHILCO', 'S', '2015-06-11 15:45:58', '2015-06-12 01:45:58'),
(30, 180, 'TLALIXCOYAN', 'S', '2015-06-11 15:45:58', '2015-06-12 01:45:58'),
(30, 181, 'TLALNELHUAYOCAN', 'S', '2015-06-11 15:45:58', '2015-06-12 01:45:58'),
(30, 182, 'TLAPACOYAN', 'S', '2015-06-11 15:45:58', '2015-06-12 01:45:58'),
(30, 183, 'TLAQUILPA', 'S', '2015-06-11 15:45:58', '2015-06-12 01:45:58'),
(30, 184, 'TLILAPAN', 'S', '2015-06-11 15:45:58', '2015-06-12 01:45:58'),
(30, 185, 'TOMATLAN', 'S', '2015-06-11 15:45:58', '2015-06-12 01:45:58'),
(30, 186, 'TONAYAN', 'S', '2015-06-11 15:45:58', '2015-06-12 01:45:58'),
(30, 187, 'TOTUTLA', 'S', '2015-06-11 15:45:58', '2015-06-12 01:45:58'),
(30, 188, 'TUXPAN', 'S', '2015-06-11 15:45:58', '2015-06-12 01:45:58'),
(30, 189, 'TUXTILLA', 'S', '2015-06-11 15:45:58', '2015-06-12 01:45:58'),
(30, 190, 'URSULO GALVAN', 'S', '2015-06-11 15:45:58', '2015-06-12 01:45:58'),
(30, 191, 'VEGA DE ALATORRE', 'S', '2015-06-11 15:45:58', '2015-06-12 01:45:58'),
(30, 192, 'VERACRUZ', 'S', '2015-06-11 15:45:58', '2015-06-12 01:45:58'),
(30, 193, 'VILLA ALDAMA', 'S', '2015-06-11 15:45:58', '2015-06-12 01:45:58'),
(30, 194, 'XICO', 'S', '2015-06-11 15:45:58', '2015-06-12 01:45:58'),
(30, 195, 'XOXOCOTLA', 'S', '2015-06-11 15:45:58', '2015-06-12 01:45:58'),
(30, 196, 'YANGA', 'S', '2015-06-11 15:45:58', '2015-06-12 01:45:58'),
(30, 197, 'YECUATLA', 'S', '2015-06-11 15:45:58', '2015-06-12 01:45:58'),
(30, 198, 'ZACUALPAN', 'S', '2015-06-11 15:45:58', '2015-06-12 01:45:58'),
(30, 199, 'ZARAGOZA', 'S', '2015-06-11 15:45:58', '2015-06-12 01:45:58'),
(30, 200, 'ZENTLA', 'S', '2015-06-11 15:45:58', '2015-06-12 01:45:58'),
(30, 201, 'ZONGOLICA', 'S', '2015-06-11 15:45:58', '2015-06-12 01:45:58'),
(30, 202, 'ZONTECOMATLAN', 'S', '2015-06-11 15:45:58', '2015-06-12 01:45:58'),
(30, 203, 'ZOZOCOLCO DE HIDALGO', 'S', '2015-06-11 15:45:58', '2015-06-12 01:45:58'),
(30, 204, 'TRES VALLES', 'S', '2015-06-11 15:45:58', '2015-06-12 01:45:58'),
(30, 205, 'NANCHITAL DE LAZARO CARDENAS DEL RIO', 'S', '2015-06-11 15:45:58', '2015-06-12 01:45:58'),
(30, 206, 'AGUA DULCE', 'S', '2015-06-11 15:45:58', '2015-06-12 01:45:58'),
(30, 207, 'EL HIGO', 'S', '2015-06-11 15:45:58', '2015-06-12 01:45:58'),
(31, 1, 'ABALA', 'S', '2015-06-11 15:45:58', '2015-06-12 01:45:58'),
(31, 2, 'ACANCEH', 'S', '2015-06-11 15:45:58', '2015-06-12 01:45:58'),
(31, 3, 'AKIL', 'S', '2015-06-11 15:45:58', '2015-06-12 01:45:58'),
(31, 4, 'BACA', 'S', '2015-06-11 15:45:58', '2015-06-12 01:45:58'),
(31, 5, 'BOKOBA', 'S', '2015-06-11 15:45:58', '2015-06-12 01:45:58'),
(31, 6, 'BUCTZOTZ', 'S', '2015-06-11 15:45:58', '2015-06-12 01:45:58'),
(31, 7, 'CACALCHEN', 'S', '2015-06-11 15:45:58', '2015-06-12 01:45:58'),
(31, 8, 'CALOTMUL', 'S', '2015-06-11 15:45:58', '2015-06-12 01:45:58'),
(31, 9, 'CANSAHCAB', 'S', '2015-06-11 15:45:58', '2015-06-12 01:45:58'),
(31, 10, 'CANTAMAYEC', 'S', '2015-06-11 15:45:58', '2015-06-12 01:45:58'),
(31, 11, 'CELESTUN', 'S', '2015-06-11 15:45:58', '2015-06-12 01:45:58'),
(31, 12, 'CENOTILLO', 'S', '2015-06-11 15:45:58', '2015-06-12 01:45:58'),
(31, 13, 'CONKAL', 'S', '2015-06-11 15:45:58', '2015-06-12 01:45:58'),
(31, 14, 'CUNCUNUL', 'S', '2015-06-11 15:45:58', '2015-06-12 01:45:58'),
(31, 15, 'CUZAMA', 'S', '2015-06-11 15:45:58', '2015-06-12 01:45:58'),
(31, 16, 'CHACSINKIN', 'S', '2015-06-11 15:45:58', '2015-06-12 01:45:58'),
(31, 17, 'CHANKOM', 'S', '2015-06-11 15:45:58', '2015-06-12 01:45:58'),
(31, 18, 'CHAPAB', 'S', '2015-06-11 15:45:58', '2015-06-12 01:45:58'),
(31, 19, 'CHEMAX', 'S', '2015-06-11 15:45:58', '2015-06-12 01:45:58'),
(31, 20, 'CHICXULUB PUEBLO', 'S', '2015-06-11 15:45:58', '2015-06-12 01:45:58'),
(31, 21, 'CHICHIMILA', 'S', '2015-06-11 15:45:58', '2015-06-12 01:45:58'),
(31, 22, 'CHIKINDZONOT', 'S', '2015-06-11 15:45:58', '2015-06-12 01:45:58'),
(31, 23, 'CHOCHOLA', 'S', '2015-06-11 15:45:58', '2015-06-12 01:45:58'),
(31, 24, 'CHUMAYEL', 'S', '2015-06-11 15:45:58', '2015-06-12 01:45:58'),
(31, 25, 'DZAN', 'S', '2015-06-11 15:45:58', '2015-06-12 01:45:58'),
(31, 26, 'DZEMUL', 'S', '2015-06-11 15:45:58', '2015-06-12 01:45:58'),
(31, 27, 'DZIDZANTUN', 'S', '2015-06-11 15:45:58', '2015-06-12 01:45:58'),
(31, 28, 'DZILAM DE BRAVO', 'S', '2015-06-11 15:45:58', '2015-06-12 01:45:58'),
(31, 29, 'DZILAM GONZALEZ', 'S', '2015-06-11 15:45:58', '2015-06-12 01:45:58'),
(31, 30, 'DZITAS', 'S', '2015-06-11 15:45:58', '2015-06-12 01:45:58'),
(31, 31, 'DZONCAUICH', 'S', '2015-06-11 15:45:58', '2015-06-12 01:45:58'),
(31, 32, 'ESPITA', 'S', '2015-06-11 15:45:58', '2015-06-12 01:45:58'),
(31, 33, 'HALACHO', 'S', '2015-06-11 15:45:58', '2015-06-12 01:45:58'),
(31, 34, 'HOCABA', 'S', '2015-06-11 15:45:58', '2015-06-12 01:45:58'),
(31, 35, 'HOCTUN', 'S', '2015-06-11 15:45:58', '2015-06-12 01:45:58'),
(31, 36, 'HOMUN', 'S', '2015-06-11 15:45:58', '2015-06-12 01:45:58'),
(31, 37, 'HUHI', 'S', '2015-06-11 15:45:58', '2015-06-12 01:45:58'),
(31, 38, 'HUNUCMA', 'S', '2015-06-11 15:45:58', '2015-06-12 01:45:58'),
(31, 39, 'IXIL', 'S', '2015-06-11 15:45:58', '2015-06-12 01:45:58'),
(31, 40, 'IZAMAL', 'S', '2015-06-11 15:45:58', '2015-06-12 01:45:58'),
(31, 41, 'KANASIN', 'S', '2015-06-11 15:45:58', '2015-06-12 01:45:58'),
(31, 42, 'KANTUNIL', 'S', '2015-06-11 15:45:58', '2015-06-12 01:45:58'),
(31, 43, 'KAUA', 'S', '2015-06-11 15:45:58', '2015-06-12 01:45:58'),
(31, 44, 'KINCHIL', 'S', '2015-06-11 15:45:58', '2015-06-12 01:45:58'),
(31, 45, 'KOPOMA', 'S', '2015-06-11 15:45:58', '2015-06-12 01:45:58'),
(31, 46, 'MAMA', 'S', '2015-06-11 15:45:58', '2015-06-12 01:45:58'),
(31, 47, 'MANI', 'S', '2015-06-11 15:45:58', '2015-06-12 01:45:58'),
(31, 48, 'MAXCANU', 'S', '2015-06-11 15:45:58', '2015-06-12 01:45:58'),
(31, 49, 'MAYAPAN', 'S', '2015-06-11 15:45:58', '2015-06-12 01:45:58'),
(31, 50, 'MERIDA', 'S', '2015-06-11 15:45:58', '2015-06-12 01:45:58'),
(31, 51, 'MOCOCHA', 'S', '2015-06-11 15:45:58', '2015-06-12 01:45:58'),
(31, 52, 'MOTUL', 'S', '2015-06-11 15:45:58', '2015-06-12 01:45:58'),
(31, 53, 'MUNA', 'S', '2015-06-11 15:45:58', '2015-06-12 01:45:58'),
(31, 54, 'MUXUPIP', 'S', '2015-06-11 15:45:58', '2015-06-12 01:45:58'),
(31, 55, 'OPICHEN', 'S', '2015-06-11 15:45:58', '2015-06-12 01:45:58'),
(31, 56, 'OXKUTZCAB', 'S', '2015-06-11 15:45:58', '2015-06-12 01:45:58'),
(31, 57, 'PANABA', 'S', '2015-06-11 15:45:58', '2015-06-12 01:45:58'),
(31, 58, 'PETO', 'S', '2015-06-11 15:45:58', '2015-06-12 01:45:58'),
(31, 59, 'PROGRESO', 'S', '2015-06-11 15:45:58', '2015-06-12 01:45:58'),
(31, 60, 'QUINTANA ROO', 'S', '2015-06-11 15:45:58', '2015-06-12 01:45:58'),
(31, 61, 'RIO LAGARTOS', 'S', '2015-06-11 15:45:58', '2015-06-12 01:45:58'),
(31, 62, 'SACALUM', 'S', '2015-06-11 15:45:58', '2015-06-12 01:45:58'),
(31, 63, 'SAMAHIL', 'S', '2015-06-11 15:45:58', '2015-06-12 01:45:58'),
(31, 64, 'SANAHCAT', 'S', '2015-06-11 15:45:58', '2015-06-12 01:45:58'),
(31, 65, 'SAN FELIPE', 'S', '2015-06-11 15:45:58', '2015-06-12 01:45:58'),
(31, 66, 'SANTA ELENA', 'S', '2015-06-11 15:45:58', '2015-06-12 01:45:58'),
(31, 67, 'SEYE', 'S', '2015-06-11 15:45:58', '2015-06-12 01:45:58'),
(31, 68, 'SINANCHE', 'S', '2015-06-11 15:45:58', '2015-06-12 01:45:58'),
(31, 69, 'SOTUTA', 'S', '2015-06-11 15:45:58', '2015-06-12 01:45:58'),
(31, 70, 'SUCILA', 'S', '2015-06-11 15:45:58', '2015-06-12 01:45:58'),
(31, 71, 'SUDZAL', 'S', '2015-06-11 15:45:58', '2015-06-12 01:45:58'),
(31, 72, 'SUMA', 'S', '2015-06-11 15:45:58', '2015-06-12 01:45:58'),
(31, 73, 'TAHDZIU', 'S', '2015-06-11 15:45:58', '2015-06-12 01:45:58'),
(31, 74, 'TAHMEK', 'S', '2015-06-11 15:45:58', '2015-06-12 01:45:58'),
(31, 75, 'TEABO', 'S', '2015-06-11 15:45:58', '2015-06-12 01:45:58'),
(31, 76, 'TECOH', 'S', '2015-06-11 15:45:58', '2015-06-12 01:45:58'),
(31, 77, 'TEKAL DE VENEGAS', 'S', '2015-06-11 15:45:58', '2015-06-12 01:45:58'),
(31, 78, 'TEKANTO', 'S', '2015-06-11 15:45:58', '2015-06-12 01:45:58'),
(31, 79, 'TEKAX', 'S', '2015-06-11 15:45:58', '2015-06-12 01:45:58'),
(31, 80, 'TEKIT', 'S', '2015-06-11 15:45:58', '2015-06-12 01:45:58'),
(31, 81, 'TEKOM', 'S', '2015-06-11 15:45:58', '2015-06-12 01:45:58'),
(31, 82, 'TELCHAC PUEBLO', 'S', '2015-06-11 15:45:58', '2015-06-12 01:45:58'),
(31, 83, 'TELCHAC PUERTO', 'S', '2015-06-11 15:45:58', '2015-06-12 01:45:58'),
(31, 84, 'TEMAX', 'S', '2015-06-11 15:45:58', '2015-06-12 01:45:58'),
(31, 85, 'TEMOZON', 'S', '2015-06-11 15:45:58', '2015-06-12 01:45:58'),
(31, 86, 'TEPAKAN', 'S', '2015-06-11 15:45:58', '2015-06-12 01:45:58'),
(31, 87, 'TETIZ', 'S', '2015-06-11 15:45:58', '2015-06-12 01:45:58'),
(31, 88, 'TEYA', 'S', '2015-06-11 15:45:58', '2015-06-12 01:45:58'),
(31, 89, 'TICUL', 'S', '2015-06-11 15:45:58', '2015-06-12 01:45:58'),
(31, 90, 'TIMUCUY', 'S', '2015-06-11 15:45:58', '2015-06-12 01:45:58'),
(31, 91, 'TINUM', 'S', '2015-06-11 15:45:58', '2015-06-12 01:45:58'),
(31, 92, 'TIXCACALCUPUL', 'S', '2015-06-11 15:45:58', '2015-06-12 01:45:58'),
(31, 93, 'TIXKOKOB', 'S', '2015-06-11 15:45:58', '2015-06-12 01:45:58'),
(31, 94, 'TIXMEHUAC', 'S', '2015-06-11 15:45:58', '2015-06-12 01:45:58'),
(31, 95, 'TIXPEHUAL', 'S', '2015-06-11 15:45:58', '2015-06-12 01:45:58'),
(31, 96, 'TIZIMIN', 'S', '2015-06-11 15:45:58', '2015-06-12 01:45:58'),
(31, 97, 'TUNKAS', 'S', '2015-06-11 15:45:58', '2015-06-12 01:45:58'),
(31, 98, 'TZUCACAB', 'S', '2015-06-11 15:45:58', '2015-06-12 01:45:58'),
(31, 99, 'UAYMA', 'S', '2015-06-11 15:45:58', '2015-06-12 01:45:58'),
(31, 100, 'UCU', 'S', '2015-06-11 15:45:58', '2015-06-12 01:45:58'),
(31, 101, 'UMAN', 'S', '2015-06-11 15:45:58', '2015-06-12 01:45:58'),
(31, 102, 'VALLADOLID', 'S', '2015-06-11 15:45:58', '2015-06-12 01:45:58'),
(31, 103, 'XOCCHEL', 'S', '2015-06-11 15:45:58', '2015-06-12 01:45:58'),
(31, 104, 'YAXCABA', 'S', '2015-06-11 15:45:58', '2015-06-12 01:45:58'),
(31, 105, 'YAXKUKUL', 'S', '2015-06-11 15:45:58', '2015-06-12 01:45:58'),
(31, 106, 'YOBAIN', 'S', '2015-06-11 15:45:58', '2015-06-12 01:45:58'),
(32, 1, 'APOZOL', 'S', '2015-06-11 15:45:58', '2015-06-12 01:45:58'),
(32, 2, 'APULCO', 'S', '2015-06-11 15:45:58', '2015-06-12 01:45:58'),
(32, 3, 'ATOLINGA', 'S', '2015-06-11 15:45:58', '2015-06-12 01:45:58'),
(32, 4, 'BENITO JUAREZ', 'S', '2015-06-11 15:45:58', '2015-06-12 01:45:58'),
(32, 5, 'CALERA', 'S', '2015-06-11 15:45:58', '2015-06-12 01:45:58'),
(32, 6, 'CA¾ITAS DE FELIPE PESCADOR', 'S', '2015-06-11 15:45:58', '2015-06-12 01:45:58'),
(32, 7, 'CONCEPCION DEL ORO', 'S', '2015-06-11 15:45:58', '2015-06-12 01:45:58'),
(32, 8, 'CUAUHTEMOC', 'S', '2015-06-11 15:45:58', '2015-06-12 01:45:58'),
(32, 9, 'CHALCHIHUITES', 'S', '2015-06-11 15:45:58', '2015-06-12 01:45:58'),
(32, 10, 'FRESNILLO', 'S', '2015-06-11 15:45:58', '2015-06-12 01:45:58'),
(32, 11, 'TRINIDAD GARCIA DE LA CADENA', 'S', '2015-06-11 15:45:58', '2015-06-12 01:45:58'),
(32, 12, 'GENARO CODINA', 'S', '2015-06-11 15:45:58', '2015-06-12 01:45:58'),
(32, 13, 'GENERAL ENRIQUE ESTRADA', 'S', '2015-06-11 15:45:58', '2015-06-12 01:45:58'),
(32, 14, 'GENERAL FRANCISCO R. MURGUIA', 'S', '2015-06-11 15:45:58', '2015-06-12 01:45:58'),
(32, 15, 'EL PLATEADO DE JOAQUIN AMARO', 'S', '2015-06-11 15:45:58', '2015-06-12 01:45:58'),
(32, 16, 'GENERAL PANFILO NATERA', 'S', '2015-06-11 15:45:58', '2015-06-12 01:45:58'),
(32, 17, 'GUADALUPE', 'S', '2015-06-11 15:45:58', '2015-06-12 01:45:58'),
(32, 57, 'TRANCOSO', 'S', '2015-06-11 15:45:58', '2015-06-12 01:45:58'),
(32, 18, 'HUANUSCO', 'S', '2015-06-11 15:45:58', '2015-06-12 01:45:58'),
(32, 19, 'JALPA', 'S', '2015-06-11 15:45:58', '2015-06-12 01:45:58'),
(32, 20, 'JEREZ', 'S', '2015-06-11 15:45:58', '2015-06-12 01:45:58'),
(32, 21, 'JIMENEZ DEL TEUL', 'S', '2015-06-11 15:45:58', '2015-06-12 01:45:58'),
(32, 22, 'JUAN ALDAMA', 'S', '2015-06-11 15:45:58', '2015-06-12 01:45:58'),
(32, 23, 'JUCHIPILA', 'S', '2015-06-11 15:45:58', '2015-06-12 01:45:58'),
(32, 24, 'LORETO', 'S', '2015-06-11 15:45:58', '2015-06-12 01:45:58'),
(32, 25, 'LUIS MOYA', 'S', '2015-06-11 15:45:58', '2015-06-12 01:45:58'),
(32, 26, 'MAZAPIL', 'S', '2015-06-11 15:45:58', '2015-06-12 01:45:58'),
(32, 27, 'MELCHOR OCAMPO', 'S', '2015-06-11 15:45:58', '2015-06-12 01:45:58'),
(32, 28, 'MEZQUITAL DEL ORO', 'S', '2015-06-11 15:45:58', '2015-06-12 01:45:58'),
(32, 29, 'MIGUEL AUZA', 'S', '2015-06-11 15:45:58', '2015-06-12 01:45:58'),
(32, 30, 'MOMAX', 'S', '2015-06-11 15:45:58', '2015-06-12 01:45:58'),
(32, 31, 'MONTE ESCOBEDO', 'S', '2015-06-11 15:45:58', '2015-06-12 01:45:58'),
(32, 32, 'MORELOS', 'S', '2015-06-11 15:45:58', '2015-06-12 01:45:58'),
(32, 33, 'MOYAHUA DE ESTRADA', 'S', '2015-06-11 15:45:58', '2015-06-12 01:45:58'),
(32, 34, 'NOCHISTLAN DE MEJIA', 'S', '2015-06-11 15:45:58', '2015-06-12 01:45:58'),
(32, 35, 'NORIA DE ANGELES', 'S', '2015-06-11 15:45:58', '2015-06-12 01:45:58'),
(32, 36, 'OJOCALIENTE', 'S', '2015-06-11 15:45:58', '2015-06-12 01:45:58'),
(32, 37, 'PANUCO', 'S', '2015-06-11 15:45:58', '2015-06-12 01:45:58'),
(32, 38, 'PINOS', 'S', '2015-06-11 15:45:58', '2015-06-12 01:45:58'),
(32, 39, 'RIO GRANDE', 'S', '2015-06-11 15:45:58', '2015-06-12 01:45:58'),
(32, 40, 'SAIN ALTO', 'S', '2015-06-11 15:45:58', '2015-06-12 01:45:58'),
(32, 41, 'EL SALVADOR', 'S', '2015-06-11 15:45:58', '2015-06-12 01:45:58'),
(32, 42, 'SOMBRERETE', 'S', '2015-06-11 15:45:58', '2015-06-12 01:45:58'),
(32, 43, 'SUSTICACAN', 'S', '2015-06-11 15:45:58', '2015-06-12 01:45:58'),
(32, 44, 'TABASCO', 'S', '2015-06-11 15:45:58', '2015-06-12 01:45:58'),
(32, 45, 'TEPECHITLAN', 'S', '2015-06-11 15:45:58', '2015-06-12 01:45:58'),
(32, 46, 'TEPETONGO', 'S', '2015-06-11 15:45:58', '2015-06-12 01:45:58'),
(32, 47, 'TEUL DE GONZALEZ ORTEGA', 'S', '2015-06-11 15:45:58', '2015-06-12 01:45:58'),
(32, 58, 'SANTA MARIA DE LA PAZ', 'S', '2015-06-11 15:45:58', '2015-06-12 01:45:58'),
(32, 48, 'TLALTENANGO DE SANCHEZ ROMAN', 'S', '2015-06-11 15:45:58', '2015-06-12 01:45:58'),
(32, 49, 'VALPARAISO', 'S', '2015-06-11 15:45:58', '2015-06-12 01:45:58'),
(32, 50, 'VETAGRANDE', 'S', '2015-06-11 15:45:58', '2015-06-12 01:45:58'),
(32, 51, 'VILLA DE COS', 'S', '2015-06-11 15:45:58', '2015-06-12 01:45:58'),
(32, 52, 'VILLA GARCIA', 'S', '2015-06-11 15:45:58', '2015-06-12 01:45:58'),
(32, 53, 'VILLA GONZALEZ ORTEGA', 'S', '2015-06-11 15:45:58', '2015-06-12 01:45:58'),
(32, 54, 'VILLA HIDALGO', 'S', '2015-06-11 15:45:58', '2015-06-12 01:45:58'),
(32, 55, 'VILLANUEVA', 'S', '2015-06-11 15:45:58', '2015-06-12 01:45:58'),
(32, 56, 'ZACATECAS', 'S', '2015-06-11 15:45:58', '2015-06-12 01:45:58');

-- --------------------------------------------------------

--
-- Estructura de tabla para la tabla `municipios`
--

CREATE TABLE `municipios` (
  `id` int(11) NOT NULL auto_increment,
  `estado_id` int(11) NOT NULL COMMENT 'Relaci«n con estados',
  `clave` varchar(3) NOT NULL,
  `nombre` varchar(50) NOT NULL,
  `sigla` varchar(4) NOT NULL,
  PRIMARY KEY  (`id`),
  KEY `estado_id` (`estado_id`)
) ENGINE=MyISAM  DEFAULT CHARSET=latin1 COMMENT='Tabla de Municipios de la Republica Mexicana' AUTO_INCREMENT=2493 ;

--
-- Volcar la base de datos para la tabla `municipios`
--

INSERT INTO `municipios` (`id`, `estado_id`, `clave`, `nombre`, `sigla`) VALUES
(1, 1, '001', 'Aguascalientes', ''),
(2, 1, '002', 'Asientos', ''),
(3, 1, '003', 'Calvillo', ''),
(4, 1, '004', 'Cosio', ''),
(5, 1, '005', 'Jesus Maria', ''),
(6, 1, '006', 'Pabellon de Arteaga', ''),
(7, 1, '007', 'Rincon de Romos', ''),
(8, 1, '008', 'San Jose de Gracia', ''),
(9, 1, '009', 'Tepezala', ''),
(10, 1, '010', 'El Llano', ''),
(11, 1, '011', 'San Francisco de los Romo', ''),
(12, 2, '001', 'Ensenada', ''),
(13, 2, '002', 'Mexicali', ''),
(14, 2, '003', 'Tecate', ''),
(15, 2, '004', 'Tijuana', ''),
(16, 2, '005', 'Playas de Rosarito', ''),
(17, 3, '001', 'Comondu', ''),
(18, 3, '002', 'Mulege', ''),
(19, 3, '003', 'La Paz', ''),
(20, 3, '008', 'Los Cabos', ''),
(21, 3, '009', 'Loreto', ''),
(22, 4, '001', 'Calkini', ''),
(23, 4, '002', 'Campeche', ''),
(24, 4, '003', 'Carmen', ''),
(25, 4, '004', 'Champoton', ''),
(26, 4, '005', 'Hecelchakan', ''),
(27, 4, '006', 'Hopelchen', ''),
(28, 4, '007', 'Palizada', ''),
(29, 4, '008', 'Tenabo', ''),
(30, 4, '009', 'Escarcega', ''),
(31, 4, '010', 'Calakmul', ''),
(32, 4, '011', 'Candelaria', ''),
(33, 5, '001', 'Abasolo', ''),
(34, 5, '002', 'Acu¤a', ''),
(35, 5, '003', 'Allende', ''),
(36, 5, '004', 'Arteaga', ''),
(37, 5, '005', 'Candela', ''),
(38, 5, '006', 'Casta¤os', ''),
(39, 5, '007', 'Cuatro Cienegas', ''),
(40, 5, '008', 'Escobedo', ''),
(41, 5, '009', 'Francisco I. Madero', ''),
(42, 5, '010', 'Frontera', ''),
(43, 5, '011', 'General Cepeda', ''),
(44, 5, '012', 'Guerrero', ''),
(45, 5, '013', 'Hidalgo', ''),
(46, 5, '014', 'Jimenez', ''),
(47, 5, '015', 'Juarez', ''),
(48, 5, '016', 'Lamadrid', ''),
(49, 5, '017', 'Matamoros', ''),
(50, 5, '018', 'Monclova', ''),
(51, 5, '019', 'Morelos', ''),
(52, 5, '020', 'Muzquiz', ''),
(53, 5, '021', 'Nadadores', ''),
(54, 5, '022', 'Nava', ''),
(55, 5, '023', 'Ocampo', ''),
(56, 5, '024', 'Parras', ''),
(57, 5, '025', 'Piedras Negras', ''),
(58, 5, '026', 'Progreso', ''),
(59, 5, '027', 'Ramos Arizpe', ''),
(60, 5, '028', 'Sabinas', ''),
(61, 5, '029', 'Sacramento', ''),
(62, 5, '030', 'Saltillo', ''),
(63, 5, '031', 'San Buenaventura', ''),
(64, 5, '032', 'San Juan de Sabinas', ''),
(65, 5, '033', 'San Pedro', ''),
(66, 5, '034', 'Sierra Mojada', ''),
(67, 5, '035', 'Torreon', ''),
(68, 5, '036', 'Viesca', ''),
(69, 5, '037', 'Villa Union', ''),
(70, 5, '038', 'Zaragoza', ''),
(71, 6, '001', 'Armeria', ''),
(72, 6, '002', 'Colima', ''),
(73, 6, '003', 'Comala', ''),
(74, 6, '004', 'Coquimatlan', ''),
(75, 6, '005', 'Cuauhtemoc', ''),
(76, 6, '006', 'Ixtlahuacan', ''),
(77, 6, '007', 'Manzanillo', ''),
(78, 6, '008', 'Minatitlan', ''),
(79, 6, '009', 'Tecoman', ''),
(80, 6, '010', 'Villa de µlvarez', ''),
(81, 7, '001', 'Acacoyagua', ''),
(82, 7, '002', 'Acala', ''),
(83, 7, '003', 'Acapetahua', ''),
(84, 7, '004', 'Altamirano', ''),
(85, 7, '005', 'Amatan', ''),
(86, 7, '006', 'Amatenango de la Frontera', ''),
(87, 7, '007', 'Amatenango del Valle', ''),
(88, 7, '008', 'Angel Albino Corzo', ''),
(89, 7, '009', 'Arriaga', ''),
(90, 7, '010', 'Bejucal de Ocampo', ''),
(91, 7, '011', 'Bella Vista', ''),
(92, 7, '012', 'Berriozabal', ''),
(93, 7, '013', 'Bochil', ''),
(94, 7, '014', 'El Bosque', ''),
(95, 7, '015', 'Cacahoatan', ''),
(96, 7, '016', 'Catazaja', ''),
(97, 7, '017', 'Cintalapa', ''),
(98, 7, '018', 'Coapilla', ''),
(99, 7, '019', 'Comitan de Dominguez', ''),
(100, 7, '020', 'La Concordia', ''),
(101, 7, '021', 'Copainala', ''),
(102, 7, '022', 'Chalchihuitan', ''),
(103, 7, '023', 'Chamula', ''),
(104, 7, '024', 'Chanal', ''),
(105, 7, '025', 'Chapultenango', ''),
(106, 7, '026', 'Chenalho', ''),
(107, 7, '027', 'Chiapa de Corzo', ''),
(108, 7, '028', 'Chiapilla', ''),
(109, 7, '029', 'Chicoasen', ''),
(110, 7, '030', 'Chicomuselo', ''),
(111, 7, '031', 'Chilon', ''),
(112, 7, '032', 'Escuintla', ''),
(113, 7, '033', 'Francisco Leon', ''),
(114, 7, '034', 'Frontera Comalapa', ''),
(115, 7, '035', 'Frontera Hidalgo', ''),
(116, 7, '036', 'La Grandeza', ''),
(117, 7, '037', 'Huehuetan', ''),
(118, 7, '038', 'Huixtan', ''),
(119, 7, '039', 'Huitiupan', ''),
(120, 7, '040', 'Huixtla', ''),
(121, 7, '041', 'La Independencia', ''),
(122, 7, '042', 'Ixhuatan', ''),
(123, 7, '043', 'Ixtacomitan', ''),
(124, 7, '044', 'Ixtapa', ''),
(125, 7, '045', 'Ixtapangajoya', ''),
(126, 7, '046', 'Jiquipilas', ''),
(127, 7, '047', 'Jitotol', ''),
(128, 7, '048', 'Juarez', ''),
(129, 7, '049', 'Larrainzar', ''),
(130, 7, '050', 'La Libertad', ''),
(131, 7, '051', 'Mapastepec', ''),
(132, 7, '052', 'Las Margaritas', ''),
(133, 7, '053', 'Mazapa de Madero', ''),
(134, 7, '054', 'Mazatan', ''),
(135, 7, '055', 'Metapa', ''),
(136, 7, '056', 'Mitontic', ''),
(137, 7, '057', 'Motozintla', ''),
(138, 7, '058', 'Nicolas Ruiz', ''),
(139, 7, '059', 'Ocosingo', ''),
(140, 7, '060', 'Ocotepec', ''),
(141, 7, '061', 'Ocozocoautla de Espinosa', ''),
(142, 7, '062', 'Ostuacan', ''),
(143, 7, '063', 'Osumacinta', ''),
(144, 7, '064', 'Oxchuc', ''),
(145, 7, '065', 'Palenque', ''),
(146, 7, '066', 'Pantelho', ''),
(147, 7, '067', 'Pantepec', ''),
(148, 7, '068', 'Pichucalco', ''),
(149, 7, '069', 'Pijijiapan', ''),
(150, 7, '070', 'El Porvenir', ''),
(151, 7, '071', 'Villa Comaltitlan', ''),
(152, 7, '072', 'Pueblo Nuevo Solistahuacan', ''),
(153, 7, '073', 'Rayon', ''),
(154, 7, '074', 'Reforma', ''),
(155, 7, '075', 'Las Rosas', ''),
(156, 7, '076', 'Sabanilla', ''),
(157, 7, '077', 'Salto de Agua', ''),
(158, 7, '078', 'San Cristobal de las Casas', ''),
(159, 7, '079', 'San Fernando', ''),
(160, 7, '080', 'Siltepec', ''),
(161, 7, '081', 'Simojovel', ''),
(162, 7, '082', 'Sitala', ''),
(163, 7, '083', 'Socoltenango', ''),
(164, 7, '084', 'Solosuchiapa', ''),
(165, 7, '085', 'Soyalo', ''),
(166, 7, '086', 'Suchiapa', ''),
(167, 7, '087', 'Suchiate', ''),
(168, 7, '088', 'Sunuapa', ''),
(169, 7, '089', 'Tapachula', ''),
(170, 7, '090', 'Tapalapa', ''),
(171, 7, '091', 'Tapilula', ''),
(172, 7, '092', 'Tecpatan', ''),
(173, 7, '093', 'Tenejapa', ''),
(174, 7, '094', 'Teopisca', ''),
(175, 7, '096', 'Tila', ''),
(176, 7, '097', 'Tonala', ''),
(177, 7, '098', 'Totolapa', ''),
(178, 7, '099', 'La Trinitaria', ''),
(179, 7, '100', 'Tumbala', ''),
(180, 7, '101', 'Tuxtla Gutierrez', ''),
(181, 7, '102', 'Tuxtla Chico', ''),
(182, 7, '103', 'Tuzantan', ''),
(183, 7, '104', 'Tzimol', ''),
(184, 7, '105', 'Union Juarez', ''),
(185, 7, '106', 'Venustiano Carranza', ''),
(186, 7, '107', 'Villa Corzo', ''),
(187, 7, '108', 'Villaflores', ''),
(188, 7, '109', 'Yajalon', ''),
(189, 7, '110', 'San Lucas', ''),
(190, 7, '111', 'Zinacantan', ''),
(191, 7, '112', 'San Juan Cancuc', ''),
(192, 7, '113', 'Aldama', ''),
(193, 7, '114', 'Benemerito de las Americas', ''),
(194, 7, '115', 'Maravilla Tenejapa', ''),
(195, 7, '116', 'Marques de Comillas', ''),
(196, 7, '117', 'Montecristo de Guerrero', ''),
(197, 7, '118', 'San Andres Duraznal', ''),
(198, 7, '119', 'Santiago el Pinar', ''),
(199, 8, '001', 'Ahumada', ''),
(200, 8, '002', 'Aldama', ''),
(201, 8, '003', 'Allende', ''),
(202, 8, '004', 'Aquiles Serdan', ''),
(203, 8, '005', 'Ascension', ''),
(204, 8, '006', 'Bachiniva', ''),
(205, 8, '007', 'Balleza', ''),
(206, 8, '008', 'Batopilas', ''),
(207, 8, '009', 'Bocoyna', ''),
(208, 8, '010', 'Buenaventura', ''),
(209, 8, '011', 'Camargo', ''),
(210, 8, '012', 'Carichi', ''),
(211, 8, '013', 'Casas Grandes', ''),
(212, 8, '014', 'Coronado', ''),
(213, 8, '015', 'Coyame del Sotol', ''),
(214, 8, '016', 'La Cruz', ''),
(215, 8, '017', 'Cuauhtemoc', ''),
(216, 8, '018', 'Cusihuiriachi', ''),
(217, 8, '019', 'Chihuahua', ''),
(218, 8, '020', 'Chinipas', ''),
(219, 8, '021', 'Delicias', ''),
(220, 8, '022', 'Dr. Belisario Dominguez', ''),
(221, 8, '023', 'Galeana', ''),
(222, 8, '024', 'Santa Isabel', ''),
(223, 8, '025', 'Gomez Farias', ''),
(224, 8, '026', 'Gran Morelos', ''),
(225, 8, '027', 'Guachochi', ''),
(226, 8, '028', 'Guadalupe', ''),
(227, 8, '029', 'Guadalupe y Calvo', ''),
(228, 8, '030', 'Guazapares', ''),
(229, 8, '031', 'Guerrero', ''),
(230, 8, '032', 'Hidalgo del Parral', ''),
(231, 8, '033', 'Huejotitan', ''),
(232, 8, '034', 'Ignacio Zaragoza', ''),
(233, 8, '035', 'Janos', ''),
(234, 8, '036', 'Jimenez', ''),
(235, 8, '037', 'Juarez', ''),
(236, 8, '038', 'Julimes', ''),
(237, 8, '039', 'Lopez', ''),
(238, 8, '040', 'Madera', ''),
(239, 8, '041', 'Maguarichi', ''),
(240, 8, '042', 'Manuel Benavides', ''),
(241, 8, '043', 'Matachi', ''),
(242, 8, '044', 'Matamoros', ''),
(243, 8, '045', 'Meoqui', ''),
(244, 8, '046', 'Morelos', ''),
(245, 8, '047', 'Moris', ''),
(246, 8, '048', 'Namiquipa', ''),
(247, 8, '049', 'Nonoava', ''),
(248, 8, '050', 'Nuevo Casas Grandes', ''),
(249, 8, '051', 'Ocampo', ''),
(250, 8, '052', 'Ojinaga', ''),
(251, 8, '053', 'Praxedis G. Guerrero', ''),
(252, 8, '054', 'Riva Palacio', ''),
(253, 8, '055', 'Rosales', ''),
(254, 8, '056', 'Rosario', ''),
(255, 8, '057', 'San Francisco de Borja', ''),
(256, 8, '058', 'San Francisco de Conchos', ''),
(257, 8, '059', 'San Francisco del Oro', ''),
(258, 8, '060', 'Santa Barbara', ''),
(259, 8, '061', 'Satevo', ''),
(260, 8, '062', 'Saucillo', ''),
(261, 8, '063', 'Temosachic', ''),
(262, 8, '064', 'El Tule', ''),
(263, 8, '065', 'Urique', ''),
(264, 8, '066', 'Uruachi', ''),
(265, 8, '067', 'Valle de Zaragoza', ''),
(266, 9, '002', 'Azcapotzalco', ''),
(267, 9, '003', 'Coyoacan', ''),
(268, 9, '004', 'Cuajimalpa de Morelos', ''),
(269, 9, '005', 'Gustavo A. Madero', ''),
(270, 9, '006', 'Iztacalco', ''),
(271, 9, '007', 'Iztapalapa', ''),
(272, 9, '008', 'La Magdalena Contreras', ''),
(273, 9, '009', 'Milpa Alta', ''),
(274, 9, '010', 'µlvaro Obregon', ''),
(275, 9, '011', 'Tlahuac', ''),
(276, 9, '012', 'Tlalpan', ''),
(277, 9, '013', 'Xochimilco', ''),
(278, 9, '014', 'Benito Juarez', ''),
(279, 9, '015', 'Cuauhtemoc', ''),
(280, 9, '016', 'Miguel Hidalgo', ''),
(281, 9, '017', 'Venustiano Carranza', ''),
(282, 10, '001', 'Canatlan', ''),
(283, 10, '002', 'Canelas', ''),
(284, 10, '003', 'Coneto de Comonfort', ''),
(285, 10, '004', 'Cuencame', ''),
(286, 10, '005', 'Durango', ''),
(287, 10, '006', 'General Simon Bolivar', ''),
(288, 10, '007', 'Gomez Palacio', ''),
(289, 10, '008', 'Guadalupe Victoria', ''),
(290, 10, '009', 'Guanacevi', ''),
(291, 10, '010', 'Hidalgo', ''),
(292, 10, '011', 'Inde', ''),
(293, 10, '012', 'Lerdo', ''),
(294, 10, '013', 'Mapimi', ''),
(295, 10, '014', 'Mezquital', ''),
(296, 10, '015', 'Nazas', ''),
(297, 10, '016', 'Nombre de Dios', ''),
(298, 10, '017', 'Ocampo', ''),
(299, 10, '018', 'El Oro', ''),
(300, 10, '019', 'Otaez', ''),
(301, 10, '020', 'Panuco de Coronado', ''),
(302, 10, '021', 'Pe¤on Blanco', ''),
(303, 10, '022', 'Poanas', ''),
(304, 10, '023', 'Pueblo Nuevo', ''),
(305, 10, '024', 'Rodeo', ''),
(306, 10, '025', 'San Bernardo', ''),
(307, 10, '026', 'San Dimas', ''),
(308, 10, '027', 'San Juan de Guadalupe', ''),
(309, 10, '028', 'San Juan del Rio', ''),
(310, 10, '029', 'San Luis del Cordero', ''),
(311, 10, '030', 'San Pedro del Gallo', ''),
(312, 10, '031', 'Santa Clara', ''),
(313, 10, '032', 'Santiago Papasquiaro', ''),
(314, 10, '033', 'Suchil', ''),
(315, 10, '034', 'Tamazula', ''),
(316, 10, '035', 'Tepehuanes', ''),
(317, 10, '036', 'Tlahualilo', ''),
(318, 10, '037', 'Topia', ''),
(319, 10, '038', 'Vicente Guerrero', ''),
(320, 10, '039', 'Nuevo Ideal', ''),
(321, 11, '001', 'Abasolo', ''),
(322, 11, '002', 'Acambaro', ''),
(323, 11, '003', 'San Miguel de Allende', ''),
(324, 11, '004', 'Apaseo el Alto', ''),
(325, 11, '005', 'Apaseo el Grande', ''),
(326, 11, '006', 'Atarjea', ''),
(327, 11, '007', 'Celaya', ''),
(328, 11, '008', 'Manuel Doblado', ''),
(329, 11, '009', 'Comonfort', ''),
(330, 11, '010', 'Coroneo', ''),
(331, 11, '011', 'Cortazar', ''),
(332, 11, '012', 'Cueramaro', ''),
(333, 11, '013', 'Doctor Mora', ''),
(334, 11, '014', 'Dolores Hidalgo Cuna de la Independencia Nacional', ''),
(335, 11, '015', 'Guanajuato', ''),
(336, 11, '016', 'Huanimaro', ''),
(337, 11, '017', 'Irapuato', ''),
(338, 11, '018', 'Jaral del Progreso', ''),
(339, 11, '019', 'Jerecuaro', ''),
(340, 11, '020', 'Leon', ''),
(341, 11, '021', 'Moroleon', ''),
(342, 11, '022', 'Ocampo', ''),
(343, 11, '023', 'Penjamo', ''),
(344, 11, '024', 'Pueblo Nuevo', ''),
(345, 11, '025', 'Purisima del Rincon', ''),
(346, 11, '026', 'Romita', ''),
(347, 11, '027', 'Salamanca', ''),
(348, 11, '028', 'Salvatierra', ''),
(349, 11, '029', 'San Diego de la Union', ''),
(350, 11, '030', 'San Felipe', ''),
(351, 11, '031', 'San Francisco del Rincon', ''),
(352, 11, '032', 'San Jose Iturbide', ''),
(353, 11, '033', 'San Luis de la Paz', ''),
(354, 11, '034', 'Santa Catarina', ''),
(355, 11, '035', 'Santa Cruz de Juventino Rosas', ''),
(356, 11, '036', 'Santiago Maravatio', ''),
(357, 11, '037', 'Silao', ''),
(358, 11, '038', 'Tarandacuao', ''),
(359, 11, '039', 'Tarimoro', ''),
(360, 11, '040', 'Tierra Blanca', ''),
(361, 11, '041', 'Uriangato', ''),
(362, 11, '042', 'Valle de Santiago', ''),
(363, 11, '043', 'Victoria', ''),
(364, 11, '044', 'Villagran', ''),
(365, 11, '045', 'Xichu', ''),
(366, 11, '046', 'Yuriria', ''),
(367, 12, '001', 'Acapulco de Juarez', ''),
(368, 12, '002', 'Ahuacuotzingo', ''),
(369, 12, '003', 'Ajuchitlan del Progreso', ''),
(370, 12, '004', 'Alcozauca de Guerrero', ''),
(371, 12, '005', 'Alpoyeca', ''),
(372, 12, '006', 'Apaxtla', ''),
(373, 12, '007', 'Arcelia', ''),
(374, 12, '008', 'Atenango del Rio', ''),
(375, 12, '009', 'Atlamajalcingo del Monte', ''),
(376, 12, '010', 'Atlixtac', ''),
(377, 12, '011', 'Atoyac de µlvarez', ''),
(378, 12, '012', 'Ayutla de los Libres', ''),
(379, 12, '013', 'Azoyu', ''),
(380, 12, '014', 'Benito Juarez', ''),
(381, 12, '015', 'Buenavista de Cuellar', ''),
(382, 12, '016', 'Coahuayutla de Jose Maria Izazaga', ''),
(383, 12, '017', 'Cocula', ''),
(384, 12, '018', 'Copala', ''),
(385, 12, '019', 'Copalillo', ''),
(386, 12, '020', 'Copanatoyac', ''),
(387, 12, '021', 'Coyuca de Benitez', ''),
(388, 12, '022', 'Coyuca de Catalan', ''),
(389, 12, '023', 'Cuajinicuilapa', ''),
(390, 12, '024', 'Cualac', ''),
(391, 12, '025', 'Cuautepec', ''),
(392, 12, '026', 'Cuetzala del Progreso', ''),
(393, 12, '027', 'Cutzamala de Pinzon', ''),
(394, 12, '028', 'Chilapa de µlvarez', ''),
(395, 12, '029', 'Chilpancingo de los Bravo', ''),
(396, 12, '030', 'Florencio Villarreal', ''),
(397, 12, '031', 'General Canuto A. Neri', ''),
(398, 12, '032', 'General Heliodoro Castillo', ''),
(399, 12, '033', 'Huamuxtitlan', ''),
(400, 12, '034', 'Huitzuco de los Figueroa', ''),
(401, 12, '035', 'Iguala de la Independencia', ''),
(402, 12, '036', 'Igualapa', ''),
(403, 12, '037', 'Ixcateopan de Cuauhtemoc', ''),
(404, 12, '038', 'Zihuatanejo de Azueta', ''),
(405, 12, '039', 'Juan R. Escudero', ''),
(406, 12, '040', 'Leonardo Bravo', ''),
(407, 12, '041', 'Malinaltepec', ''),
(408, 12, '042', 'Martir de Cuilapan', ''),
(409, 12, '043', 'Metlatonoc', ''),
(410, 12, '044', 'Mochitlan', ''),
(411, 12, '045', 'Olinala', ''),
(412, 12, '046', 'Ometepec', ''),
(413, 12, '047', 'Pedro Ascencio Alquisiras', ''),
(414, 12, '048', 'Petatlan', ''),
(415, 12, '049', 'Pilcaya', ''),
(416, 12, '050', 'Pungarabato', ''),
(417, 12, '051', 'Quechultenango', ''),
(418, 12, '052', 'San Luis Acatlan', ''),
(419, 12, '053', 'San Marcos', ''),
(420, 12, '054', 'San Miguel Totolapan', ''),
(421, 12, '055', 'Taxco de Alarcon', ''),
(422, 12, '056', 'Tecoanapa', ''),
(423, 12, '057', 'Tecpan de Galeana', ''),
(424, 12, '058', 'Teloloapan', ''),
(425, 12, '059', 'Tepecoacuilco de Trujano', ''),
(426, 12, '060', 'Tetipac', ''),
(427, 12, '061', 'Tixtla de Guerrero', ''),
(428, 12, '062', 'Tlacoachistlahuaca', ''),
(429, 12, '063', 'Tlacoapa', ''),
(430, 12, '064', 'Tlalchapa', ''),
(431, 12, '065', 'Tlalixtaquilla de Maldonado', ''),
(432, 12, '066', 'Tlapa de Comonfort', ''),
(433, 12, '067', 'Tlapehuala', ''),
(434, 12, '068', 'La Union de Isidoro Montes de Oca', ''),
(435, 12, '069', 'Xalpatlahuac', ''),
(436, 12, '070', 'Xochihuehuetlan', ''),
(437, 12, '071', 'Xochistlahuaca', ''),
(438, 12, '072', 'Zapotitlan Tablas', ''),
(439, 12, '073', 'Zirandaro', ''),
(440, 12, '074', 'Zitlala', ''),
(441, 12, '075', 'Eduardo Neri', ''),
(442, 12, '076', 'Acatepec', ''),
(443, 12, '077', 'Marquelia', ''),
(444, 12, '078', 'Cochoapa el Grande', ''),
(445, 12, '079', 'Jose Joaquin de Herrera', ''),
(446, 12, '080', 'Juchitan', ''),
(447, 12, '081', 'Iliatenco', ''),
(448, 13, '001', 'Acatlan', ''),
(449, 13, '002', 'Acaxochitlan', ''),
(450, 13, '003', 'Actopan', ''),
(451, 13, '004', 'Agua Blanca de Iturbide', ''),
(452, 13, '005', 'Ajacuba', ''),
(453, 13, '006', 'Alfajayucan', ''),
(454, 13, '007', 'Almoloya', ''),
(455, 13, '008', 'Apan', ''),
(456, 13, '009', 'El Arenal', ''),
(457, 13, '010', 'Atitalaquia', ''),
(458, 13, '011', 'Atlapexco', ''),
(459, 13, '012', 'Atotonilco el Grande', ''),
(460, 13, '013', 'Atotonilco de Tula', ''),
(461, 13, '014', 'Calnali', ''),
(462, 13, '015', 'Cardonal', ''),
(463, 13, '016', 'Cuautepec de Hinojosa', ''),
(464, 13, '017', 'Chapantongo', ''),
(465, 13, '018', 'Chapulhuacan', ''),
(466, 13, '019', 'Chilcuautla', ''),
(467, 13, '020', 'Eloxochitlan', ''),
(468, 13, '021', 'Emiliano Zapata', ''),
(469, 13, '022', 'Epazoyucan', ''),
(470, 13, '023', 'Francisco I. Madero', ''),
(471, 13, '024', 'Huasca de Ocampo', ''),
(472, 13, '025', 'Huautla', ''),
(473, 13, '026', 'Huazalingo', ''),
(474, 13, '027', 'Huehuetla', ''),
(475, 13, '028', 'Huejutla de Reyes', ''),
(476, 13, '029', 'Huichapan', ''),
(477, 13, '030', 'Ixmiquilpan', ''),
(478, 13, '031', 'Jacala de Ledezma', ''),
(479, 13, '032', 'Jaltocan', ''),
(480, 13, '033', 'Juarez Hidalgo', ''),
(481, 13, '034', 'Lolotla', ''),
(482, 13, '035', 'Metepec', ''),
(483, 13, '036', 'San Agustin Metzquititlan', ''),
(484, 13, '037', 'Metztitlan', ''),
(485, 13, '038', 'Mineral del Chico', ''),
(486, 13, '039', 'Mineral del Monte', ''),
(487, 13, '040', 'La Mision', ''),
(488, 13, '041', 'Mixquiahuala de Juarez', ''),
(489, 13, '042', 'Molango de Escamilla', ''),
(490, 13, '043', 'Nicolas Flores', ''),
(491, 13, '044', 'Nopala de Villagran', ''),
(492, 13, '045', 'Omitlan de Juarez', ''),
(493, 13, '046', 'San Felipe Orizatlan', ''),
(494, 13, '047', 'Pacula', ''),
(495, 13, '048', 'Pachuca de Soto', ''),
(496, 13, '049', 'Pisaflores', ''),
(497, 13, '050', 'Progreso de Obregon', ''),
(498, 13, '051', 'Mineral de la Reforma', ''),
(499, 13, '052', 'San Agustin Tlaxiaca', ''),
(500, 13, '053', 'San Bartolo Tutotepec', ''),
(501, 13, '054', 'San Salvador', ''),
(502, 13, '055', 'Santiago de Anaya', ''),
(503, 13, '056', 'Santiago Tulantepec de Lugo Guerrero', ''),
(504, 13, '057', 'Singuilucan', ''),
(505, 13, '058', 'Tasquillo', ''),
(506, 13, '059', 'Tecozautla', ''),
(507, 13, '060', 'Tenango de Doria', ''),
(508, 13, '061', 'Tepeapulco', ''),
(509, 13, '062', 'Tepehuacan de Guerrero', ''),
(510, 13, '063', 'Tepeji del Rio de Ocampo', ''),
(511, 13, '064', 'Tepetitlan', ''),
(512, 13, '065', 'Tetepango', ''),
(513, 13, '066', 'Villa de Tezontepec', ''),
(514, 13, '067', 'Tezontepec de Aldama', ''),
(515, 13, '068', 'Tianguistengo', ''),
(516, 13, '069', 'Tizayuca', ''),
(517, 13, '070', 'Tlahuelilpan', ''),
(518, 13, '071', 'Tlahuiltepa', ''),
(519, 13, '072', 'Tlanalapa', ''),
(520, 13, '073', 'Tlanchinol', ''),
(521, 13, '074', 'Tlaxcoapan', ''),
(522, 13, '075', 'Tolcayuca', ''),
(523, 13, '076', 'Tula de Allende', ''),
(524, 13, '077', 'Tulancingo de Bravo', ''),
(525, 13, '078', 'Xochiatipan', ''),
(526, 13, '079', 'Xochicoatlan', ''),
(527, 13, '080', 'Yahualica', ''),
(528, 13, '081', 'Zacualtipan de µngeles', ''),
(529, 13, '082', 'Zapotlan de Juarez', ''),
(530, 13, '083', 'Zempoala', ''),
(531, 13, '084', 'Zimapan', ''),
(532, 14, '001', 'Acatic', ''),
(533, 14, '002', 'Acatlan de Juarez', ''),
(534, 14, '003', 'Ahualulco de Mercado', ''),
(535, 14, '004', 'Amacueca', ''),
(536, 14, '005', 'Amatitan', ''),
(537, 14, '006', 'Ameca', ''),
(538, 14, '007', 'San Juanito de Escobedo', ''),
(539, 14, '008', 'Arandas', ''),
(540, 14, '009', 'El Arenal', ''),
(541, 14, '010', 'Atemajac de Brizuela', ''),
(542, 14, '011', 'Atengo', ''),
(543, 14, '012', 'Atenguillo', ''),
(544, 14, '013', 'Atotonilco el Alto', ''),
(545, 14, '014', 'Atoyac', ''),
(546, 14, '015', 'Autlan de Navarro', ''),
(547, 14, '016', 'Ayotlan', ''),
(548, 14, '017', 'Ayutla', ''),
(549, 14, '018', 'La Barca', ''),
(550, 14, '019', 'Bola¤os', ''),
(551, 14, '020', 'Cabo Corrientes', ''),
(552, 14, '021', 'Casimiro Castillo', ''),
(553, 14, '022', 'Cihuatlan', ''),
(554, 14, '023', 'Zapotlan el Grande', ''),
(555, 14, '024', 'Cocula', ''),
(556, 14, '025', 'Colotlan', ''),
(557, 14, '026', 'Concepcion de Buenos Aires', ''),
(558, 14, '027', 'Cuautitlan de Garcia Barragan', ''),
(559, 14, '028', 'Cuautla', ''),
(560, 14, '029', 'Cuquio', ''),
(561, 14, '030', 'Chapala', ''),
(562, 14, '031', 'Chimaltitan', ''),
(563, 14, '032', 'Chiquilistlan', ''),
(564, 14, '033', 'Degollado', ''),
(565, 14, '034', 'Ejutla', ''),
(566, 14, '035', 'Encarnacion de Diaz', ''),
(567, 14, '036', 'Etzatlan', ''),
(568, 14, '037', 'El Grullo', ''),
(569, 14, '038', 'Guachinango', ''),
(570, 14, '039', 'Guadalajara', ''),
(571, 14, '040', 'Hostotipaquillo', ''),
(572, 14, '041', 'Huejucar', ''),
(573, 14, '042', 'Huejuquilla el Alto', ''),
(574, 14, '043', 'La Huerta', ''),
(575, 14, '044', 'Ixtlahuacan de los Membrillos', ''),
(576, 14, '045', 'Ixtlahuacan del Rio', ''),
(577, 14, '046', 'Jalostotitlan', ''),
(578, 14, '047', 'Jamay', ''),
(579, 14, '048', 'Jesus Maria', ''),
(580, 14, '049', 'Jilotlan de los Dolores', ''),
(581, 14, '050', 'Jocotepec', ''),
(582, 14, '051', 'Juanacatlan', ''),
(583, 14, '052', 'Juchitlan', ''),
(584, 14, '053', 'Lagos de Moreno', ''),
(585, 14, '054', 'El Limon', ''),
(586, 14, '055', 'Magdalena', ''),
(587, 14, '056', 'Santa Maria del Oro', ''),
(588, 14, '057', 'La Manzanilla de la Paz', ''),
(589, 14, '058', 'Mascota', ''),
(590, 14, '059', 'Mazamitla', ''),
(591, 14, '060', 'Mexticacan', ''),
(592, 14, '061', 'Mezquitic', ''),
(593, 14, '062', 'Mixtlan', ''),
(594, 14, '063', 'Ocotlan', ''),
(595, 14, '064', 'Ojuelos de Jalisco', ''),
(596, 14, '065', 'Pihuamo', ''),
(597, 14, '066', 'Poncitlan', ''),
(598, 14, '067', 'Puerto Vallarta', ''),
(599, 14, '068', 'Villa Purificacion', ''),
(600, 14, '069', 'Quitupan', ''),
(601, 14, '070', 'El Salto', ''),
(602, 14, '071', 'San Cristobal de la Barranca', ''),
(603, 14, '072', 'San Diego de Alejandria', ''),
(604, 14, '073', 'San Juan de los Lagos', ''),
(605, 14, '074', 'San Julian', ''),
(606, 14, '075', 'San Marcos', ''),
(607, 14, '076', 'San Martin de Bola¤os', ''),
(608, 14, '077', 'San Martin Hidalgo', ''),
(609, 14, '078', 'San Miguel el Alto', ''),
(610, 14, '079', 'Gomez Farias', ''),
(611, 14, '080', 'San Sebastian del Oeste', ''),
(612, 14, '081', 'Santa Maria de los µngeles', ''),
(613, 14, '082', 'Sayula', ''),
(614, 14, '083', 'Tala', ''),
(615, 14, '084', 'Talpa de Allende', ''),
(616, 14, '085', 'Tamazula de Gordiano', ''),
(617, 14, '086', 'Tapalpa', ''),
(618, 14, '087', 'Tecalitlan', ''),
(619, 14, '088', 'Tecolotlan', ''),
(620, 14, '089', 'Techaluta de Montenegro', ''),
(621, 14, '090', 'Tenamaxtlan', ''),
(622, 14, '091', 'Teocaltiche', ''),
(623, 14, '092', 'Teocuitatlan de Corona', ''),
(624, 14, '093', 'Tepatitlan de Morelos', ''),
(625, 14, '094', 'Tequila', ''),
(626, 14, '095', 'Teuchitlan', ''),
(627, 14, '096', 'Tizapan el Alto', ''),
(628, 14, '097', 'Tlajomulco de Zu¤iga', ''),
(629, 14, '098', 'San Pedro Tlaquepaque', ''),
(630, 14, '099', 'Toliman', ''),
(631, 14, '100', 'Tomatlan', ''),
(632, 14, '101', 'Tonala', ''),
(633, 14, '102', 'Tonaya', ''),
(634, 14, '103', 'Tonila', ''),
(635, 14, '104', 'Totatiche', ''),
(636, 14, '105', 'Tototlan', ''),
(637, 14, '106', 'Tuxcacuesco', ''),
(638, 14, '107', 'Tuxcueca', ''),
(639, 14, '108', 'Tuxpan', ''),
(640, 14, '109', 'Union de San Antonio', ''),
(641, 14, '110', 'Union de Tula', ''),
(642, 14, '111', 'Valle de Guadalupe', ''),
(643, 14, '112', 'Valle de Juarez', ''),
(644, 14, '113', 'San Gabriel', ''),
(645, 14, '114', 'Villa Corona', ''),
(646, 14, '115', 'Villa Guerrero', ''),
(647, 14, '116', 'Villa Hidalgo', ''),
(648, 14, '117', 'Ca¤adas de Obregon', ''),
(649, 14, '118', 'Yahualica de Gonzalez Gallo', ''),
(650, 14, '119', 'Zacoalco de Torres', ''),
(651, 14, '120', 'Zapopan', ''),
(652, 14, '121', 'Zapotiltic', ''),
(653, 14, '122', 'Zapotitlan de Vadillo', ''),
(654, 14, '123', 'Zapotlan del Rey', ''),
(655, 14, '124', 'Zapotlanejo', ''),
(656, 14, '125', 'San Ignacio Cerro Gordo', ''),
(657, 15, '001', 'Acambay', ''),
(658, 15, '002', 'Acolman', ''),
(659, 15, '003', 'Aculco', ''),
(660, 15, '004', 'Almoloya de Alquisiras', ''),
(661, 15, '005', 'Almoloya de Juarez', ''),
(662, 15, '006', 'Almoloya del Rio', ''),
(663, 15, '007', 'Amanalco', ''),
(664, 15, '008', 'Amatepec', ''),
(665, 15, '009', 'Amecameca', ''),
(666, 15, '010', 'Apaxco', ''),
(667, 15, '011', 'Atenco', ''),
(668, 15, '012', 'Atizapan', ''),
(669, 15, '013', 'Atizapan de Zaragoza', ''),
(670, 15, '014', 'Atlacomulco', ''),
(671, 15, '015', 'Atlautla', ''),
(672, 15, '016', 'Axapusco', ''),
(673, 15, '017', 'Ayapango', ''),
(674, 15, '018', 'Calimaya', ''),
(675, 15, '019', 'Capulhuac', ''),
(676, 15, '020', 'Coacalco de Berriozabal', ''),
(677, 15, '021', 'Coatepec Harinas', ''),
(678, 15, '022', 'Cocotitlan', ''),
(679, 15, '023', 'Coyotepec', ''),
(680, 15, '024', 'Cuautitlan', ''),
(681, 15, '025', 'Chalco', ''),
(682, 15, '026', 'Chapa de Mota', ''),
(683, 15, '027', 'Chapultepec', ''),
(684, 15, '028', 'Chiautla', ''),
(685, 15, '029', 'Chicoloapan', ''),
(686, 15, '030', 'Chiconcuac', ''),
(687, 15, '031', 'Chimalhuacan', ''),
(688, 15, '032', 'Donato Guerra', ''),
(689, 15, '033', 'Ecatepec de Morelos', ''),
(690, 15, '034', 'Ecatzingo', ''),
(691, 15, '035', 'Huehuetoca', ''),
(692, 15, '036', 'Hueypoxtla', ''),
(693, 15, '037', 'Huixquilucan', ''),
(694, 15, '038', 'Isidro Fabela', ''),
(695, 15, '039', 'Ixtapaluca', ''),
(696, 15, '040', 'Ixtapan de la Sal', ''),
(697, 15, '041', 'Ixtapan del Oro', ''),
(698, 15, '042', 'Ixtlahuaca', ''),
(699, 15, '043', 'Xalatlaco', ''),
(700, 15, '044', 'Jaltenco', ''),
(701, 15, '045', 'Jilotepec', ''),
(702, 15, '046', 'Jilotzingo', ''),
(703, 15, '047', 'Jiquipilco', ''),
(704, 15, '048', 'Jocotitlan', ''),
(705, 15, '049', 'Joquicingo', ''),
(706, 15, '050', 'Juchitepec', ''),
(707, 15, '051', 'Lerma', ''),
(708, 15, '052', 'Malinalco', ''),
(709, 15, '053', 'Melchor Ocampo', ''),
(710, 15, '054', 'Metepec', ''),
(711, 15, '055', 'Mexicaltzingo', ''),
(712, 15, '056', 'Morelos', ''),
(713, 15, '057', 'Naucalpan de Juarez', ''),
(714, 15, '058', 'Nezahualcoyotl', ''),
(715, 15, '059', 'Nextlalpan', ''),
(716, 15, '060', 'Nicolas Romero', ''),
(717, 15, '061', 'Nopaltepec', ''),
(718, 15, '062', 'Ocoyoacac', ''),
(719, 15, '063', 'Ocuilan', ''),
(720, 15, '064', 'El Oro', ''),
(721, 15, '065', 'Otumba', ''),
(722, 15, '066', 'Otzoloapan', ''),
(723, 15, '067', 'Otzolotepec', ''),
(724, 15, '068', 'Ozumba', ''),
(725, 15, '069', 'Papalotla', ''),
(726, 15, '070', 'La Paz', ''),
(727, 15, '071', 'Polotitlan', ''),
(728, 15, '072', 'Rayon', ''),
(729, 15, '073', 'San Antonio la Isla', ''),
(730, 15, '074', 'San Felipe del Progreso', ''),
(731, 15, '075', 'San Martin de las Piramides', ''),
(732, 15, '076', 'San Mateo Atenco', ''),
(733, 15, '077', 'San Simon de Guerrero', ''),
(734, 15, '078', 'Santo Tomas', ''),
(735, 15, '079', 'Soyaniquilpan de Juarez', ''),
(736, 15, '080', 'Sultepec', ''),
(737, 15, '081', 'Tecamac', ''),
(738, 15, '082', 'Tejupilco', ''),
(739, 15, '083', 'Temamatla', ''),
(740, 15, '084', 'Temascalapa', ''),
(741, 15, '085', 'Temascalcingo', ''),
(742, 15, '086', 'Temascaltepec', ''),
(743, 15, '087', 'Temoaya', ''),
(744, 15, '088', 'Tenancingo', ''),
(745, 15, '089', 'Tenango del Aire', ''),
(746, 15, '090', 'Tenango del Valle', ''),
(747, 15, '091', 'Teoloyucan', ''),
(748, 15, '092', 'Teotihuacan', ''),
(749, 15, '093', 'Tepetlaoxtoc', ''),
(750, 15, '094', 'Tepetlixpa', ''),
(751, 15, '095', 'Tepotzotlan', ''),
(752, 15, '096', 'Tequixquiac', ''),
(753, 15, '097', 'Texcaltitlan', ''),
(754, 15, '098', 'Texcalyacac', ''),
(755, 15, '099', 'Texcoco', ''),
(756, 15, '100', 'Tezoyuca', ''),
(757, 15, '101', 'Tianguistenco', ''),
(758, 15, '102', 'Timilpan', ''),
(759, 15, '103', 'Tlalmanalco', ''),
(760, 15, '104', 'Tlalnepantla de Baz', ''),
(761, 15, '105', 'Tlatlaya', ''),
(762, 15, '106', 'Toluca', ''),
(763, 15, '107', 'Tonatico', ''),
(764, 15, '108', 'Tultepec', ''),
(765, 15, '109', 'Tultitlan', ''),
(766, 15, '110', 'Valle de Bravo', ''),
(767, 15, '111', 'Villa de Allende', ''),
(768, 15, '112', 'Villa del Carbon', ''),
(769, 15, '113', 'Villa Guerrero', ''),
(770, 15, '114', 'Villa Victoria', ''),
(771, 15, '115', 'Xonacatlan', ''),
(772, 15, '116', 'Zacazonapan', ''),
(773, 15, '117', 'Zacualpan', ''),
(774, 15, '118', 'Zinacantepec', ''),
(775, 15, '119', 'Zumpahuacan', ''),
(776, 15, '120', 'Zumpango', ''),
(777, 15, '121', 'Cuautitlan Izcalli', ''),
(778, 15, '122', 'Valle de Chalco Solidaridad', ''),
(779, 15, '123', 'Luvianos', ''),
(780, 15, '124', 'San Jose del Rincon', ''),
(781, 15, '125', 'Tonanitla', ''),
(782, 16, '001', 'Acuitzio', ''),
(783, 16, '002', 'Aguililla', ''),
(784, 16, '003', 'µlvaro Obregon', ''),
(785, 16, '004', 'Angamacutiro', ''),
(786, 16, '005', 'Angangueo', ''),
(787, 16, '006', 'Apatzingan', ''),
(788, 16, '007', 'Aporo', ''),
(789, 16, '008', 'Aquila', ''),
(790, 16, '009', 'Ario', ''),
(791, 16, '010', 'Arteaga', ''),
(792, 16, '011', 'Brise¤as', ''),
(793, 16, '012', 'Buenavista', ''),
(794, 16, '013', 'Caracuaro', ''),
(795, 16, '014', 'Coahuayana', ''),
(796, 16, '015', 'Coalcoman de Vazquez Pallares', ''),
(797, 16, '016', 'Coeneo', ''),
(798, 16, '017', 'Contepec', ''),
(799, 16, '018', 'Copandaro', ''),
(800, 16, '019', 'Cotija', ''),
(801, 16, '020', 'Cuitzeo', ''),
(802, 16, '021', 'Charapan', ''),
(803, 16, '022', 'Charo', ''),
(804, 16, '023', 'Chavinda', ''),
(805, 16, '024', 'Cheran', ''),
(806, 16, '025', 'Chilchota', ''),
(807, 16, '026', 'Chinicuila', ''),
(808, 16, '027', 'Chucandiro', ''),
(809, 16, '028', 'Churintzio', ''),
(810, 16, '029', 'Churumuco', ''),
(811, 16, '030', 'Ecuandureo', ''),
(812, 16, '031', 'Epitacio Huerta', ''),
(813, 16, '032', 'Erongaricuaro', ''),
(814, 16, '033', 'Gabriel Zamora', ''),
(815, 16, '034', 'Hidalgo', ''),
(816, 16, '035', 'La Huacana', ''),
(817, 16, '036', 'Huandacareo', ''),
(818, 16, '037', 'Huaniqueo', ''),
(819, 16, '038', 'Huetamo', ''),
(820, 16, '039', 'Huiramba', ''),
(821, 16, '040', 'Indaparapeo', ''),
(822, 16, '041', 'Irimbo', ''),
(823, 16, '042', 'Ixtlan', ''),
(824, 16, '043', 'Jacona', ''),
(825, 16, '044', 'Jimenez', ''),
(826, 16, '045', 'Jiquilpan', ''),
(827, 16, '046', 'Juarez', ''),
(828, 16, '047', 'Jungapeo', ''),
(829, 16, '048', 'Lagunillas', ''),
(830, 16, '049', 'Madero', ''),
(831, 16, '050', 'Maravatio', ''),
(832, 16, '051', 'Marcos Castellanos', ''),
(833, 16, '052', 'Lazaro Cardenas', ''),
(834, 16, '053', 'Morelia', ''),
(835, 16, '054', 'Morelos', ''),
(836, 16, '055', 'Mugica', ''),
(837, 16, '056', 'Nahuatzen', ''),
(838, 16, '057', 'Nocupetaro', ''),
(839, 16, '058', 'Nuevo Parangaricutiro', ''),
(840, 16, '059', 'Nuevo Urecho', ''),
(841, 16, '060', 'Numaran', ''),
(842, 16, '061', 'Ocampo', ''),
(843, 16, '062', 'Pajacuaran', ''),
(844, 16, '063', 'Panindicuaro', ''),
(845, 16, '064', 'Paracuaro', ''),
(846, 16, '065', 'Paracho', ''),
(847, 16, '066', 'Patzcuaro', ''),
(848, 16, '067', 'Penjamillo', ''),
(849, 16, '068', 'Periban', ''),
(850, 16, '069', 'La Piedad', ''),
(851, 16, '070', 'Purepero', ''),
(852, 16, '071', 'Puruandiro', ''),
(853, 16, '072', 'Querendaro', ''),
(854, 16, '073', 'Quiroga', ''),
(855, 16, '074', 'Cojumatlan de Regules', ''),
(856, 16, '075', 'Los Reyes', ''),
(857, 16, '076', 'Sahuayo', ''),
(858, 16, '077', 'San Lucas', ''),
(859, 16, '078', 'Santa Ana Maya', ''),
(860, 16, '079', 'Salvador Escalante', ''),
(861, 16, '080', 'Senguio', ''),
(862, 16, '081', 'Susupuato', ''),
(863, 16, '082', 'Tacambaro', ''),
(864, 16, '083', 'Tancitaro', ''),
(865, 16, '084', 'Tangamandapio', ''),
(866, 16, '085', 'Tangancicuaro', ''),
(867, 16, '086', 'Tanhuato', ''),
(868, 16, '087', 'Taretan', ''),
(869, 16, '088', 'Tarimbaro', ''),
(870, 16, '089', 'Tepalcatepec', ''),
(871, 16, '090', 'Tingambato', ''),
(872, 16, '091', 'Tingindin', ''),
(873, 16, '092', 'Tiquicheo de Nicolas Romero', ''),
(874, 16, '093', 'Tlalpujahua', ''),
(875, 16, '094', 'Tlazazalca', ''),
(876, 16, '095', 'Tocumbo', ''),
(877, 16, '096', 'Tumbiscatio', ''),
(878, 16, '097', 'Turicato', ''),
(879, 16, '098', 'Tuxpan', ''),
(880, 16, '099', 'Tuzantla', ''),
(881, 16, '100', 'Tzintzuntzan', ''),
(882, 16, '101', 'Tzitzio', ''),
(883, 16, '102', 'Uruapan', ''),
(884, 16, '103', 'Venustiano Carranza', ''),
(885, 16, '104', 'Villamar', ''),
(886, 16, '105', 'Vista Hermosa', ''),
(887, 16, '106', 'Yurecuaro', ''),
(888, 16, '107', 'Zacapu', ''),
(889, 16, '108', 'Zamora', ''),
(890, 16, '109', 'Zinaparo', ''),
(891, 16, '110', 'Zinapecuaro', ''),
(892, 16, '111', 'Ziracuaretiro', ''),
(893, 16, '112', 'Zitacuaro', ''),
(894, 16, '113', 'Jose Sixto Verduzco', ''),
(895, 17, '001', 'Amacuzac', ''),
(896, 17, '002', 'Atlatlahucan', ''),
(897, 17, '003', 'Axochiapan', ''),
(898, 17, '004', 'Ayala', ''),
(899, 17, '005', 'Coatlan del Rio', ''),
(900, 17, '006', 'Cuautla', ''),
(901, 17, '007', 'Cuernavaca', ''),
(902, 17, '008', 'Emiliano Zapata', ''),
(903, 17, '009', 'Huitzilac', ''),
(904, 17, '010', 'Jantetelco', ''),
(905, 17, '011', 'Jiutepec', ''),
(906, 17, '012', 'Jojutla', ''),
(907, 17, '013', 'Jonacatepec', ''),
(908, 17, '014', 'Mazatepec', ''),
(909, 17, '015', 'Miacatlan', ''),
(910, 17, '016', 'Ocuituco', ''),
(911, 17, '017', 'Puente de Ixtla', ''),
(912, 17, '018', 'Temixco', ''),
(913, 17, '019', 'Tepalcingo', ''),
(914, 17, '020', 'Tepoztlan', ''),
(915, 17, '021', 'Tetecala', ''),
(916, 17, '022', 'Tetela del Volcan', ''),
(917, 17, '023', 'Tlalnepantla', ''),
(918, 17, '024', 'Tlaltizapan de Zapata', ''),
(919, 17, '025', 'Tlaquiltenango', ''),
(920, 17, '026', 'Tlayacapan', ''),
(921, 17, '027', 'Totolapan', ''),
(922, 17, '028', 'Xochitepec', ''),
(923, 17, '029', 'Yautepec', ''),
(924, 17, '030', 'Yecapixtla', ''),
(925, 17, '031', 'Zacatepec', ''),
(926, 17, '032', 'Zacualpan', ''),
(927, 17, '033', 'Temoac', ''),
(928, 18, '001', 'Acaponeta', ''),
(929, 18, '002', 'Ahuacatlan', ''),
(930, 18, '003', 'Amatlan de Ca¤as', ''),
(931, 18, '004', 'Compostela', ''),
(932, 18, '005', 'Huajicori', ''),
(933, 18, '006', 'Ixtlan del Rio', ''),
(934, 18, '007', 'Jala', ''),
(935, 18, '008', 'Xalisco', ''),
(936, 18, '009', 'Del Nayar', ''),
(937, 18, '010', 'Rosamorada', ''),
(938, 18, '011', 'Ruiz', ''),
(939, 18, '012', 'San Blas', ''),
(940, 18, '013', 'San Pedro Lagunillas', ''),
(941, 18, '014', 'Santa Maria del Oro', ''),
(942, 18, '015', 'Santiago Ixcuintla', ''),
(943, 18, '016', 'Tecuala', ''),
(944, 18, '017', 'Tepic', ''),
(945, 18, '018', 'Tuxpan', ''),
(946, 18, '019', 'La Yesca', ''),
(947, 18, '020', 'Bahia de Banderas', ''),
(948, 19, '001', 'Abasolo', ''),
(949, 19, '002', 'Agualeguas', ''),
(950, 19, '003', 'Los Aldamas', ''),
(951, 19, '004', 'Allende', ''),
(952, 19, '005', 'Anahuac', ''),
(953, 19, '006', 'Apodaca', ''),
(954, 19, '007', 'Aramberri', ''),
(955, 19, '008', 'Bustamante', ''),
(956, 19, '009', 'Cadereyta Jimenez', ''),
(957, 19, '010', 'El Carmen', ''),
(958, 19, '011', 'Cerralvo', ''),
(959, 19, '012', 'Cienega de Flores', ''),
(960, 19, '013', 'China', ''),
(961, 19, '014', 'Doctor Arroyo', ''),
(962, 19, '015', 'Doctor Coss', ''),
(963, 19, '016', 'Doctor Gonzalez', ''),
(964, 19, '017', 'Galeana', ''),
(965, 19, '018', 'Garcia', ''),
(966, 19, '019', 'San Pedro Garza Garcia', ''),
(967, 19, '020', 'General Bravo', ''),
(968, 19, '021', 'General Escobedo', ''),
(969, 19, '022', 'General Teran', ''),
(970, 19, '023', 'General Trevi¤o', ''),
(971, 19, '024', 'General Zaragoza', ''),
(972, 19, '025', 'General Zuazua', ''),
(973, 19, '026', 'Guadalupe', ''),
(974, 19, '027', 'Los Herreras', ''),
(975, 19, '028', 'Higueras', ''),
(976, 19, '029', 'Hualahuises', ''),
(977, 19, '030', 'Iturbide', ''),
(978, 19, '031', 'Juarez', ''),
(979, 19, '032', 'Lampazos de Naranjo', ''),
(980, 19, '033', 'Linares', ''),
(981, 19, '034', 'Marin', ''),
(982, 19, '035', 'Melchor Ocampo', ''),
(983, 19, '036', 'Mier y Noriega', ''),
(984, 19, '037', 'Mina', ''),
(985, 19, '038', 'Montemorelos', ''),
(986, 19, '039', 'Monterrey', ''),
(987, 19, '040', 'Paras', ''),
(988, 19, '041', 'Pesqueria', ''),
(989, 19, '042', 'Los Ramones', ''),
(990, 19, '043', 'Rayones', ''),
(991, 19, '044', 'Sabinas Hidalgo', ''),
(992, 19, '045', 'Salinas Victoria', ''),
(993, 19, '046', 'San Nicolas de los Garza', ''),
(994, 19, '047', 'Hidalgo', ''),
(995, 19, '048', 'Santa Catarina', ''),
(996, 19, '049', 'Santiago', ''),
(997, 19, '050', 'Vallecillo', ''),
(998, 19, '051', 'Villaldama', ''),
(999, 20, '001', 'Abejones', ''),
(1000, 20, '002', 'Acatlan de Perez Figueroa', ''),
(1001, 20, '003', 'Asuncion Cacalotepec', ''),
(1002, 20, '004', 'Asuncion Cuyotepeji', ''),
(1003, 20, '005', 'Asuncion Ixtaltepec', ''),
(1004, 20, '006', 'Asuncion Nochixtlan', ''),
(1005, 20, '007', 'Asuncion Ocotlan', ''),
(1006, 20, '008', 'Asuncion Tlacolulita', ''),
(1007, 20, '009', 'Ayotzintepec', ''),
(1008, 20, '010', 'El Barrio de la Soledad', ''),
(1009, 20, '011', 'Calihuala', ''),
(1010, 20, '012', 'Candelaria Loxicha', ''),
(1011, 20, '013', 'Cienega de Zimatlan', ''),
(1012, 20, '014', 'Ciudad Ixtepec', ''),
(1013, 20, '015', 'Coatecas Altas', ''),
(1014, 20, '016', 'Coicoyan de las Flores', ''),
(1015, 20, '017', 'La Compa¤ia', ''),
(1016, 20, '018', 'Concepcion Buenavista', ''),
(1017, 20, '019', 'Concepcion Papalo', ''),
(1018, 20, '020', 'Constancia del Rosario', ''),
(1019, 20, '021', 'Cosolapa', ''),
(1020, 20, '022', 'Cosoltepec', ''),
(1021, 20, '023', 'Cuilapam de Guerrero', ''),
(1022, 20, '024', 'Cuyamecalco Villa de Zaragoza', ''),
(1023, 20, '025', 'Chahuites', ''),
(1024, 20, '026', 'Chalcatongo de Hidalgo', ''),
(1025, 20, '027', 'Chiquihuitlan de Benito Juarez', ''),
(1026, 20, '028', 'Heroica Ciudad de Ejutla de Crespo', ''),
(1027, 20, '029', 'Eloxochitlan de Flores Magon', ''),
(1028, 20, '030', 'El Espinal', ''),
(1029, 20, '031', 'Tamazulapam del Espiritu Santo', ''),
(1030, 20, '032', 'Fresnillo de Trujano', ''),
(1031, 20, '033', 'Guadalupe Etla', ''),
(1032, 20, '034', 'Guadalupe de Ramirez', ''),
(1033, 20, '035', 'Guelatao de Juarez', ''),
(1034, 20, '036', 'Guevea de Humboldt', ''),
(1035, 20, '037', 'Mesones Hidalgo', ''),
(1036, 20, '038', 'Villa Hidalgo', ''),
(1037, 20, '039', 'Heroica Ciudad de Huajuapan de Leon', ''),
(1038, 20, '040', 'Huautepec', ''),
(1039, 20, '041', 'Huautla de Jimenez', ''),
(1040, 20, '042', 'Ixtlan de Juarez', ''),
(1041, 20, '043', 'Heroica Ciudad de Juchitan de Zaragoza', ''),
(1042, 20, '044', 'Loma Bonita', ''),
(1043, 20, '045', 'Magdalena Apasco', ''),
(1044, 20, '046', 'Magdalena Jaltepec', ''),
(1045, 20, '047', 'Santa Magdalena Jicotlan', ''),
(1046, 20, '048', 'Magdalena Mixtepec', ''),
(1047, 20, '049', 'Magdalena Ocotlan', ''),
(1048, 20, '050', 'Magdalena Pe¤asco', ''),
(1049, 20, '051', 'Magdalena Teitipac', ''),
(1050, 20, '052', 'Magdalena Tequisistlan', ''),
(1051, 20, '053', 'Magdalena Tlacotepec', ''),
(1052, 20, '054', 'Magdalena Zahuatlan', ''),
(1053, 20, '055', 'Mariscala de Juarez', ''),
(1054, 20, '056', 'Martires de Tacubaya', ''),
(1055, 20, '057', 'Matias Romero Avenda¤o', ''),
(1056, 20, '058', 'Mazatlan Villa de Flores', ''),
(1057, 20, '059', 'Miahuatlan de Porfirio Diaz', ''),
(1058, 20, '060', 'Mixistlan de la Reforma', ''),
(1059, 20, '061', 'Monjas', ''),
(1060, 20, '062', 'Natividad', ''),
(1061, 20, '063', 'Nazareno Etla', ''),
(1062, 20, '064', 'Nejapa de Madero', ''),
(1063, 20, '065', 'Ixpantepec Nieves', ''),
(1064, 20, '066', 'Santiago Niltepec', ''),
(1065, 20, '067', 'Oaxaca de Juarez', ''),
(1066, 20, '068', 'Ocotlan de Morelos', ''),
(1067, 20, '069', 'La Pe', ''),
(1068, 20, '070', 'Pinotepa de Don Luis', ''),
(1069, 20, '071', 'Pluma Hidalgo', ''),
(1070, 20, '072', 'San Jose del Progreso', ''),
(1071, 20, '073', 'Putla Villa de Guerrero', ''),
(1072, 20, '074', 'Santa Catarina Quioquitani', ''),
(1073, 20, '075', 'Reforma de Pineda', ''),
(1074, 20, '076', 'La Reforma', ''),
(1075, 20, '077', 'Reyes Etla', ''),
(1076, 20, '078', 'Rojas de Cuauhtemoc', ''),
(1077, 20, '079', 'Salina Cruz', ''),
(1078, 20, '080', 'San Agustin Amatengo', ''),
(1079, 20, '081', 'San Agustin Atenango', ''),
(1080, 20, '082', 'San Agustin Chayuco', ''),
(1081, 20, '083', 'San Agustin de las Juntas', ''),
(1082, 20, '084', 'San Agustin Etla', ''),
(1083, 20, '085', 'San Agustin Loxicha', ''),
(1084, 20, '086', 'San Agustin Tlacotepec', ''),
(1085, 20, '087', 'San Agustin Yatareni', ''),
(1086, 20, '088', 'San Andres Cabecera Nueva', ''),
(1087, 20, '089', 'San Andres Dinicuiti', ''),
(1088, 20, '090', 'San Andres Huaxpaltepec', ''),
(1089, 20, '091', 'San Andres Huayapam', ''),
(1090, 20, '092', 'San Andres Ixtlahuaca', ''),
(1091, 20, '093', 'San Andres Lagunas', ''),
(1092, 20, '094', 'San Andres Nuxi¤o', ''),
(1093, 20, '095', 'San Andres Paxtlan', ''),
(1094, 20, '096', 'San Andres Sinaxtla', ''),
(1095, 20, '097', 'San Andres Solaga', ''),
(1096, 20, '098', 'San Andres Teotilalpam', ''),
(1097, 20, '099', 'San Andres Tepetlapa', ''),
(1098, 20, '100', 'San Andres Yaa', ''),
(1099, 20, '101', 'San Andres Zabache', ''),
(1100, 20, '102', 'San Andres Zautla', ''),
(1101, 20, '103', 'San Antonino Castillo Velasco', ''),
(1102, 20, '104', 'San Antonino el Alto', ''),
(1103, 20, '105', 'San Antonino Monte Verde', ''),
(1104, 20, '106', 'San Antonio Acutla', ''),
(1105, 20, '107', 'San Antonio de la Cal', ''),
(1106, 20, '108', 'San Antonio Huitepec', ''),
(1107, 20, '109', 'San Antonio Nanahuatipam', ''),
(1108, 20, '110', 'San Antonio Sinicahua', ''),
(1109, 20, '111', 'San Antonio Tepetlapa', ''),
(1110, 20, '112', 'San Baltazar Chichicapam', ''),
(1111, 20, '113', 'San Baltazar Loxicha', ''),
(1112, 20, '114', 'San Baltazar Yatzachi el Bajo', ''),
(1113, 20, '115', 'San Bartolo Coyotepec', ''),
(1114, 20, '116', 'San Bartolome Ayautla', ''),
(1115, 20, '117', 'San Bartolome Loxicha', ''),
(1116, 20, '118', 'San Bartolome Quialana', ''),
(1117, 20, '119', 'San Bartolome Yucua¤e', ''),
(1118, 20, '120', 'San Bartolome Zoogocho', ''),
(1119, 20, '121', 'San Bartolo Soyaltepec', ''),
(1120, 20, '122', 'San Bartolo Yautepec', ''),
(1121, 20, '123', 'San Bernardo Mixtepec', ''),
(1122, 20, '124', 'San Blas Atempa', ''),
(1123, 20, '125', 'San Carlos Yautepec', ''),
(1124, 20, '126', 'San Cristobal Amatlan', ''),
(1125, 20, '127', 'San Cristobal Amoltepec', ''),
(1126, 20, '128', 'San Cristobal Lachirioag', ''),
(1127, 20, '129', 'San Cristobal Suchixtlahuaca', ''),
(1128, 20, '130', 'San Dionisio del Mar', ''),
(1129, 20, '131', 'San Dionisio Ocotepec', ''),
(1130, 20, '132', 'San Dionisio Ocotlan', ''),
(1131, 20, '133', 'San Esteban Atatlahuca', ''),
(1132, 20, '134', 'San Felipe Jalapa de Diaz', ''),
(1133, 20, '135', 'San Felipe Tejalapam', ''),
(1134, 20, '136', 'San Felipe Usila', ''),
(1135, 20, '137', 'San Francisco Cahuacua', ''),
(1136, 20, '138', 'San Francisco Cajonos', ''),
(1137, 20, '139', 'San Francisco Chapulapa', ''),
(1138, 20, '140', 'San Francisco Chindua', ''),
(1139, 20, '141', 'San Francisco del Mar', ''),
(1140, 20, '142', 'San Francisco Huehuetlan', ''),
(1141, 20, '143', 'San Francisco Ixhuatan', ''),
(1142, 20, '144', 'San Francisco Jaltepetongo', ''),
(1143, 20, '145', 'San Francisco Lachigolo', ''),
(1144, 20, '146', 'San Francisco Logueche', ''),
(1145, 20, '147', 'San Francisco Nuxa¤o', ''),
(1146, 20, '148', 'San Francisco Ozolotepec', ''),
(1147, 20, '149', 'San Francisco Sola', ''),
(1148, 20, '150', 'San Francisco Telixtlahuaca', ''),
(1149, 20, '151', 'San Francisco Teopan', ''),
(1150, 20, '152', 'San Francisco Tlapancingo', ''),
(1151, 20, '153', 'San Gabriel Mixtepec', ''),
(1152, 20, '154', 'San Ildefonso Amatlan', ''),
(1153, 20, '155', 'San Ildefonso Sola', ''),
(1154, 20, '156', 'San Ildefonso Villa Alta', ''),
(1155, 20, '157', 'San Jacinto Amilpas', ''),
(1156, 20, '158', 'San Jacinto Tlacotepec', ''),
(1157, 20, '159', 'San Jeronimo Coatlan', ''),
(1158, 20, '160', 'San Jeronimo Silacayoapilla', ''),
(1159, 20, '161', 'San Jeronimo Sosola', ''),
(1160, 20, '162', 'San Jeronimo Taviche', ''),
(1161, 20, '163', 'San Jeronimo Tecoatl', ''),
(1162, 20, '164', 'San Jorge Nuchita', ''),
(1163, 20, '165', 'San Jose Ayuquila', ''),
(1164, 20, '166', 'San Jose Chiltepec', ''),
(1165, 20, '167', 'San Jose del Pe¤asco', ''),
(1166, 20, '168', 'San Jose Estancia Grande', ''),
(1167, 20, '169', 'San Jose Independencia', ''),
(1168, 20, '170', 'San Jose Lachiguiri', ''),
(1169, 20, '171', 'San Jose Tenango', ''),
(1170, 20, '172', 'San Juan Achiutla', ''),
(1171, 20, '173', 'San Juan Atepec', ''),
(1172, 20, '174', 'µnimas Trujano', ''),
(1173, 20, '175', 'San Juan Bautista Atatlahuca', ''),
(1174, 20, '176', 'San Juan Bautista Coixtlahuaca', ''),
(1175, 20, '177', 'San Juan Bautista Cuicatlan', ''),
(1176, 20, '178', 'San Juan Bautista Guelache', ''),
(1177, 20, '179', 'San Juan Bautista Jayacatlan', ''),
(1178, 20, '180', 'San Juan Bautista Lo de Soto', ''),
(1179, 20, '181', 'San Juan Bautista Suchitepec', ''),
(1180, 20, '182', 'San Juan Bautista Tlacoatzintepec', ''),
(1181, 20, '183', 'San Juan Bautista Tlachichilco', ''),
(1182, 20, '184', 'San Juan Bautista Tuxtepec', ''),
(1183, 20, '185', 'San Juan Cacahuatepec', ''),
(1184, 20, '186', 'San Juan Cieneguilla', ''),
(1185, 20, '187', 'San Juan Coatzospam', ''),
(1186, 20, '188', 'San Juan Colorado', ''),
(1187, 20, '189', 'San Juan Comaltepec', ''),
(1188, 20, '190', 'San Juan Cotzocon', ''),
(1189, 20, '191', 'San Juan Chicomezuchil', ''),
(1190, 20, '192', 'San Juan Chilateca', ''),
(1191, 20, '193', 'San Juan del Estado', ''),
(1192, 20, '194', 'San Juan del Rio', ''),
(1193, 20, '195', 'San Juan Diuxi', ''),
(1194, 20, '196', 'San Juan Evangelista Analco', ''),
(1195, 20, '197', 'San Juan Guelavia', ''),
(1196, 20, '198', 'San Juan Guichicovi', ''),
(1197, 20, '199', 'San Juan Ihualtepec', ''),
(1198, 20, '200', 'San Juan Juquila Mixes', ''),
(1199, 20, '201', 'San Juan Juquila Vijanos', ''),
(1200, 20, '202', 'San Juan Lachao', ''),
(1201, 20, '203', 'San Juan Lachigalla', ''),
(1202, 20, '204', 'San Juan Lajarcia', ''),
(1203, 20, '205', 'San Juan Lalana', ''),
(1204, 20, '206', 'San Juan de los Cues', ''),
(1205, 20, '207', 'San Juan Mazatlan', ''),
(1206, 20, '208', 'San Juan Mixtepec -Dto. 08 -', ''),
(1207, 20, '209', 'San Juan Mixtepec -Dto. 26 -', ''),
(1208, 20, '210', 'San Juan ¥umi', ''),
(1209, 20, '211', 'San Juan Ozolotepec', ''),
(1210, 20, '212', 'San Juan Petlapa', ''),
(1211, 20, '213', 'San Juan Quiahije', ''),
(1212, 20, '214', 'San Juan Quiotepec', ''),
(1213, 20, '215', 'San Juan Sayultepec', ''),
(1214, 20, '216', 'San Juan Tabaa', ''),
(1215, 20, '217', 'San Juan Tamazola', ''),
(1216, 20, '218', 'San Juan Teita', ''),
(1217, 20, '219', 'San Juan Teitipac', ''),
(1218, 20, '220', 'San Juan Tepeuxila', ''),
(1219, 20, '221', 'San Juan Teposcolula', ''),
(1220, 20, '222', 'San Juan Yaee', ''),
(1221, 20, '223', 'San Juan Yatzona', ''),
(1222, 20, '224', 'San Juan Yucuita', ''),
(1223, 20, '225', 'San Lorenzo', ''),
(1224, 20, '226', 'San Lorenzo Albarradas', ''),
(1225, 20, '227', 'San Lorenzo Cacaotepec', ''),
(1226, 20, '228', 'San Lorenzo Cuaunecuiltitla', ''),
(1227, 20, '229', 'San Lorenzo Texmelucan', ''),
(1228, 20, '230', 'San Lorenzo Victoria', ''),
(1229, 20, '231', 'San Lucas Camotlan', ''),
(1230, 20, '232', 'San Lucas Ojitlan', ''),
(1231, 20, '233', 'San Lucas Quiavini', ''),
(1232, 20, '234', 'San Lucas Zoquiapam', ''),
(1233, 20, '235', 'San Luis Amatlan', ''),
(1234, 20, '236', 'San Marcial Ozolotepec', ''),
(1235, 20, '237', 'San Marcos Arteaga', ''),
(1236, 20, '238', 'San Martin de los Cansecos', ''),
(1237, 20, '239', 'San Martin Huamelulpam', ''),
(1238, 20, '240', 'San Martin Itunyoso', ''),
(1239, 20, '241', 'San Martin Lachila', ''),
(1240, 20, '242', 'San Martin Peras', ''),
(1241, 20, '243', 'San Martin Tilcajete', ''),
(1242, 20, '244', 'San Martin Toxpalan', ''),
(1243, 20, '245', 'San Martin Zacatepec', ''),
(1244, 20, '246', 'San Mateo Cajonos', ''),
(1245, 20, '247', 'Capulalpam de Mendez', ''),
(1246, 20, '248', 'San Mateo del Mar', ''),
(1247, 20, '249', 'San Mateo Yoloxochitlan', ''),
(1248, 20, '250', 'San Mateo Etlatongo', ''),
(1249, 20, '251', 'San Mateo Nejapam', ''),
(1250, 20, '252', 'San Mateo Pe¤asco', ''),
(1251, 20, '253', 'San Mateo Pi¤as', ''),
(1252, 20, '254', 'San Mateo Rio Hondo', ''),
(1253, 20, '255', 'San Mateo Sindihui', ''),
(1254, 20, '256', 'San Mateo Tlapiltepec', ''),
(1255, 20, '257', 'San Melchor Betaza', ''),
(1256, 20, '258', 'San Miguel Achiutla', ''),
(1257, 20, '259', 'San Miguel Ahuehuetitlan', ''),
(1258, 20, '260', 'San Miguel Aloapam', ''),
(1259, 20, '261', 'San Miguel Amatitlan', ''),
(1260, 20, '262', 'San Miguel Amatlan', ''),
(1261, 20, '263', 'San Miguel Coatlan', ''),
(1262, 20, '264', 'San Miguel Chicahua', ''),
(1263, 20, '265', 'San Miguel Chimalapa', ''),
(1264, 20, '266', 'San Miguel del Puerto', ''),
(1265, 20, '267', 'San Miguel del Rio', ''),
(1266, 20, '268', 'San Miguel Ejutla', ''),
(1267, 20, '269', 'San Miguel el Grande', ''),
(1268, 20, '270', 'San Miguel Huautla', ''),
(1269, 20, '271', 'San Miguel Mixtepec', ''),
(1270, 20, '272', 'San Miguel Panixtlahuaca', ''),
(1271, 20, '273', 'San Miguel Peras', ''),
(1272, 20, '274', 'San Miguel Piedras', ''),
(1273, 20, '275', 'San Miguel Quetzaltepec', ''),
(1274, 20, '276', 'San Miguel Santa Flor', ''),
(1275, 20, '277', 'Villa Sola de Vega', ''),
(1276, 20, '278', 'San Miguel Soyaltepec', ''),
(1277, 20, '279', 'San Miguel Suchixtepec', ''),
(1278, 20, '280', 'Villa Talea de Castro', ''),
(1279, 20, '281', 'San Miguel Tecomatlan', ''),
(1280, 20, '282', 'San Miguel Tenango', ''),
(1281, 20, '283', 'San Miguel Tequixtepec', ''),
(1282, 20, '284', 'San Miguel Tilquiapam', ''),
(1283, 20, '285', 'San Miguel Tlacamama', ''),
(1284, 20, '286', 'San Miguel Tlacotepec', ''),
(1285, 20, '287', 'San Miguel Tulancingo', ''),
(1286, 20, '288', 'San Miguel Yotao', ''),
(1287, 20, '289', 'San Nicolas', ''),
(1288, 20, '290', 'San Nicolas Hidalgo', ''),
(1289, 20, '291', 'San Pablo Coatlan', ''),
(1290, 20, '292', 'San Pablo Cuatro Venados', ''),
(1291, 20, '293', 'San Pablo Etla', ''),
(1292, 20, '294', 'San Pablo Huitzo', ''),
(1293, 20, '295', 'San Pablo Huixtepec', ''),
(1294, 20, '296', 'San Pablo Macuiltianguis', ''),
(1295, 20, '297', 'San Pablo Tijaltepec', ''),
(1296, 20, '298', 'San Pablo Villa de Mitla', ''),
(1297, 20, '299', 'San Pablo Yaganiza', ''),
(1298, 20, '300', 'San Pedro Amuzgos', ''),
(1299, 20, '301', 'San Pedro Apostol', ''),
(1300, 20, '302', 'San Pedro Atoyac', ''),
(1301, 20, '303', 'San Pedro Cajonos', ''),
(1302, 20, '304', 'San Pedro Coxcaltepec Cantaros', ''),
(1303, 20, '305', 'San Pedro Comitancillo', ''),
(1304, 20, '306', 'San Pedro el Alto', ''),
(1305, 20, '307', 'San Pedro Huamelula', ''),
(1306, 20, '308', 'San Pedro Huilotepec', ''),
(1307, 20, '309', 'San Pedro Ixcatlan', ''),
(1308, 20, '310', 'San Pedro Ixtlahuaca', ''),
(1309, 20, '311', 'San Pedro Jaltepetongo', ''),
(1310, 20, '312', 'San Pedro Jicayan', ''),
(1311, 20, '313', 'San Pedro Jocotipac', ''),
(1312, 20, '314', 'San Pedro Juchatengo', ''),
(1313, 20, '315', 'San Pedro Martir', ''),
(1314, 20, '316', 'San Pedro Martir Quiechapa', ''),
(1315, 20, '317', 'San Pedro Martir Yucuxaco', ''),
(1316, 20, '318', 'San Pedro Mixtepec -Dto. 22 -', ''),
(1317, 20, '319', 'San Pedro Mixtepec -Dto. 26 -', ''),
(1318, 20, '320', 'San Pedro Molinos', ''),
(1319, 20, '321', 'San Pedro Nopala', ''),
(1320, 20, '322', 'San Pedro Ocopetatillo', ''),
(1321, 20, '323', 'San Pedro Ocotepec', ''),
(1322, 20, '324', 'San Pedro Pochutla', ''),
(1323, 20, '325', 'San Pedro Quiatoni', ''),
(1324, 20, '326', 'San Pedro Sochiapam', ''),
(1325, 20, '327', 'San Pedro Tapanatepec', ''),
(1326, 20, '328', 'San Pedro Taviche', ''),
(1327, 20, '329', 'San Pedro Teozacoalco', ''),
(1328, 20, '330', 'San Pedro Teutila', ''),
(1329, 20, '331', 'San Pedro Tidaa', '');
INSERT INTO `municipios` (`id`, `estado_id`, `clave`, `nombre`, `sigla`) VALUES
(1330, 20, '332', 'San Pedro Topiltepec', ''),
(1331, 20, '333', 'San Pedro Totolapam', ''),
(1332, 20, '334', 'Villa de Tututepec de Melchor Ocampo', ''),
(1333, 20, '335', 'San Pedro Yaneri', ''),
(1334, 20, '336', 'San Pedro Yolox', ''),
(1335, 20, '337', 'San Pedro y San Pablo Ayutla', ''),
(1336, 20, '338', 'Villa de Etla', ''),
(1337, 20, '339', 'San Pedro y San Pablo Teposcolula', ''),
(1338, 20, '340', 'San Pedro y San Pablo Tequixtepec', ''),
(1339, 20, '341', 'San Pedro Yucunama', ''),
(1340, 20, '342', 'San Raymundo Jalpan', ''),
(1341, 20, '343', 'San Sebastian Abasolo', ''),
(1342, 20, '344', 'San Sebastian Coatlan', ''),
(1343, 20, '345', 'San Sebastian Ixcapa', ''),
(1344, 20, '346', 'San Sebastian Nicananduta', ''),
(1345, 20, '347', 'San Sebastian Rio Hondo', ''),
(1346, 20, '348', 'San Sebastian Tecomaxtlahuaca', ''),
(1347, 20, '349', 'San Sebastian Teitipac', ''),
(1348, 20, '350', 'San Sebastian Tutla', ''),
(1349, 20, '351', 'San Simon Almolongas', ''),
(1350, 20, '352', 'San Simon Zahuatlan', ''),
(1351, 20, '353', 'Santa Ana', ''),
(1352, 20, '354', 'Santa Ana Ateixtlahuaca', ''),
(1353, 20, '355', 'Santa Ana Cuauhtemoc', ''),
(1354, 20, '356', 'Santa Ana del Valle', ''),
(1355, 20, '357', 'Santa Ana Tavela', ''),
(1356, 20, '358', 'Santa Ana Tlapacoyan', ''),
(1357, 20, '359', 'Santa Ana Yareni', ''),
(1358, 20, '360', 'Santa Ana Zegache', ''),
(1359, 20, '361', 'Santa Catalina Quieri', ''),
(1360, 20, '362', 'Santa Catarina Cuixtla', ''),
(1361, 20, '363', 'Santa Catarina Ixtepeji', ''),
(1362, 20, '364', 'Santa Catarina Juquila', ''),
(1363, 20, '365', 'Santa Catarina Lachatao', ''),
(1364, 20, '366', 'Santa Catarina Loxicha', ''),
(1365, 20, '367', 'Santa Catarina Mechoacan', ''),
(1366, 20, '368', 'Santa Catarina Minas', ''),
(1367, 20, '369', 'Santa Catarina Quiane', ''),
(1368, 20, '370', 'Santa Catarina Tayata', ''),
(1369, 20, '371', 'Santa Catarina Ticua', ''),
(1370, 20, '372', 'Santa Catarina Yosonotu', ''),
(1371, 20, '373', 'Santa Catarina Zapoquila', ''),
(1372, 20, '374', 'Santa Cruz Acatepec', ''),
(1373, 20, '375', 'Santa Cruz Amilpas', ''),
(1374, 20, '376', 'Santa Cruz de Bravo', ''),
(1375, 20, '377', 'Santa Cruz Itundujia', ''),
(1376, 20, '378', 'Santa Cruz Mixtepec', ''),
(1377, 20, '379', 'Santa Cruz Nundaco', ''),
(1378, 20, '380', 'Santa Cruz Papalutla', ''),
(1379, 20, '381', 'Santa Cruz Tacache de Mina', ''),
(1380, 20, '382', 'Santa Cruz Tacahua', ''),
(1381, 20, '383', 'Santa Cruz Tayata', ''),
(1382, 20, '384', 'Santa Cruz Xitla', ''),
(1383, 20, '385', 'Santa Cruz Xoxocotlan', ''),
(1384, 20, '386', 'Santa Cruz Zenzontepec', ''),
(1385, 20, '387', 'Santa Gertrudis', ''),
(1386, 20, '388', 'Santa Ines del Monte', ''),
(1387, 20, '389', 'Santa Ines Yatzeche', ''),
(1388, 20, '390', 'Santa Lucia del Camino', ''),
(1389, 20, '391', 'Santa Lucia Miahuatlan', ''),
(1390, 20, '392', 'Santa Lucia Monteverde', ''),
(1391, 20, '393', 'Santa Lucia Ocotlan', ''),
(1392, 20, '394', 'Santa Maria Alotepec', ''),
(1393, 20, '395', 'Santa Maria Apazco', ''),
(1394, 20, '396', 'Santa Maria la Asuncion', ''),
(1395, 20, '397', 'Heroica Ciudad de Tlaxiaco', ''),
(1396, 20, '398', 'Ayoquezco de Aldama', ''),
(1397, 20, '399', 'Santa Maria Atzompa', ''),
(1398, 20, '400', 'Santa Maria Camotlan', ''),
(1399, 20, '401', 'Santa Maria Colotepec', ''),
(1400, 20, '402', 'Santa Maria Cortijo', ''),
(1401, 20, '403', 'Santa Maria Coyotepec', ''),
(1402, 20, '404', 'Santa Maria Chachoapam', ''),
(1403, 20, '405', 'Villa de Chilapa de Diaz', ''),
(1404, 20, '406', 'Santa Maria Chilchotla', ''),
(1405, 20, '407', 'Santa Maria Chimalapa', ''),
(1406, 20, '408', 'Santa Maria del Rosario', ''),
(1407, 20, '409', 'Santa Maria del Tule', ''),
(1408, 20, '410', 'Santa Maria Ecatepec', ''),
(1409, 20, '411', 'Santa Maria Guelace', ''),
(1410, 20, '412', 'Santa Maria Guienagati', ''),
(1411, 20, '413', 'Santa Maria Huatulco', ''),
(1412, 20, '414', 'Santa Maria Huazolotitlan', ''),
(1413, 20, '415', 'Santa Maria Ipalapa', ''),
(1414, 20, '416', 'Santa Maria Ixcatlan', ''),
(1415, 20, '417', 'Santa Maria Jacatepec', ''),
(1416, 20, '418', 'Santa Maria Jalapa del Marques', ''),
(1417, 20, '419', 'Santa Maria Jaltianguis', ''),
(1418, 20, '420', 'Santa Maria Lachixio', ''),
(1419, 20, '421', 'Santa Maria Mixtequilla', ''),
(1420, 20, '422', 'Santa Maria Nativitas', ''),
(1421, 20, '423', 'Santa Maria Nduayaco', ''),
(1422, 20, '424', 'Santa Maria Ozolotepec', ''),
(1423, 20, '425', 'Santa Maria Papalo', ''),
(1424, 20, '426', 'Santa Maria Pe¤oles', ''),
(1425, 20, '427', 'Santa Maria Petapa', ''),
(1426, 20, '428', 'Santa Maria Quiegolani', ''),
(1427, 20, '429', 'Santa Maria Sola', ''),
(1428, 20, '430', 'Santa Maria Tataltepec', ''),
(1429, 20, '431', 'Santa Maria Tecomavaca', ''),
(1430, 20, '432', 'Santa Maria Temaxcalapa', ''),
(1431, 20, '433', 'Santa Maria Temaxcaltepec', ''),
(1432, 20, '434', 'Santa Maria Teopoxco', ''),
(1433, 20, '435', 'Santa Maria Tepantlali', ''),
(1434, 20, '436', 'Santa Maria Texcatitlan', ''),
(1435, 20, '437', 'Santa Maria Tlahuitoltepec', ''),
(1436, 20, '438', 'Santa Maria Tlalixtac', ''),
(1437, 20, '439', 'Santa Maria Tonameca', ''),
(1438, 20, '440', 'Santa Maria Totolapilla', ''),
(1439, 20, '441', 'Santa Maria Xadani', ''),
(1440, 20, '442', 'Santa Maria Yalina', ''),
(1441, 20, '443', 'Santa Maria Yavesia', ''),
(1442, 20, '444', 'Santa Maria Yolotepec', ''),
(1443, 20, '445', 'Santa Maria Yosoyua', ''),
(1444, 20, '446', 'Santa Maria Yucuhiti', ''),
(1445, 20, '447', 'Santa Maria Zacatepec', ''),
(1446, 20, '448', 'Santa Maria Zaniza', ''),
(1447, 20, '449', 'Santa Maria Zoquitlan', ''),
(1448, 20, '450', 'Santiago Amoltepec', ''),
(1449, 20, '451', 'Santiago Apoala', ''),
(1450, 20, '452', 'Santiago Apostol', ''),
(1451, 20, '453', 'Santiago Astata', ''),
(1452, 20, '454', 'Santiago Atitlan', ''),
(1453, 20, '455', 'Santiago Ayuquililla', ''),
(1454, 20, '456', 'Santiago Cacaloxtepec', ''),
(1455, 20, '457', 'Santiago Camotlan', ''),
(1456, 20, '458', 'Santiago Comaltepec', ''),
(1457, 20, '459', 'Santiago Chazumba', ''),
(1458, 20, '460', 'Santiago Choapam', ''),
(1459, 20, '461', 'Santiago del Rio', ''),
(1460, 20, '462', 'Santiago Huajolotitlan', ''),
(1461, 20, '463', 'Santiago Huauclilla', ''),
(1462, 20, '464', 'Santiago Ihuitlan Plumas', ''),
(1463, 20, '465', 'Santiago Ixcuintepec', ''),
(1464, 20, '466', 'Santiago Ixtayutla', ''),
(1465, 20, '467', 'Santiago Jamiltepec', ''),
(1466, 20, '468', 'Santiago Jocotepec', ''),
(1467, 20, '469', 'Santiago Juxtlahuaca', ''),
(1468, 20, '470', 'Santiago Lachiguiri', ''),
(1469, 20, '471', 'Santiago Lalopa', ''),
(1470, 20, '472', 'Santiago Laollaga', ''),
(1471, 20, '473', 'Santiago Laxopa', ''),
(1472, 20, '474', 'Santiago Llano Grande', ''),
(1473, 20, '475', 'Santiago Matatlan', ''),
(1474, 20, '476', 'Santiago Miltepec', ''),
(1475, 20, '477', 'Santiago Minas', ''),
(1476, 20, '478', 'Santiago Nacaltepec', ''),
(1477, 20, '479', 'Santiago Nejapilla', ''),
(1478, 20, '480', 'Santiago Nundiche', ''),
(1479, 20, '481', 'Santiago Nuyoo', ''),
(1480, 20, '482', 'Santiago Pinotepa Nacional', ''),
(1481, 20, '483', 'Santiago Suchilquitongo', ''),
(1482, 20, '484', 'Santiago Tamazola', ''),
(1483, 20, '485', 'Santiago Tapextla', ''),
(1484, 20, '486', 'Villa Tejupam de la Union', ''),
(1485, 20, '487', 'Santiago Tenango', ''),
(1486, 20, '488', 'Santiago Tepetlapa', ''),
(1487, 20, '489', 'Santiago Tetepec', ''),
(1488, 20, '490', 'Santiago Texcalcingo', ''),
(1489, 20, '491', 'Santiago Textitlan', ''),
(1490, 20, '492', 'Santiago Tilantongo', ''),
(1491, 20, '493', 'Santiago Tillo', ''),
(1492, 20, '494', 'Santiago Tlazoyaltepec', ''),
(1493, 20, '495', 'Santiago Xanica', ''),
(1494, 20, '496', 'Santiago Xiacui', ''),
(1495, 20, '497', 'Santiago Yaitepec', ''),
(1496, 20, '498', 'Santiago Yaveo', ''),
(1497, 20, '499', 'Santiago Yolomecatl', ''),
(1498, 20, '500', 'Santiago Yosondua', ''),
(1499, 20, '501', 'Santiago Yucuyachi', ''),
(1500, 20, '502', 'Santiago Zacatepec', ''),
(1501, 20, '503', 'Santiago Zoochila', ''),
(1502, 20, '504', 'Nuevo Zoquiapam', ''),
(1503, 20, '505', 'Santo Domingo Ingenio', ''),
(1504, 20, '506', 'Santo Domingo Albarradas', ''),
(1505, 20, '507', 'Santo Domingo Armenta', ''),
(1506, 20, '508', 'Santo Domingo Chihuitan', ''),
(1507, 20, '509', 'Santo Domingo de Morelos', ''),
(1508, 20, '510', 'Santo Domingo Ixcatlan', ''),
(1509, 20, '511', 'Santo Domingo Nuxaa', ''),
(1510, 20, '512', 'Santo Domingo Ozolotepec', ''),
(1511, 20, '513', 'Santo Domingo Petapa', ''),
(1512, 20, '514', 'Santo Domingo Roayaga', ''),
(1513, 20, '515', 'Santo Domingo Tehuantepec', ''),
(1514, 20, '516', 'Santo Domingo Teojomulco', ''),
(1515, 20, '517', 'Santo Domingo Tepuxtepec', ''),
(1516, 20, '518', 'Santo Domingo Tlatayapam', ''),
(1517, 20, '519', 'Santo Domingo Tomaltepec', ''),
(1518, 20, '520', 'Santo Domingo Tonala', ''),
(1519, 20, '521', 'Santo Domingo Tonaltepec', ''),
(1520, 20, '522', 'Santo Domingo Xagacia', ''),
(1521, 20, '523', 'Santo Domingo Yanhuitlan', ''),
(1522, 20, '524', 'Santo Domingo Yodohino', ''),
(1523, 20, '525', 'Santo Domingo Zanatepec', ''),
(1524, 20, '526', 'Santos Reyes Nopala', ''),
(1525, 20, '527', 'Santos Reyes Papalo', ''),
(1526, 20, '528', 'Santos Reyes Tepejillo', ''),
(1527, 20, '529', 'Santos Reyes Yucuna', ''),
(1528, 20, '530', 'Santo Tomas Jalieza', ''),
(1529, 20, '531', 'Santo Tomas Mazaltepec', ''),
(1530, 20, '532', 'Santo Tomas Ocotepec', ''),
(1531, 20, '533', 'Santo Tomas Tamazulapan', ''),
(1532, 20, '534', 'San Vicente Coatlan', ''),
(1533, 20, '535', 'San Vicente Lachixio', ''),
(1534, 20, '536', 'San Vicente Nu¤u', ''),
(1535, 20, '537', 'Silacayoapam', ''),
(1536, 20, '538', 'Sitio de Xitlapehua', ''),
(1537, 20, '539', 'Soledad Etla', ''),
(1538, 20, '540', 'Villa de Tamazulapam del Progreso', ''),
(1539, 20, '541', 'Tanetze de Zaragoza', ''),
(1540, 20, '542', 'Taniche', ''),
(1541, 20, '543', 'Tataltepec de Valdes', ''),
(1542, 20, '544', 'Teococuilco de Marcos Perez', ''),
(1543, 20, '545', 'Teotitlan de Flores Magon', ''),
(1544, 20, '546', 'Teotitlan del Valle', ''),
(1545, 20, '547', 'Teotongo', ''),
(1546, 20, '548', 'Tepelmeme Villa de Morelos', ''),
(1547, 20, '549', 'Heroica Villa Tezoatlan de Segura y Luna, Cuna de ', ''),
(1548, 20, '549', 'Heroica Villa Tezoatlan de Segura y Luna, Cuna de ', ''),
(1549, 20, '549', 'Heroica Villa Tezoatlan de Segura y Luna, Cuna de ', ''),
(1550, 20, '549', 'Heroica Villa Tezoatlan de Segura y Luna, Cuna de ', ''),
(1551, 20, '549', 'Heroica Villa Tezoatlan de Segura y Luna, Cuna de ', ''),
(1552, 20, '549', 'Heroica Villa Tezoatlan de Segura y Luna, Cuna de ', ''),
(1553, 20, '549', 'Heroica Villa Tezoatlan de Segura y Luna, Cuna de ', ''),
(1554, 20, '549', 'Heroica Villa Tezoatlan de Segura y Luna, Cuna de ', ''),
(1555, 20, '549', 'Heroica Villa Tezoatlan de Segura y Luna, Cuna de ', ''),
(1556, 20, '549', 'Heroica Villa Tezoatlan de Segura y Luna, Cuna de ', ''),
(1557, 20, '549', 'Heroica Villa Tezoatlan de Segura y Luna, Cuna de ', ''),
(1558, 20, '549', 'Heroica Villa Tezoatlan de Segura y Luna, Cuna de ', ''),
(1559, 20, '549', 'Heroica Villa Tezoatlan de Segura y Luna, Cuna de ', ''),
(1560, 20, '549', 'Heroica Villa Tezoatlan de Segura y Luna, Cuna de ', ''),
(1561, 20, '549', 'Heroica Villa Tezoatlan de Segura y Luna, Cuna de ', ''),
(1562, 20, '549', 'Heroica Villa Tezoatlan de Segura y Luna, Cuna de ', ''),
(1563, 20, '549', 'Heroica Villa Tezoatlan de Segura y Luna, Cuna de ', ''),
(1564, 20, '549', 'Heroica Villa Tezoatlan de Segura y Luna, Cuna de ', ''),
(1565, 20, '549', 'Heroica Villa Tezoatlan de Segura y Luna, Cuna de ', ''),
(1566, 20, '549', 'Heroica Villa Tezoatlan de Segura y Luna, Cuna de ', ''),
(1567, 20, '549', 'Heroica Villa Tezoatlan de Segura y Luna, Cuna de ', ''),
(1568, 20, '549', 'Heroica Villa Tezoatlan de Segura y Luna, Cuna de ', ''),
(1569, 20, '549', 'Heroica Villa Tezoatlan de Segura y Luna, Cuna de ', ''),
(1570, 20, '549', 'Heroica Villa Tezoatlan de Segura y Luna, Cuna de ', ''),
(1571, 20, '549', 'Heroica Villa Tezoatlan de Segura y Luna, Cuna de ', ''),
(1572, 20, '549', 'Heroica Villa Tezoatlan de Segura y Luna, Cuna de ', ''),
(1573, 20, '549', 'Heroica Villa Tezoatlan de Segura y Luna, Cuna de ', ''),
(1574, 20, '549', 'Heroica Villa Tezoatlan de Segura y Luna, Cuna de ', ''),
(1575, 20, '549', 'Heroica Villa Tezoatlan de Segura y Luna, Cuna de ', ''),
(1576, 20, '549', 'Heroica Villa Tezoatlan de Segura y Luna, Cuna de ', ''),
(1577, 20, '549', 'Heroica Villa Tezoatlan de Segura y Luna, Cuna de ', ''),
(1578, 20, '549', 'Heroica Villa Tezoatlan de Segura y Luna, Cuna de ', ''),
(1579, 20, '549', 'Heroica Villa Tezoatlan de Segura y Luna, Cuna de ', ''),
(1580, 20, '549', 'Heroica Villa Tezoatlan de Segura y Luna, Cuna de ', ''),
(1581, 20, '549', 'Heroica Villa Tezoatlan de Segura y Luna, Cuna de ', ''),
(1582, 20, '549', 'Heroica Villa Tezoatlan de Segura y Luna, Cuna de ', ''),
(1583, 20, '550', 'San Jeronimo Tlacochahuaya', ''),
(1584, 20, '551', 'Tlacolula de Matamoros', ''),
(1585, 20, '552', 'Tlacotepec Plumas', ''),
(1586, 20, '553', 'Tlalixtac de Cabrera', ''),
(1587, 20, '554', 'Totontepec Villa de Morelos', ''),
(1588, 20, '555', 'Trinidad Zaachila', ''),
(1589, 20, '556', 'La Trinidad Vista Hermosa', ''),
(1590, 20, '557', 'Union Hidalgo', ''),
(1591, 20, '558', 'Valerio Trujano', ''),
(1592, 20, '559', 'San Juan Bautista Valle Nacional', ''),
(1593, 20, '560', 'Villa Diaz Ordaz', ''),
(1594, 20, '561', 'Yaxe', ''),
(1595, 20, '562', 'Magdalena Yodocono de Porfirio Diaz', ''),
(1596, 20, '563', 'Yogana', ''),
(1597, 20, '564', 'Yutanduchi de Guerrero', ''),
(1598, 20, '565', 'Villa de Zaachila', ''),
(1599, 20, '566', 'San Mateo Yucutindo', ''),
(1600, 20, '567', 'Zapotitlan Lagunas', ''),
(1601, 20, '568', 'Zapotitlan Palmas', ''),
(1602, 20, '569', 'Santa Ines de Zaragoza', ''),
(1603, 20, '570', 'Zimatlan de µlvarez', ''),
(1604, 21, '001', 'Acajete', ''),
(1605, 21, '002', 'Acateno', ''),
(1606, 21, '003', 'Acatlan', ''),
(1607, 21, '004', 'Acatzingo', ''),
(1608, 21, '005', 'Acteopan', ''),
(1609, 21, '006', 'Ahuacatlan', ''),
(1610, 21, '007', 'Ahuatlan', ''),
(1611, 21, '008', 'Ahuazotepec', ''),
(1612, 21, '009', 'Ahuehuetitla', ''),
(1613, 21, '010', 'Ajalpan', ''),
(1614, 21, '011', 'Albino Zertuche', ''),
(1615, 21, '012', 'Aljojuca', ''),
(1616, 21, '013', 'Altepexi', ''),
(1617, 21, '014', 'Amixtlan', ''),
(1618, 21, '015', 'Amozoc', ''),
(1619, 21, '016', 'Aquixtla', ''),
(1620, 21, '017', 'Atempan', ''),
(1621, 21, '018', 'Atexcal', ''),
(1622, 21, '019', 'Atlixco', ''),
(1623, 21, '020', 'Atoyatempan', ''),
(1624, 21, '021', 'Atzala', ''),
(1625, 21, '022', 'Atzitzihuacan', ''),
(1626, 21, '023', 'Atzitzintla', ''),
(1627, 21, '024', 'Axutla', ''),
(1628, 21, '025', 'Ayotoxco de Guerrero', ''),
(1629, 21, '026', 'Calpan', ''),
(1630, 21, '027', 'Caltepec', ''),
(1631, 21, '028', 'Camocuautla', ''),
(1632, 21, '029', 'Caxhuacan', ''),
(1633, 21, '030', 'Coatepec', ''),
(1634, 21, '031', 'Coatzingo', ''),
(1635, 21, '032', 'Cohetzala', ''),
(1636, 21, '033', 'Cohuecan', ''),
(1637, 21, '034', 'Coronango', ''),
(1638, 21, '035', 'Coxcatlan', ''),
(1639, 21, '036', 'Coyomeapan', ''),
(1640, 21, '037', 'Coyotepec', ''),
(1641, 21, '038', 'Cuapiaxtla de Madero', ''),
(1642, 21, '039', 'Cuautempan', ''),
(1643, 21, '040', 'Cuautinchan', ''),
(1644, 21, '041', 'Cuautlancingo', ''),
(1645, 21, '042', 'Cuayuca de Andrade', ''),
(1646, 21, '043', 'Cuetzalan del Progreso', ''),
(1647, 21, '044', 'Cuyoaco', ''),
(1648, 21, '045', 'Chalchicomula de Sesma', ''),
(1649, 21, '046', 'Chapulco', ''),
(1650, 21, '047', 'Chiautla', ''),
(1651, 21, '048', 'Chiautzingo', ''),
(1652, 21, '049', 'Chiconcuautla', ''),
(1653, 21, '050', 'Chichiquila', ''),
(1654, 21, '051', 'Chietla', ''),
(1655, 21, '052', 'Chigmecatitlan', ''),
(1656, 21, '053', 'Chignahuapan', ''),
(1657, 21, '054', 'Chignautla', ''),
(1658, 21, '055', 'Chila', ''),
(1659, 21, '056', 'Chila de la Sal', ''),
(1660, 21, '057', 'Honey', ''),
(1661, 21, '058', 'Chilchotla', ''),
(1662, 21, '059', 'Chinantla', ''),
(1663, 21, '060', 'Domingo Arenas', ''),
(1664, 21, '061', 'Eloxochitlan', ''),
(1665, 21, '062', 'Epatlan', ''),
(1666, 21, '063', 'Esperanza', ''),
(1667, 21, '064', 'Francisco Z. Mena', ''),
(1668, 21, '065', 'General Felipe µngeles', ''),
(1669, 21, '066', 'Guadalupe', ''),
(1670, 21, '067', 'Guadalupe Victoria', ''),
(1671, 21, '068', 'Hermenegildo Galeana', ''),
(1672, 21, '069', 'Huaquechula', ''),
(1673, 21, '070', 'Huatlatlauca', ''),
(1674, 21, '071', 'Huauchinango', ''),
(1675, 21, '072', 'Huehuetla', ''),
(1676, 21, '073', 'Huehuetlan el Chico', ''),
(1677, 21, '074', 'Huejotzingo', ''),
(1678, 21, '075', 'Hueyapan', ''),
(1679, 21, '076', 'Hueytamalco', ''),
(1680, 21, '077', 'Hueytlalpan', ''),
(1681, 21, '078', 'Huitzilan de Serdan', ''),
(1682, 21, '079', 'Huitziltepec', ''),
(1683, 21, '080', 'Atlequizayan', ''),
(1684, 21, '081', 'Ixcamilpa de Guerrero', ''),
(1685, 21, '082', 'Ixcaquixtla', ''),
(1686, 21, '083', 'Ixtacamaxtitlan', ''),
(1687, 21, '084', 'Ixtepec', ''),
(1688, 21, '085', 'Izucar de Matamoros', ''),
(1689, 21, '086', 'Jalpan', ''),
(1690, 21, '087', 'Jolalpan', ''),
(1691, 21, '088', 'Jonotla', ''),
(1692, 21, '089', 'Jopala', ''),
(1693, 21, '090', 'Juan C. Bonilla', ''),
(1694, 21, '091', 'Juan Galindo', ''),
(1695, 21, '092', 'Juan N. Mendez', ''),
(1696, 21, '093', 'Lafragua', ''),
(1697, 21, '094', 'Libres', ''),
(1698, 21, '095', 'La Magdalena Tlatlauquitepec', ''),
(1699, 21, '096', 'Mazapiltepec de Juarez', ''),
(1700, 21, '097', 'Mixtla', ''),
(1701, 21, '098', 'Molcaxac', ''),
(1702, 21, '099', 'Ca¤ada Morelos', ''),
(1703, 21, '100', 'Naupan', ''),
(1704, 21, '101', 'Nauzontla', ''),
(1705, 21, '102', 'Nealtican', ''),
(1706, 21, '103', 'Nicolas Bravo', ''),
(1707, 21, '104', 'Nopalucan', ''),
(1708, 21, '105', 'Ocotepec', ''),
(1709, 21, '106', 'Ocoyucan', ''),
(1710, 21, '107', 'Olintla', ''),
(1711, 21, '108', 'Oriental', ''),
(1712, 21, '109', 'Pahuatlan', ''),
(1713, 21, '110', 'Palmar de Bravo', ''),
(1714, 21, '111', 'Pantepec', ''),
(1715, 21, '112', 'Petlalcingo', ''),
(1716, 21, '113', 'Piaxtla', ''),
(1717, 21, '114', 'Puebla', ''),
(1718, 21, '115', 'Quecholac', ''),
(1719, 21, '116', 'Quimixtlan', ''),
(1720, 21, '117', 'Rafael Lara Grajales', ''),
(1721, 21, '118', 'Los Reyes de Juarez', ''),
(1722, 21, '119', 'San Andres Cholula', ''),
(1723, 21, '120', 'San Antonio Ca¤ada', ''),
(1724, 21, '121', 'San Diego la Mesa Tochimiltzingo', ''),
(1725, 21, '122', 'San Felipe Teotlalcingo', ''),
(1726, 21, '123', 'San Felipe Tepatlan', ''),
(1727, 21, '124', 'San Gabriel Chilac', ''),
(1728, 21, '125', 'San Gregorio Atzompa', ''),
(1729, 21, '126', 'San Jeronimo Tecuanipan', ''),
(1730, 21, '127', 'San Jeronimo Xayacatlan', ''),
(1731, 21, '128', 'San Jose Chiapa', ''),
(1732, 21, '129', 'San Jose Miahuatlan', ''),
(1733, 21, '130', 'San Juan Atenco', ''),
(1734, 21, '131', 'San Juan Atzompa', ''),
(1735, 21, '132', 'San Martin Texmelucan', ''),
(1736, 21, '133', 'San Martin Totoltepec', ''),
(1737, 21, '134', 'San Matias Tlalancaleca', ''),
(1738, 21, '135', 'San Miguel Ixitlan', ''),
(1739, 21, '136', 'San Miguel Xoxtla', ''),
(1740, 21, '137', 'San Nicolas Buenos Aires', ''),
(1741, 21, '138', 'San Nicolas de los Ranchos', ''),
(1742, 21, '139', 'San Pablo Anicano', ''),
(1743, 21, '140', 'San Pedro Cholula', ''),
(1744, 21, '141', 'San Pedro Yeloixtlahuaca', ''),
(1745, 21, '142', 'San Salvador el Seco', ''),
(1746, 21, '143', 'San Salvador el Verde', ''),
(1747, 21, '144', 'San Salvador Huixcolotla', ''),
(1748, 21, '145', 'San Sebastian Tlacotepec', ''),
(1749, 21, '146', 'Santa Catarina Tlaltempan', ''),
(1750, 21, '147', 'Santa Ines Ahuatempan', ''),
(1751, 21, '148', 'Santa Isabel Cholula', ''),
(1752, 21, '149', 'Santiago Miahuatlan', ''),
(1753, 21, '150', 'Huehuetlan el Grande', ''),
(1754, 21, '151', 'Santo Tomas Hueyotlipan', ''),
(1755, 21, '152', 'Soltepec', ''),
(1756, 21, '153', 'Tecali de Herrera', ''),
(1757, 21, '154', 'Tecamachalco', ''),
(1758, 21, '155', 'Tecomatlan', ''),
(1759, 21, '156', 'Tehuacan', ''),
(1760, 21, '157', 'Tehuitzingo', ''),
(1761, 21, '158', 'Tenampulco', ''),
(1762, 21, '159', 'Teopantlan', ''),
(1763, 21, '160', 'Teotlalco', ''),
(1764, 21, '161', 'Tepanco de Lopez', ''),
(1765, 21, '162', 'Tepango de Rodriguez', ''),
(1766, 21, '163', 'Tepatlaxco de Hidalgo', ''),
(1767, 21, '164', 'Tepeaca', ''),
(1768, 21, '165', 'Tepemaxalco', ''),
(1769, 21, '166', 'Tepeojuma', ''),
(1770, 21, '167', 'Tepetzintla', ''),
(1771, 21, '168', 'Tepexco', ''),
(1772, 21, '169', 'Tepexi de Rodriguez', ''),
(1773, 21, '170', 'Tepeyahualco', ''),
(1774, 21, '171', 'Tepeyahualco de Cuauhtemoc', ''),
(1775, 21, '172', 'Tetela de Ocampo', ''),
(1776, 21, '173', 'Teteles de Avila Castillo', ''),
(1777, 21, '174', 'Teziutlan', ''),
(1778, 21, '175', 'Tianguismanalco', ''),
(1779, 21, '176', 'Tilapa', ''),
(1780, 21, '177', 'Tlacotepec de Benito Juarez', ''),
(1781, 21, '178', 'Tlacuilotepec', ''),
(1782, 21, '179', 'Tlachichuca', ''),
(1783, 21, '180', 'Tlahuapan', ''),
(1784, 21, '181', 'Tlaltenango', ''),
(1785, 21, '182', 'Tlanepantla', ''),
(1786, 21, '183', 'Tlaola', ''),
(1787, 21, '184', 'Tlapacoya', ''),
(1788, 21, '185', 'Tlapanala', ''),
(1789, 21, '186', 'Tlatlauquitepec', ''),
(1790, 21, '187', 'Tlaxco', ''),
(1791, 21, '188', 'Tochimilco', ''),
(1792, 21, '189', 'Tochtepec', ''),
(1793, 21, '190', 'Totoltepec de Guerrero', ''),
(1794, 21, '191', 'Tulcingo', ''),
(1795, 21, '192', 'Tuzamapan de Galeana', ''),
(1796, 21, '193', 'Tzicatlacoyan', ''),
(1797, 21, '194', 'Venustiano Carranza', ''),
(1798, 21, '195', 'Vicente Guerrero', ''),
(1799, 21, '196', 'Xayacatlan de Bravo', ''),
(1800, 21, '197', 'Xicotepec', ''),
(1801, 21, '198', 'Xicotlan', ''),
(1802, 21, '199', 'Xiutetelco', ''),
(1803, 21, '200', 'Xochiapulco', ''),
(1804, 21, '201', 'Xochiltepec', ''),
(1805, 21, '202', 'Xochitlan de Vicente Suarez', ''),
(1806, 21, '203', 'Xochitlan Todos Santos', ''),
(1807, 21, '204', 'Yaonahuac', ''),
(1808, 21, '205', 'Yehualtepec', ''),
(1809, 21, '206', 'Zacapala', ''),
(1810, 21, '207', 'Zacapoaxtla', ''),
(1811, 21, '208', 'Zacatlan', ''),
(1812, 21, '209', 'Zapotitlan', ''),
(1813, 21, '210', 'Zapotitlan de Mendez', ''),
(1814, 21, '211', 'Zaragoza', ''),
(1815, 21, '212', 'Zautla', ''),
(1816, 21, '213', 'Zihuateutla', ''),
(1817, 21, '214', 'Zinacatepec', ''),
(1818, 21, '215', 'Zongozotla', ''),
(1819, 21, '216', 'Zoquiapan', ''),
(1820, 21, '217', 'Zoquitlan', ''),
(1821, 22, '001', 'Amealco de Bonfil', ''),
(1822, 22, '002', 'Pinal de Amoles', ''),
(1823, 22, '003', 'Arroyo Seco', ''),
(1824, 22, '004', 'Cadereyta de Montes', ''),
(1825, 22, '005', 'Colon', ''),
(1826, 22, '006', 'Corregidora', ''),
(1827, 22, '007', 'Ezequiel Montes', ''),
(1828, 22, '008', 'Huimilpan', ''),
(1829, 22, '009', 'Jalpan de Serra', ''),
(1830, 22, '010', 'Landa de Matamoros', ''),
(1831, 22, '011', 'El Marques', ''),
(1832, 22, '012', 'Pedro Escobedo', ''),
(1833, 22, '013', 'Pe¤amiller', ''),
(1834, 22, '014', 'Queretaro', ''),
(1835, 22, '015', 'San Joaquin', ''),
(1836, 22, '016', 'San Juan del Rio', ''),
(1837, 22, '017', 'Tequisquiapan', ''),
(1838, 22, '018', 'Toliman', ''),
(1839, 23, '001', 'Cozumel', ''),
(1840, 23, '002', 'Felipe Carrillo Puerto', ''),
(1841, 23, '003', 'Isla Mujeres', ''),
(1842, 23, '004', 'Othon P. Blanco', ''),
(1843, 23, '005', 'Benito Juarez', ''),
(1844, 23, '006', 'Jose Maria Morelos', ''),
(1845, 23, '007', 'Lazaro Cardenas', ''),
(1846, 23, '008', 'Solidaridad', ''),
(1847, 23, '009', 'Tulum', ''),
(1848, 23, '010', 'Bacalar', ''),
(1849, 24, '001', 'Ahualulco', ''),
(1850, 24, '002', 'Alaquines', ''),
(1851, 24, '003', 'Aquismon', ''),
(1852, 24, '004', 'Armadillo de los Infante', ''),
(1853, 24, '005', 'Cardenas', ''),
(1854, 24, '006', 'Catorce', ''),
(1855, 24, '007', 'Cedral', ''),
(1856, 24, '008', 'Cerritos', ''),
(1857, 24, '009', 'Cerro de San Pedro', ''),
(1858, 24, '010', 'Ciudad del Maiz', ''),
(1859, 24, '011', 'Ciudad Fernandez', ''),
(1860, 24, '012', 'Tancanhuitz', ''),
(1861, 24, '013', 'Ciudad Valles', ''),
(1862, 24, '014', 'Coxcatlan', ''),
(1863, 24, '015', 'Charcas', ''),
(1864, 24, '016', 'Ebano', ''),
(1865, 24, '017', 'Guadalcazar', ''),
(1866, 24, '018', 'Huehuetlan', ''),
(1867, 24, '019', 'Lagunillas', ''),
(1868, 24, '020', 'Matehuala', ''),
(1869, 24, '021', 'Mexquitic de Carmona', ''),
(1870, 24, '022', 'Moctezuma', ''),
(1871, 24, '023', 'Rayon', ''),
(1872, 24, '024', 'Rioverde', ''),
(1873, 24, '025', 'Salinas', ''),
(1874, 24, '026', 'San Antonio', ''),
(1875, 24, '027', 'San Ciro de Acosta', ''),
(1876, 24, '028', 'San Luis Potosi', ''),
(1877, 24, '029', 'San Martin Chalchicuautla', ''),
(1878, 24, '030', 'San Nicolas Tolentino', ''),
(1879, 24, '031', 'Santa Catarina', ''),
(1880, 24, '032', 'Santa Maria del Rio', ''),
(1881, 24, '033', 'Santo Domingo', ''),
(1882, 24, '034', 'San Vicente Tancuayalab', ''),
(1883, 24, '035', 'Soledad de Graciano Sanchez', ''),
(1884, 24, '036', 'Tamasopo', ''),
(1885, 24, '037', 'Tamazunchale', ''),
(1886, 24, '038', 'Tampacan', ''),
(1887, 24, '039', 'Tampamolon Corona', ''),
(1888, 24, '040', 'Tamuin', ''),
(1889, 24, '041', 'Tanlajas', ''),
(1890, 24, '042', 'Tanquian de Escobedo', ''),
(1891, 24, '043', 'Tierra Nueva', ''),
(1892, 24, '044', 'Vanegas', ''),
(1893, 24, '045', 'Venado', ''),
(1894, 24, '046', 'Villa de Arriaga', ''),
(1895, 24, '047', 'Villa de Guadalupe', ''),
(1896, 24, '048', 'Villa de la Paz', ''),
(1897, 24, '049', 'Villa de Ramos', ''),
(1898, 24, '050', 'Villa de Reyes', ''),
(1899, 24, '051', 'Villa Hidalgo', ''),
(1900, 24, '052', 'Villa Juarez', ''),
(1901, 24, '053', 'Axtla de Terrazas', ''),
(1902, 24, '054', 'Xilitla', ''),
(1903, 24, '055', 'Zaragoza', ''),
(1904, 24, '056', 'Villa de Arista', ''),
(1905, 24, '057', 'Matlapa', ''),
(1906, 24, '058', 'El Naranjo', ''),
(1907, 25, '001', 'Ahome', ''),
(1908, 25, '002', 'Angostura', ''),
(1909, 25, '003', 'Badiraguato', ''),
(1910, 25, '004', 'Concordia', ''),
(1911, 25, '005', 'Cosala', ''),
(1912, 25, '006', 'Culiacan', ''),
(1913, 25, '007', 'Choix', ''),
(1914, 25, '008', 'Elota', ''),
(1915, 25, '009', 'Escuinapa', ''),
(1916, 25, '010', 'El Fuerte', ''),
(1917, 25, '011', 'Guasave', ''),
(1918, 25, '012', 'Mazatlan', ''),
(1919, 25, '013', 'Mocorito', ''),
(1920, 25, '014', 'Rosario', ''),
(1921, 25, '015', 'Salvador Alvarado', ''),
(1922, 25, '016', 'San Ignacio', ''),
(1923, 25, '017', 'Sinaloa', ''),
(1924, 25, '018', 'Navolato', ''),
(1925, 26, '001', 'Aconchi', ''),
(1926, 26, '002', 'Agua Prieta', ''),
(1927, 26, '003', 'Alamos', ''),
(1928, 26, '004', 'Altar', ''),
(1929, 26, '005', 'Arivechi', ''),
(1930, 26, '006', 'Arizpe', ''),
(1931, 26, '007', 'Atil', ''),
(1932, 26, '008', 'Bacadehuachi', ''),
(1933, 26, '009', 'Bacanora', ''),
(1934, 26, '010', 'Bacerac', ''),
(1935, 26, '011', 'Bacoachi', ''),
(1936, 26, '012', 'Bacum', ''),
(1937, 26, '013', 'Banamichi', ''),
(1938, 26, '014', 'Baviacora', ''),
(1939, 26, '015', 'Bavispe', ''),
(1940, 26, '016', 'Benjamin Hill', ''),
(1941, 26, '017', 'Caborca', ''),
(1942, 26, '018', 'Cajeme', ''),
(1943, 26, '019', 'Cananea', ''),
(1944, 26, '020', 'Carbo', ''),
(1945, 26, '021', 'La Colorada', ''),
(1946, 26, '022', 'Cucurpe', ''),
(1947, 26, '023', 'Cumpas', ''),
(1948, 26, '024', 'Divisaderos', ''),
(1949, 26, '025', 'Empalme', ''),
(1950, 26, '026', 'Etchojoa', ''),
(1951, 26, '027', 'Fronteras', ''),
(1952, 26, '028', 'Granados', ''),
(1953, 26, '029', 'Guaymas', ''),
(1954, 26, '030', 'Hermosillo', ''),
(1955, 26, '031', 'Huachinera', ''),
(1956, 26, '032', 'Huasabas', ''),
(1957, 26, '033', 'Huatabampo', ''),
(1958, 26, '034', 'Huepac', ''),
(1959, 26, '035', 'Imuris', ''),
(1960, 26, '036', 'Magdalena', ''),
(1961, 26, '037', 'Mazatan', ''),
(1962, 26, '038', 'Moctezuma', ''),
(1963, 26, '039', 'Naco', ''),
(1964, 26, '040', 'Nacori Chico', ''),
(1965, 26, '041', 'Nacozari de Garcia', ''),
(1966, 26, '042', 'Navojoa', ''),
(1967, 26, '043', 'Nogales', ''),
(1968, 26, '044', 'Onavas', ''),
(1969, 26, '045', 'Opodepe', ''),
(1970, 26, '046', 'Oquitoa', ''),
(1971, 26, '047', 'Pitiquito', ''),
(1972, 26, '048', 'Puerto Pe¤asco', ''),
(1973, 26, '049', 'Quiriego', ''),
(1974, 26, '050', 'Rayon', ''),
(1975, 26, '051', 'Rosario', ''),
(1976, 26, '052', 'Sahuaripa', ''),
(1977, 26, '053', 'San Felipe de Jesus', ''),
(1978, 26, '054', 'San Javier', ''),
(1979, 26, '055', 'San Luis Rio Colorado', ''),
(1980, 26, '056', 'San Miguel de Horcasitas', ''),
(1981, 26, '057', 'San Pedro de la Cueva', ''),
(1982, 26, '058', 'Santa Ana', ''),
(1983, 26, '059', 'Santa Cruz', ''),
(1984, 26, '060', 'Saric', ''),
(1985, 26, '061', 'Soyopa', ''),
(1986, 26, '062', 'Suaqui Grande', ''),
(1987, 26, '063', 'Tepache', ''),
(1988, 26, '064', 'Trincheras', ''),
(1989, 26, '065', 'Tubutama', ''),
(1990, 26, '066', 'Ures', ''),
(1991, 26, '067', 'Villa Hidalgo', ''),
(1992, 26, '068', 'Villa Pesqueira', ''),
(1993, 26, '069', 'Yecora', ''),
(1994, 26, '070', 'General Plutarco Elias Calles', ''),
(1995, 26, '071', 'Benito Juarez', ''),
(1996, 26, '072', 'San Ignacio Rio Muerto', ''),
(1997, 27, '001', 'Balancan', ''),
(1998, 27, '002', 'Cardenas', ''),
(1999, 27, '003', 'Centla', ''),
(2000, 27, '004', 'Centro', ''),
(2001, 27, '005', 'Comalcalco', ''),
(2002, 27, '006', 'Cunduacan', ''),
(2003, 27, '007', 'Emiliano Zapata', ''),
(2004, 27, '008', 'Huimanguillo', ''),
(2005, 27, '009', 'Jalapa', ''),
(2006, 27, '010', 'Jalpa de Mendez', ''),
(2007, 27, '011', 'Jonuta', ''),
(2008, 27, '012', 'Macuspana', ''),
(2009, 27, '013', 'Nacajuca', ''),
(2010, 27, '014', 'Paraiso', ''),
(2011, 27, '015', 'Tacotalpa', ''),
(2012, 27, '016', 'Teapa', ''),
(2013, 27, '017', 'Tenosique', ''),
(2014, 28, '001', 'Abasolo', ''),
(2015, 28, '002', 'Aldama', ''),
(2016, 28, '003', 'Altamira', ''),
(2017, 28, '004', 'Antiguo Morelos', ''),
(2018, 28, '005', 'Burgos', ''),
(2019, 28, '006', 'Bustamante', ''),
(2020, 28, '007', 'Camargo', ''),
(2021, 28, '008', 'Casas', ''),
(2022, 28, '009', 'Ciudad Madero', ''),
(2023, 28, '010', 'Cruillas', ''),
(2024, 28, '011', 'Gomez Farias', ''),
(2025, 28, '012', 'Gonzalez', ''),
(2026, 28, '013', 'Gemez', ''),
(2027, 28, '014', 'Guerrero', ''),
(2028, 28, '015', 'Gustavo Diaz Ordaz', ''),
(2029, 28, '016', 'Hidalgo', ''),
(2030, 28, '017', 'Jaumave', ''),
(2031, 28, '018', 'Jimenez', ''),
(2032, 28, '019', 'Llera', ''),
(2033, 28, '020', 'Mainero', ''),
(2034, 28, '021', 'El Mante', ''),
(2035, 28, '022', 'Matamoros', ''),
(2036, 28, '023', 'Mendez', ''),
(2037, 28, '024', 'Mier', ''),
(2038, 28, '025', 'Miguel Aleman', ''),
(2039, 28, '026', 'Miquihuana', ''),
(2040, 28, '027', 'Nuevo Laredo', ''),
(2041, 28, '028', 'Nuevo Morelos', ''),
(2042, 28, '029', 'Ocampo', ''),
(2043, 28, '030', 'Padilla', ''),
(2044, 28, '031', 'Palmillas', ''),
(2045, 28, '032', 'Reynosa', ''),
(2046, 28, '033', 'Rio Bravo', ''),
(2047, 28, '034', 'San Carlos', ''),
(2048, 28, '035', 'San Fernando', ''),
(2049, 28, '036', 'San Nicolas', ''),
(2050, 28, '037', 'Soto la Marina', ''),
(2051, 28, '038', 'Tampico', ''),
(2052, 28, '039', 'Tula', ''),
(2053, 28, '040', 'Valle Hermoso', ''),
(2054, 28, '041', 'Victoria', ''),
(2055, 28, '042', 'Villagran', ''),
(2056, 28, '043', 'Xicotencatl', ''),
(2057, 29, '001', 'Amaxac de Guerrero', ''),
(2058, 29, '002', 'Apetatitlan de Antonio Carvajal', ''),
(2059, 29, '003', 'Atlangatepec', ''),
(2060, 29, '004', 'Atltzayanca', ''),
(2061, 29, '005', 'Apizaco', ''),
(2062, 29, '006', 'Calpulalpan', ''),
(2063, 29, '007', 'El Carmen Tequexquitla', ''),
(2064, 29, '008', 'Cuapiaxtla', ''),
(2065, 29, '009', 'Cuaxomulco', ''),
(2066, 29, '010', 'Chiautempan', ''),
(2067, 29, '011', 'Mu¤oz de Domingo Arenas', ''),
(2068, 29, '012', 'Espa¤ita', ''),
(2069, 29, '013', 'Huamantla', ''),
(2070, 29, '014', 'Hueyotlipan', ''),
(2071, 29, '015', 'Ixtacuixtla de Mariano Matamoros', ''),
(2072, 29, '016', 'Ixtenco', ''),
(2073, 29, '017', 'Mazatecochco de Jose Maria Morelos', ''),
(2074, 29, '018', 'Contla de Juan Cuamatzi', ''),
(2075, 29, '019', 'Tepetitla de Lardizabal', ''),
(2076, 29, '020', 'Sanctorum de Lazaro Cardenas', ''),
(2077, 29, '021', 'Nanacamilpa de Mariano Arista', ''),
(2078, 29, '022', 'Acuamanala de Miguel Hidalgo', ''),
(2079, 29, '023', 'Nativitas', ''),
(2080, 29, '024', 'Panotla', ''),
(2081, 29, '025', 'San Pablo del Monte', ''),
(2082, 29, '026', 'Santa Cruz Tlaxcala', ''),
(2083, 29, '027', 'Tenancingo', ''),
(2084, 29, '028', 'Teolocholco', ''),
(2085, 29, '029', 'Tepeyanco', ''),
(2086, 29, '030', 'Terrenate', ''),
(2087, 29, '031', 'Tetla de la Solidaridad', ''),
(2088, 29, '032', 'Tetlatlahuca', ''),
(2089, 29, '033', 'Tlaxcala', ''),
(2090, 29, '034', 'Tlaxco', ''),
(2091, 29, '035', 'Tocatlan', ''),
(2092, 29, '036', 'Totolac', ''),
(2093, 29, '037', 'Ziltlaltepec de Trinidad Sanchez Santos', ''),
(2094, 29, '038', 'Tzompantepec', ''),
(2095, 29, '039', 'Xaloztoc', ''),
(2096, 29, '040', 'Xaltocan', ''),
(2097, 29, '041', 'Papalotla de Xicohtencatl', ''),
(2098, 29, '042', 'Xicohtzinco', ''),
(2099, 29, '043', 'Yauhquemehcan', ''),
(2100, 29, '044', 'Zacatelco', ''),
(2101, 29, '045', 'Benito Juarez', ''),
(2102, 29, '046', 'Emiliano Zapata', ''),
(2103, 29, '047', 'Lazaro Cardenas', ''),
(2104, 29, '048', 'La Magdalena Tlaltelulco', ''),
(2105, 29, '049', 'San Damian Texoloc', ''),
(2106, 29, '050', 'San Francisco Tetlanohcan', ''),
(2107, 29, '051', 'San Jeronimo Zacualpan', ''),
(2108, 29, '052', 'San Jose Teacalco', ''),
(2109, 29, '053', 'San Juan Huactzinco', ''),
(2110, 29, '054', 'San Lorenzo Axocomanitla', ''),
(2111, 29, '055', 'San Lucas Tecopilco', ''),
(2112, 29, '056', 'Santa Ana Nopalucan', ''),
(2113, 29, '057', 'Santa Apolonia Teacalco', ''),
(2114, 29, '058', 'Santa Catarina Ayometla', ''),
(2115, 29, '059', 'Santa Cruz Quilehtla', ''),
(2116, 29, '060', 'Santa Isabel Xiloxoxtla', ''),
(2117, 30, '001', 'Acajete', ''),
(2118, 30, '002', 'Acatlan', ''),
(2119, 30, '003', 'Acayucan', ''),
(2120, 30, '004', 'Actopan', ''),
(2121, 30, '005', 'Acula', ''),
(2122, 30, '006', 'Acultzingo', ''),
(2123, 30, '007', 'Camaron de Tejeda', ''),
(2124, 30, '008', 'Alpatlahuac', ''),
(2125, 30, '009', 'Alto Lucero de Gutierrez Barrios', ''),
(2126, 30, '010', 'Altotonga', ''),
(2127, 30, '011', 'Alvarado', ''),
(2128, 30, '012', 'Amatitlan', ''),
(2129, 30, '013', 'Naranjos Amatlan', ''),
(2130, 30, '014', 'Amatlan de los Reyes', ''),
(2131, 30, '015', 'Angel R. Cabada', ''),
(2132, 30, '016', 'La Antigua', ''),
(2133, 30, '017', 'Apazapan', ''),
(2134, 30, '018', 'Aquila', ''),
(2135, 30, '019', 'Astacinga', ''),
(2136, 30, '020', 'Atlahuilco', ''),
(2137, 30, '021', 'Atoyac', ''),
(2138, 30, '022', 'Atzacan', ''),
(2139, 30, '023', 'Atzalan', ''),
(2140, 30, '024', 'Tlaltetela', ''),
(2141, 30, '025', 'Ayahualulco', ''),
(2142, 30, '026', 'Banderilla', ''),
(2143, 30, '027', 'Benito Juarez', ''),
(2144, 30, '028', 'Boca del Rio', ''),
(2145, 30, '029', 'Calcahualco', ''),
(2146, 30, '030', 'Camerino Z. Mendoza', ''),
(2147, 30, '031', 'Carrillo Puerto', ''),
(2148, 30, '032', 'Catemaco', ''),
(2149, 30, '033', 'Cazones de Herrera', ''),
(2150, 30, '034', 'Cerro Azul', ''),
(2151, 30, '035', 'Citlaltepetl', ''),
(2152, 30, '036', 'Coacoatzintla', ''),
(2153, 30, '037', 'Coahuitlan', ''),
(2154, 30, '038', 'Coatepec', ''),
(2155, 30, '039', 'Coatzacoalcos', ''),
(2156, 30, '040', 'Coatzintla', ''),
(2157, 30, '041', 'Coetzala', ''),
(2158, 30, '042', 'Colipa', ''),
(2159, 30, '043', 'Comapa', ''),
(2160, 30, '044', 'Cordoba', ''),
(2161, 30, '045', 'Cosamaloapan de Carpio', ''),
(2162, 30, '046', 'Cosautlan de Carvajal', ''),
(2163, 30, '047', 'Coscomatepec', ''),
(2164, 30, '048', 'Cosoleacaque', ''),
(2165, 30, '049', 'Cotaxtla', ''),
(2166, 30, '050', 'Coxquihui', ''),
(2167, 30, '051', 'Coyutla', ''),
(2168, 30, '052', 'Cuichapa', ''),
(2169, 30, '053', 'Cuitlahuac', ''),
(2170, 30, '054', 'Chacaltianguis', ''),
(2171, 30, '055', 'Chalma', ''),
(2172, 30, '056', 'Chiconamel', ''),
(2173, 30, '057', 'Chiconquiaco', ''),
(2174, 30, '058', 'Chicontepec', ''),
(2175, 30, '059', 'Chinameca', ''),
(2176, 30, '060', 'Chinampa de Gorostiza', ''),
(2177, 30, '061', 'Las Choapas', ''),
(2178, 30, '062', 'Chocaman', ''),
(2179, 30, '063', 'Chontla', ''),
(2180, 30, '064', 'Chumatlan', ''),
(2181, 30, '065', 'Emiliano Zapata', ''),
(2182, 30, '066', 'Espinal', ''),
(2183, 30, '067', 'Filomeno Mata', ''),
(2184, 30, '068', 'Fortin', ''),
(2185, 30, '069', 'Gutierrez Zamora', ''),
(2186, 30, '070', 'Hidalgotitlan', ''),
(2187, 30, '071', 'Huatusco', ''),
(2188, 30, '072', 'Huayacocotla', ''),
(2189, 30, '073', 'Hueyapan de Ocampo', ''),
(2190, 30, '074', 'Huiloapan de Cuauhtemoc', ''),
(2191, 30, '075', 'Ignacio de la Llave', ''),
(2192, 30, '076', 'Ilamatlan', ''),
(2193, 30, '077', 'Isla', ''),
(2194, 30, '078', 'Ixcatepec', ''),
(2195, 30, '079', 'Ixhuacan de los Reyes', ''),
(2196, 30, '080', 'Ixhuatlan del Cafe', ''),
(2197, 30, '081', 'Ixhuatlancillo', ''),
(2198, 30, '082', 'Ixhuatlan del Sureste', ''),
(2199, 30, '083', 'Ixhuatlan de Madero', ''),
(2200, 30, '084', 'Ixmatlahuacan', ''),
(2201, 30, '085', 'Ixtaczoquitlan', ''),
(2202, 30, '086', 'Jalacingo', ''),
(2203, 30, '087', 'Xalapa', ''),
(2204, 30, '088', 'Jalcomulco', ''),
(2205, 30, '089', 'Jaltipan', ''),
(2206, 30, '090', 'Jamapa', ''),
(2207, 30, '091', 'Jesus Carranza', ''),
(2208, 30, '092', 'Xico', ''),
(2209, 30, '093', 'Jilotepec', ''),
(2210, 30, '094', 'Juan Rodriguez Clara', ''),
(2211, 30, '095', 'Juchique de Ferrer', ''),
(2212, 30, '096', 'Landero y Coss', ''),
(2213, 30, '097', 'Lerdo de Tejada', ''),
(2214, 30, '098', 'Magdalena', ''),
(2215, 30, '099', 'Maltrata', ''),
(2216, 30, '100', 'Manlio Fabio Altamirano', ''),
(2217, 30, '101', 'Mariano Escobedo', ''),
(2218, 30, '102', 'Martinez de la Torre', ''),
(2219, 30, '103', 'Mecatlan', ''),
(2220, 30, '104', 'Mecayapan', ''),
(2221, 30, '105', 'Medellin', ''),
(2222, 30, '106', 'Miahuatlan', ''),
(2223, 30, '107', 'Las Minas', ''),
(2224, 30, '108', 'Minatitlan', ''),
(2225, 30, '109', 'Misantla', ''),
(2226, 30, '110', 'Mixtla de Altamirano', ''),
(2227, 30, '111', 'Moloacan', ''),
(2228, 30, '112', 'Naolinco', ''),
(2229, 30, '113', 'Naranjal', ''),
(2230, 30, '114', 'Nautla', ''),
(2231, 30, '115', 'Nogales', ''),
(2232, 30, '116', 'Oluta', ''),
(2233, 30, '117', 'Omealca', ''),
(2234, 30, '118', 'Orizaba', ''),
(2235, 30, '119', 'Otatitlan', ''),
(2236, 30, '120', 'Oteapan', ''),
(2237, 30, '121', 'Ozuluama de Mascare¤as', ''),
(2238, 30, '122', 'Pajapan', ''),
(2239, 30, '123', 'Panuco', ''),
(2240, 30, '124', 'Papantla', ''),
(2241, 30, '125', 'Paso del Macho', ''),
(2242, 30, '126', 'Paso de Ovejas', ''),
(2243, 30, '127', 'La Perla', ''),
(2244, 30, '128', 'Perote', ''),
(2245, 30, '129', 'Platon Sanchez', ''),
(2246, 30, '130', 'Playa Vicente', ''),
(2247, 30, '131', 'Poza Rica de Hidalgo', ''),
(2248, 30, '132', 'Las Vigas de Ramirez', ''),
(2249, 30, '133', 'Pueblo Viejo', ''),
(2250, 30, '134', 'Puente Nacional', ''),
(2251, 30, '135', 'Rafael Delgado', ''),
(2252, 30, '136', 'Rafael Lucio', ''),
(2253, 30, '137', 'Los Reyes', ''),
(2254, 30, '138', 'Rio Blanco', ''),
(2255, 30, '139', 'Saltabarranca', ''),
(2256, 30, '140', 'San Andres Tenejapan', ''),
(2257, 30, '141', 'San Andres Tuxtla', ''),
(2258, 30, '142', 'San Juan Evangelista', ''),
(2259, 30, '143', 'Santiago Tuxtla', ''),
(2260, 30, '144', 'Sayula de Aleman', ''),
(2261, 30, '145', 'Soconusco', ''),
(2262, 30, '146', 'Sochiapa', ''),
(2263, 30, '147', 'Soledad Atzompa', ''),
(2264, 30, '148', 'Soledad de Doblado', ''),
(2265, 30, '149', 'Soteapan', ''),
(2266, 30, '150', 'Tamalin', ''),
(2267, 30, '151', 'Tamiahua', ''),
(2268, 30, '152', 'Tampico Alto', ''),
(2269, 30, '153', 'Tancoco', ''),
(2270, 30, '154', 'Tantima', ''),
(2271, 30, '155', 'Tantoyuca', ''),
(2272, 30, '156', 'Tatatila', ''),
(2273, 30, '157', 'Castillo de Teayo', ''),
(2274, 30, '158', 'Tecolutla', ''),
(2275, 30, '159', 'Tehuipango', ''),
(2276, 30, '160', 'µlamo Temapache', ''),
(2277, 30, '161', 'Tempoal', ''),
(2278, 30, '162', 'Tenampa', ''),
(2279, 30, '163', 'Tenochtitlan', ''),
(2280, 30, '164', 'Teocelo', ''),
(2281, 30, '165', 'Tepatlaxco', ''),
(2282, 30, '166', 'Tepetlan', ''),
(2283, 30, '167', 'Tepetzintla', ''),
(2284, 30, '168', 'Tequila', ''),
(2285, 30, '169', 'Jose Azueta', ''),
(2286, 30, '170', 'Texcatepec', ''),
(2287, 30, '171', 'Texhuacan', ''),
(2288, 30, '172', 'Texistepec', ''),
(2289, 30, '173', 'Tezonapa', ''),
(2290, 30, '174', 'Tierra Blanca', ''),
(2291, 30, '175', 'Tihuatlan', ''),
(2292, 30, '176', 'Tlacojalpan', ''),
(2293, 30, '177', 'Tlacolulan', ''),
(2294, 30, '178', 'Tlacotalpan', ''),
(2295, 30, '179', 'Tlacotepec de Mejia', ''),
(2296, 30, '180', 'Tlachichilco', ''),
(2297, 30, '181', 'Tlalixcoyan', ''),
(2298, 30, '182', 'Tlalnelhuayocan', ''),
(2299, 30, '183', 'Tlapacoyan', ''),
(2300, 30, '184', 'Tlaquilpa', ''),
(2301, 30, '185', 'Tlilapan', ''),
(2302, 30, '186', 'Tomatlan', ''),
(2303, 30, '187', 'Tonayan', ''),
(2304, 30, '188', 'Totutla', ''),
(2305, 30, '189', 'Tuxpan', ''),
(2306, 30, '190', 'Tuxtilla', ''),
(2307, 30, '191', 'Ursulo Galvan', ''),
(2308, 30, '192', 'Vega de Alatorre', ''),
(2309, 30, '193', 'Veracruz', ''),
(2310, 30, '194', 'Villa Aldama', ''),
(2311, 30, '195', 'Xoxocotla', ''),
(2312, 30, '196', 'Yanga', ''),
(2313, 30, '197', 'Yecuatla', ''),
(2314, 30, '198', 'Zacualpan', ''),
(2315, 30, '199', 'Zaragoza', ''),
(2316, 30, '200', 'Zentla', ''),
(2317, 30, '201', 'Zongolica', ''),
(2318, 30, '202', 'Zontecomatlan de Lopez y Fuentes', ''),
(2319, 30, '203', 'Zozocolco de Hidalgo', ''),
(2320, 30, '204', 'Agua Dulce', ''),
(2321, 30, '205', 'El Higo', ''),
(2322, 30, '206', 'Nanchital de Lazaro Cardenas del Rio', ''),
(2323, 30, '207', 'Tres Valles', ''),
(2324, 30, '208', 'Carlos A. Carrillo', ''),
(2325, 30, '209', 'Tatahuicapan de Juarez', ''),
(2326, 30, '210', 'Uxpanapa', ''),
(2327, 30, '211', 'San Rafael', ''),
(2328, 30, '212', 'Santiago Sochiapan', ''),
(2329, 31, '001', 'Abala', ''),
(2330, 31, '002', 'Acanceh', ''),
(2331, 31, '003', 'Akil', ''),
(2332, 31, '004', 'Baca', ''),
(2333, 31, '005', 'Bokoba', ''),
(2334, 31, '006', 'Buctzotz', ''),
(2335, 31, '007', 'Cacalchen', ''),
(2336, 31, '008', 'Calotmul', ''),
(2337, 31, '009', 'Cansahcab', ''),
(2338, 31, '010', 'Cantamayec', ''),
(2339, 31, '011', 'Celestun', ''),
(2340, 31, '012', 'Cenotillo', ''),
(2341, 31, '013', 'Conkal', ''),
(2342, 31, '014', 'Cuncunul', ''),
(2343, 31, '015', 'Cuzama', ''),
(2344, 31, '016', 'Chacsinkin', ''),
(2345, 31, '017', 'Chankom', ''),
(2346, 31, '018', 'Chapab', ''),
(2347, 31, '019', 'Chemax', ''),
(2348, 31, '020', 'Chicxulub Pueblo', ''),
(2349, 31, '021', 'Chichimila', ''),
(2350, 31, '022', 'Chikindzonot', ''),
(2351, 31, '023', 'Chochola', ''),
(2352, 31, '024', 'Chumayel', ''),
(2353, 31, '025', 'Dzan', ''),
(2354, 31, '026', 'Dzemul', ''),
(2355, 31, '027', 'Dzidzantun', ''),
(2356, 31, '028', 'Dzilam de Bravo', ''),
(2357, 31, '029', 'Dzilam Gonzalez', ''),
(2358, 31, '030', 'Dzitas', ''),
(2359, 31, '031', 'Dzoncauich', ''),
(2360, 31, '032', 'Espita', ''),
(2361, 31, '033', 'Halacho', ''),
(2362, 31, '034', 'Hocaba', ''),
(2363, 31, '035', 'Hoctun', ''),
(2364, 31, '036', 'Homun', ''),
(2365, 31, '037', 'Huhi', ''),
(2366, 31, '038', 'Hunucma', ''),
(2367, 31, '039', 'Ixil', ''),
(2368, 31, '040', 'Izamal', ''),
(2369, 31, '041', 'Kanasin', ''),
(2370, 31, '042', 'Kantunil', ''),
(2371, 31, '043', 'Kaua', ''),
(2372, 31, '044', 'Kinchil', ''),
(2373, 31, '045', 'Kopoma', ''),
(2374, 31, '046', 'Mama', ''),
(2375, 31, '047', 'Mani', ''),
(2376, 31, '048', 'Maxcanu', ''),
(2377, 31, '049', 'Mayapan', ''),
(2378, 31, '050', 'Merida', ''),
(2379, 31, '051', 'Mococha', ''),
(2380, 31, '052', 'Motul', ''),
(2381, 31, '053', 'Muna', ''),
(2382, 31, '054', 'Muxupip', ''),
(2383, 31, '055', 'Opichen', ''),
(2384, 31, '056', 'Oxkutzcab', ''),
(2385, 31, '057', 'Panaba', ''),
(2386, 31, '058', 'Peto', ''),
(2387, 31, '059', 'Progreso', ''),
(2388, 31, '060', 'Quintana Roo', ''),
(2389, 31, '061', 'Rio Lagartos', ''),
(2390, 31, '062', 'Sacalum', ''),
(2391, 31, '063', 'Samahil', ''),
(2392, 31, '064', 'Sanahcat', ''),
(2393, 31, '065', 'San Felipe', ''),
(2394, 31, '066', 'Santa Elena', ''),
(2395, 31, '067', 'Seye', ''),
(2396, 31, '068', 'Sinanche', ''),
(2397, 31, '069', 'Sotuta', ''),
(2398, 31, '070', 'Sucila', ''),
(2399, 31, '071', 'Sudzal', ''),
(2400, 31, '072', 'Suma', ''),
(2401, 31, '073', 'Tahdziu', ''),
(2402, 31, '074', 'Tahmek', ''),
(2403, 31, '075', 'Teabo', ''),
(2404, 31, '076', 'Tecoh', ''),
(2405, 31, '077', 'Tekal de Venegas', ''),
(2406, 31, '078', 'Tekanto', ''),
(2407, 31, '079', 'Tekax', ''),
(2408, 31, '080', 'Tekit', ''),
(2409, 31, '081', 'Tekom', ''),
(2410, 31, '082', 'Telchac Pueblo', ''),
(2411, 31, '083', 'Telchac Puerto', ''),
(2412, 31, '084', 'Temax', ''),
(2413, 31, '085', 'Temozon', ''),
(2414, 31, '086', 'Tepakan', ''),
(2415, 31, '087', 'Tetiz', ''),
(2416, 31, '088', 'Teya', ''),
(2417, 31, '089', 'Ticul', ''),
(2418, 31, '090', 'Timucuy', ''),
(2419, 31, '091', 'Tinum', ''),
(2420, 31, '092', 'Tixcacalcupul', ''),
(2421, 31, '093', 'Tixkokob', ''),
(2422, 31, '094', 'Tixmehuac', ''),
(2423, 31, '095', 'Tixpehual', ''),
(2424, 31, '096', 'Tizimin', ''),
(2425, 31, '097', 'Tunkas', ''),
(2426, 31, '098', 'Tzucacab', ''),
(2427, 31, '099', 'Uayma', ''),
(2428, 31, '100', 'Ucu', ''),
(2429, 31, '101', 'Uman', ''),
(2430, 31, '102', 'Valladolid', ''),
(2431, 31, '103', 'Xocchel', ''),
(2432, 31, '104', 'Yaxcaba', ''),
(2433, 31, '105', 'Yaxkukul', ''),
(2434, 31, '106', 'Yobain', ''),
(2435, 32, '001', 'Apozol', ''),
(2436, 32, '002', 'Apulco', ''),
(2437, 32, '003', 'Atolinga', ''),
(2438, 32, '004', 'Benito Juarez', ''),
(2439, 32, '005', 'Calera', ''),
(2440, 32, '006', 'Ca¤itas de Felipe Pescador', ''),
(2441, 32, '007', 'Concepcion del Oro', ''),
(2442, 32, '008', 'Cuauhtemoc', ''),
(2443, 32, '009', 'Chalchihuites', ''),
(2444, 32, '010', 'Fresnillo', ''),
(2445, 32, '011', 'Trinidad Garcia de la Cadena', ''),
(2446, 32, '012', 'Genaro Codina', ''),
(2447, 32, '013', 'General Enrique Estrada', ''),
(2448, 32, '014', 'General Francisco R. Murguia', ''),
(2449, 32, '015', 'El Plateado de Joaquin Amaro', ''),
(2450, 32, '016', 'General Panfilo Natera', ''),
(2451, 32, '017', 'Guadalupe', ''),
(2452, 32, '018', 'Huanusco', ''),
(2453, 32, '019', 'Jalpa', ''),
(2454, 32, '020', 'Jerez', ''),
(2455, 32, '021', 'Jimenez del Teul', ''),
(2456, 32, '022', 'Juan Aldama', ''),
(2457, 32, '023', 'Juchipila', ''),
(2458, 32, '024', 'Loreto', ''),
(2459, 32, '025', 'Luis Moya', ''),
(2460, 32, '026', 'Mazapil', ''),
(2461, 32, '027', 'Melchor Ocampo', ''),
(2462, 32, '028', 'Mezquital del Oro', ''),
(2463, 32, '029', 'Miguel Auza', ''),
(2464, 32, '030', 'Momax', ''),
(2465, 32, '031', 'Monte Escobedo', ''),
(2466, 32, '032', 'Morelos', ''),
(2467, 32, '033', 'Moyahua de Estrada', ''),
(2468, 32, '034', 'Nochistlan de Mejia', ''),
(2469, 32, '035', 'Noria de µngeles', ''),
(2470, 32, '036', 'Ojocaliente', ''),
(2471, 32, '037', 'Panuco', ''),
(2472, 32, '038', 'Pinos', ''),
(2473, 32, '039', 'Rio Grande', ''),
(2474, 32, '040', 'Sain Alto', ''),
(2475, 32, '041', 'El Salvador', ''),
(2476, 32, '042', 'Sombrerete', ''),
(2477, 32, '043', 'Susticacan', ''),
(2478, 32, '044', 'Tabasco', ''),
(2479, 32, '045', 'Tepechitlan', ''),
(2480, 32, '046', 'Tepetongo', ''),
(2481, 32, '047', 'Teul de Gonzalez Ortega', ''),
(2482, 32, '048', 'Tlaltenango de Sanchez Roman', ''),
(2483, 32, '049', 'Valparaiso', ''),
(2484, 32, '050', 'Vetagrande', ''),
(2485, 32, '051', 'Villa de Cos', ''),
(2486, 32, '052', 'Villa Garcia', ''),
(2487, 32, '053', 'Villa Gonzalez Ortega', ''),
(2488, 32, '054', 'Villa Hidalgo', ''),
(2489, 32, '055', 'Villanueva', ''),
(2490, 32, '056', 'Zacatecas', ''),
(2491, 32, '057', 'Trancoso', ''),
(2492, 32, '058', 'Santa Maria de la Paz', '');

-- --------------------------------------------------------

--
-- Estructura de tabla para la tabla `tbl_administrador`
--

CREATE TABLE `tbl_administrador` (
  `id_administrador` int(11) NOT NULL,
  `nombre` varchar(100) collate utf8_spanish_ci NOT NULL,
  `telefono` char(10) collate utf8_spanish_ci NOT NULL,
  `correo_electronico` varchar(50) collate utf8_spanish_ci default NULL,
  `activo` enum('S','N') collate utf8_spanish_ci default NULL,
  `fecha_creacion` timestamp NOT NULL default CURRENT_TIMESTAMP,
  `password` varchar(500) collate utf8_spanish_ci NOT NULL,
  PRIMARY KEY  (`id_administrador`)
) ENGINE=InnoDB DEFAULT CHARSET=utf8 COLLATE=utf8_spanish_ci;

--
-- Volcar la base de datos para la tabla `tbl_administrador`
--

INSERT INTO `tbl_administrador` (`id_administrador`, `nombre`, `telefono`, `correo_electronico`, `activo`, `fecha_creacion`, `password`) VALUES
(0, 'Alex', '36451190', 'alejandro@hotmail.com', 'S', '2016-03-16 10:49:13', 'd5c186983b52c4551ee00f72316c6eaa');

-- --------------------------------------------------------

--
-- Estructura de tabla para la tabla `tbl_documentos`
--

CREATE TABLE `tbl_documentos` (
  `id_documento` int(10) unsigned NOT NULL auto_increment,
  `descripcion` timestamp NOT NULL default CURRENT_TIMESTAMP on update CURRENT_TIMESTAMP,
  `tamanio` int(10) unsigned default NULL,
  `tipo` varchar(150) default NULL,
  `nombre_archivo` varchar(255) default NULL,
  PRIMARY KEY  (`id_documento`)
) ENGINE=InnoDB  DEFAULT CHARSET=latin1 AUTO_INCREMENT=12 ;

--
-- Volcar la base de datos para la tabla `tbl_documentos`
--

INSERT INTO `tbl_documentos` (`id_documento`, `descripcion`, `tamanio`, `tipo`, `nombre_archivo`) VALUES
(1, '2016-03-27 22:28:20', 203335, 'image/png', '11857615.png'),
(2, '2016-03-27 22:39:38', 325341, 'image/jpeg', 'cynthia_rodriguez_02.jpg'),
(3, '2016-03-28 09:51:40', 342408, 'image/jpeg', 'alizee_2-normal.jpg'),
(4, '2016-03-28 10:00:40', 113491, 'image/jpeg', '11147155_10153361771298826_589671848853235455_n.jpg'),
(5, '2016-03-28 10:07:33', 63137, 'image/jpeg', '22218_751181158323328_2233412740151607430_n.jpg'),
(6, '2016-03-28 10:15:34', 148206, 'image/jpeg', 'Gohan.jpg'),
(7, '2016-03-29 09:35:54', 297023, 'image/png', '_dbzfnf__goku_ssgss_v2_by_avebellez-d8ybkn1.png'),
(8, '2016-03-29 09:39:05', 376939, 'image/png', 'vegeta_fukkatsu_no_f_ssjgod_ss_by_eymsmiley-d8q81gh.png'),
(9, '2016-03-29 09:40:51', 25049, 'image/jpeg', '1456693_481146308683213_7671688950629078828_n.jpg'),
(10, '2016-03-29 09:43:04', 33719, 'image/jpeg', '1238954_480148085449702_971558256606564196_n.jpg'),
(11, '2016-03-30 11:36:27', 54128, 'image/jpeg', 'naye.jpg');

-- --------------------------------------------------------

--
-- Estructura de tabla para la tabla `tbl_registro`
--

CREATE TABLE `tbl_registro` (
  `id_registro` int(10) unsigned NOT NULL auto_increment,
  `favorito` varchar(30) collate utf8_spanish_ci default NULL,
  `nombre` varchar(50) collate utf8_spanish_ci NOT NULL,
  `apellido_paterno` varchar(50) collate utf8_spanish_ci NOT NULL,
  `apellido_materno` varchar(50) collate utf8_spanish_ci default NULL,
  `fecha_nacimiento` date NOT NULL,
  `id_estado_nacimiento` varchar(30) collate utf8_spanish_ci NOT NULL,
  `curp` char(18) collate utf8_spanish_ci NOT NULL,
  `genero` enum('H','M') collate utf8_spanish_ci default NULL,
  `calle` varchar(50) collate utf8_spanish_ci NOT NULL,
  `numero_exterior` char(10) collate utf8_spanish_ci NOT NULL,
  `numero_interior` char(10) collate utf8_spanish_ci default NULL,
  `colonia` varchar(50) collate utf8_spanish_ci NOT NULL,
  `codigo_Postal` char(5) collate utf8_spanish_ci NOT NULL,
  `id_estado` varchar(30) collate utf8_spanish_ci NOT NULL,
  `id_municipio` varchar(30) collate utf8_spanish_ci NOT NULL,
  `telefono` char(8) collate utf8_spanish_ci default NULL,
  `celular` char(10) collate utf8_spanish_ci default NULL,
  `correo_electronico` varchar(100) collate utf8_spanish_ci default NULL,
  `facebook` varchar(100) collate utf8_spanish_ci default NULL,
  `twitter` varchar(100) collate utf8_spanish_ci default NULL,
  `id_cat_estudios` varchar(30) collate utf8_spanish_ci default NULL,
  `viajar` enum('S','N') collate utf8_spanish_ci default NULL,
  `experiencia_profesional` enum('S','N') collate utf8_spanish_ci default NULL,
  `reubicarme` enum('S','N') collate utf8_spanish_ci default NULL,
  `nombre_empresa` varchar(50) collate utf8_spanish_ci default NULL,
  `cargo_empresa` varchar(50) collate utf8_spanish_ci default NULL,
  `calle_empresa` varchar(50) collate utf8_spanish_ci default NULL,
  `numero_exterior_empresa` char(10) collate utf8_spanish_ci default NULL,
  `numero_interior_empresa` char(10) collate utf8_spanish_ci default NULL,
  `colonia_empresa` varchar(50) collate utf8_spanish_ci default NULL,
  `inicio_empresa` date default NULL,
  `fin_empresa` date default NULL,
  `nombre_empresa2` varchar(50) character set ucs2 collate ucs2_spanish_ci default NULL,
  `cargo_empresa2` varchar(50) collate utf8_spanish_ci default NULL,
  `calle_empresa2` varchar(50) collate utf8_spanish_ci default NULL,
  `numero_exterior_empresa2` char(10) collate utf8_spanish_ci default NULL,
  `numero_interior_empresa2` char(10) character set ucs2 collate ucs2_spanish_ci default NULL,
  `colonia_empresa2` varchar(50) collate utf8_spanish_ci default NULL,
  `inicio_empresa2` date default NULL,
  `fin_empresa2` date default NULL,
  `nombre_empresa3` varchar(50) collate utf8_spanish_ci default NULL,
  `cargo_empresa3` varchar(50) collate utf8_spanish_ci default NULL,
  `calle_empresa3` varchar(50) collate utf8_spanish_ci default NULL,
  `numero_exterior_empresa3` char(10) collate utf8_spanish_ci default NULL,
  `numero_interior_empresa3` char(10) collate utf8_spanish_ci default NULL,
  `colonia_empresa3` varchar(50) collate utf8_spanish_ci default NULL,
  `inicio_empresa3` date default NULL,
  `fin_empresa3` date default NULL,
  `trabajo_actual` enum('S','N') collate utf8_spanish_ci default NULL,
  `responsabilidad_empresa` varchar(50) collate utf8_spanish_ci default NULL,
  `area_interes` varchar(50) collate utf8_spanish_ci default NULL,
  `activo` enum('S','N') collate utf8_spanish_ci default NULL,
  `estudias` enum('S','N') collate utf8_spanish_ci default NULL,
  `nombre_insti` varchar(30) collate utf8_spanish_ci default NULL,
  `turno_insti` enum('M','V','N') collate utf8_spanish_ci default NULL,
  `fecha_creacion` timestamp NOT NULL default CURRENT_TIMESTAMP,
  PRIMARY KEY  (`id_registro`)
) ENGINE=InnoDB  DEFAULT CHARSET=utf8 COLLATE=utf8_spanish_ci AUTO_INCREMENT=12 ;

--
-- Volcar la base de datos para la tabla `tbl_registro`
--

INSERT INTO `tbl_registro` (`id_registro`, `favorito`, `nombre`, `apellido_paterno`, `apellido_materno`, `fecha_nacimiento`, `id_estado_nacimiento`, `curp`, `genero`, `calle`, `numero_exterior`, `numero_interior`, `colonia`, `codigo_Postal`, `id_estado`, `id_municipio`, `telefono`, `celular`, `correo_electronico`, `facebook`, `twitter`, `id_cat_estudios`, `viajar`, `experiencia_profesional`, `reubicarme`, `nombre_empresa`, `cargo_empresa`, `calle_empresa`, `numero_exterior_empresa`, `numero_interior_empresa`, `colonia_empresa`, `inicio_empresa`, `fin_empresa`, `nombre_empresa2`, `cargo_empresa2`, `calle_empresa2`, `numero_exterior_empresa2`, `numero_interior_empresa2`, `colonia_empresa2`, `inicio_empresa2`, `fin_empresa2`, `nombre_empresa3`, `cargo_empresa3`, `calle_empresa3`, `numero_exterior_empresa3`, `numero_interior_empresa3`, `colonia_empresa3`, `inicio_empresa3`, `fin_empresa3`, `trabajo_actual`, `responsabilidad_empresa`, `area_interes`, `activo`, `estudias`, `nombre_insti`, `turno_insti`, `fecha_creacion`) VALUES
(1, 'N', 'Alejandro', 'Navarro', 'Perez', '1992-04-18', 'Jalisco', 'NAPA3TE563J3345592', 'H', 'GOMERA', '32', '3000', 'SAUZ', '32424', '14', 'Guadalajara', '36451190', '0443345119', 'alejandro_futbol90@hotmail.com', 'Alex Navarro', '@alex_navarro', 'Universidad', 'S', 'S', 'S', 'indatcom', 'programador', '6 de diciembre', '323', '32323', 'indat', '2016-03-01', '2016-03-30', 'dsd', 'dsdd', 'dsds', '23232', '323232', 'sasad', '2016-03-17', '2016-03-21', 'sas', 'sasa', 'sasasas', '32323', '3232', 'sas', '2016-03-14', '2016-03-28', 'S', 'en indatcom', 'programador web', 'N', 'S', 'UTJ', 'M', '2016-03-27 22:28:06'),
(2, 'N', 'ss', 'ss', 'sss', '2016-03-07', 'Guanajuato', 'dsdse3e23e23232323', 'M', 'sas', '323', '323', 'asas', '32323', '5', 'Juarez', '32232', '3232323', 'dsdsdsd@hotmail.com', 'adad', 'dadada', '', 'N', 'N', 'N', '', '', '', '', '', '', '0000-00-00', '0000-00-00', '', '', '', '', '', '', '0000-00-00', '0000-00-00', '', '', '', '', '', '', '0000-00-00', '0000-00-00', 'N', '', 'wewewe', 'N', 'N', '', NULL, '2016-03-27 22:39:24'),
(3, 'N', 'Luichi', 'Ramon', 'Valencia', '2013-07-11', 'Jalisco', 'LUICHI3HJHD46VBGV2', 'H', 'luichi', '32332', '3232323', 'vegeta', '32323', '14', 'San Marcos', '33456678', '0443436578', 'luichi@hotmail.com', 'Luichi Valencia', '@luichi_valencia', 'Universidad', 'S', 'N', 'S', '', '', '', '', '', '', '0000-00-00', '0000-00-00', '', '', '', '', '', '', '0000-00-00', '0000-00-00', '', '', '', '', '', '', '0000-00-00', '0000-00-00', 'S', 'checador de sistemas en walmar', 'checador de sistemas', 'S', 'S', 'UTJ', 'N', '2016-03-28 09:51:26'),
(4, 'N', 's', 's', 's', '2016-03-14', 'Aguascalientes', 'swd', 'M', 's', '2', '2', 's', '2', '14', 'Ahualulco de Mercado', '2', '2', 's@hotmail.com', 's', 's', 'Bachillerato', 'N', 'S', 'N', 'w', 'w', 'w', 'w', '2', '2', '2016-03-07', '2016-03-07', 'sa', 'sa', 'sa', '21', '212', 'as', '2016-03-07', '2016-03-02', NULL, NULL, NULL, NULL, NULL, NULL, NULL, NULL, 'N', '', 's', 'S', 'S', 'ss', 'V', '2016-03-28 10:00:32'),
(5, 'N', 'NOMBRE', 'APELLIDO', 'APELLIDO M', '2016-03-08', 'Morelos', 'CURP', 'H', 'CALLE', 'NUMERO EXT', 'NUMERO INT', 'COLONIA', '23232', '8', 'Camargo', '3232323', '3232323', 'dsdsds@hotmail.com', 'Alex Navarr', 'dsdsdsds', 'Primaria', 'N', 'S', 'S', 'NOMBRE 1', 'PUESTO 2', 'CALLE 1', 'NUMERO EXT', 'NUMERO INT', 'COLONIA 1', '2016-03-09', '2016-03-02', 'NOMBRE 2', 'PUESTO 2', 'CALLE 2', 'NUMERO EXT', 'NUMERO INT', 'COLONIA 2', '2016-03-11', '2016-03-01', 'NOMBRE 3', 'PUESTO 3', 'CALLE 3', 'NUMERO EXT', 'NUMERO INT', 'COLONIA 3', '2016-03-02', '2016-03-24', 'N', '', 'INTENDENTE', 'S', 'N', '', NULL, '2016-03-28 10:07:23'),
(6, 'N', 'sassas', 'sasa', 'sasa', '2016-03-04', 'Hidalgo', 'NAPA3232323233', 'H', 'DSD', '3', '3', 'DSD', '32323', '15', 'Amecameca', '23332', '32323', 'DSDSD@HOTMAIL.COM', 'DSDS', 'DSDSD', 'Secundaria', 'N', 'N', 'N', '', '', '', '', '', '', '0000-00-00', '0000-00-00', '', '', '', '', '', '', '0000-00-00', '0000-00-00', '', '', '', '', '', '', '0000-00-00', '0000-00-00', 'N', '', 'WQWW', 'S', 'S', 'SASASA', 'M', '2016-03-28 10:15:19'),
(7, 'N', 's', 's', 's', '2016-03-24', 'Guanajuato', 's', 'H', 'aq', '2', '2', 's', 'sasa', '13', 'Acatlan', '3', '3', 'sss@hotmail.com', 'dsdsdsd', 'sdsdsds', 'Educación Especial', 'N', 'N', 'N', '', '', '', '', '', '', '0000-00-00', '0000-00-00', '', '', '', '', '', '', '0000-00-00', '0000-00-00', '', '', '', '', '', '', '0000-00-00', '0000-00-00', 'N', '', 's', 'S', 'N', '', NULL, '2016-03-29 09:35:37'),
(8, 'N', 'e', 'e', 'e', '2016-03-01', 'Morelos', 'dddddd', 'H', 'd', '3', '3', 's', '3', '3', 'Comondu', '3', '3', 'sddd@hotmail.com', 'd', 'd', 'Bachillerato', 'N', 'N', 'N', '', '', '', '', '', '', '0000-00-00', '0000-00-00', '', '', '', '', '', '', '0000-00-00', '0000-00-00', '', '', '', '', '', '', '0000-00-00', '0000-00-00', 'N', '', 'd', 'S', 'N', '', NULL, '2016-03-29 09:37:07'),
(9, 'N', 'e', 'e', 'e', '2016-03-01', 'Michoacan', 'ddsdsdsds', 'H', 'd', '33', '33', 'dddd', '333', '10', 'Canatlan', '33', '33', 'ddd@hotmail.com', 'eee', 'eee', 'Universidad', 'S', 'N', 'N', '', '', '', '', '', '', '0000-00-00', '0000-00-00', '', '', '', '', '', '', '0000-00-00', '0000-00-00', '', '', '', '', '', '', '0000-00-00', '0000-00-00', 'N', '', 'd', 'S', 'N', '', NULL, '2016-03-29 09:40:38'),
(10, 'N', 'd', 'd', 'd', '2016-03-01', 'Distrito Federal', 's', 'M', 'dd', '333', '333', 'ddd', '333', '5', 'Abasolo', '333', '333', 'sss@hotmail.com', 'dddd', 'ddddd', 'Educación Especial', 'S', 'S', 'S', 'd', 'd', 'd', '3', '3', 'dd', '2016-03-10', '2016-03-15', 'ss', 'ss', 'ss', '323', '323', 'ss', '2016-03-01', '2016-02-29', NULL, NULL, NULL, NULL, NULL, NULL, NULL, NULL, 'S', 'wwww', 'ddddd', 'S', 'S', 'ssss', 'M', '2016-03-29 09:42:56'),
(11, 'n', 'Anthony', 'del rio', 'camacho', '2016-03-07', 'Baja California', 'DELRIO343434434343', 'H', 'calle del rio', '234323', '32323', 'colonia del rio', '32323', '3', 'Comondu', '32333223', '2332332', 'delrio@hotmail.com', 'Anthony del rio', '@del_rio', 'Primaria', 'N', 'S', 'N', 'empresa del rio ', 'nombre del rio', 'calle del rio ', '33', '3333', 'colonia del rio ', '2016-03-01', '2016-03-17', NULL, NULL, NULL, NULL, NULL, NULL, NULL, NULL, NULL, NULL, NULL, NULL, NULL, NULL, NULL, NULL, 'S', 'walmak', 'interes del rio', 'S', 'S', 'UTJ', 'V', '2016-03-30 11:36:05');
